Protocolo,,data,hora,natureza_acidente,situacao,bairro,endereco,numero,detalhe_endereco_acidente,complemento,bairro_cruzamento,num_semaforo,sentido_via,tipo,auto,moto,ciclom,ciclista,pedestre,onibus,caminhao,viatura,outros,vitimas,vitimasfatais,acidente_verificado,tempo_clima,situacao_semaforo,sinalizacao,condicao_via,conservacao_via,ponto_controle,situacao_placa,velocidade_max_via,mao_direcao,divisao_via1,divisao_via2,divisao_via3,,,,,,,,,,,,,
202201278,0,2022-01-19,,COM VÍTIMA,CANCELADA,BAIRRO DO RECIFE,PTE BUARQUE DE MACEDO,,,PROX AO MARCO ZERO,BAIRRO DO RECIFE,,,COLISÃO LATERAL,1,0,0,0,0,0,0,0,0,0,0,0,1,0,0,0,0,0,1,0,0,0,,,,,,,,,,,,,,,
202201286,0,2022-01-19,,COM VÍTIMA,CANCELADA,CASA FORTE,EST DAS UBAIAS,670,0,,PRÓX A PRC DE CASA FORTE,CASA FORTE,,,COLISÃO LATERAL,0,0,0,0,0,0,0,0,0,0,0,0,0,0,0,0,0,0,1,0,0,0,,,,,,,,,,,,,,
202201307,0,2022-01-20,,COM VÍTIMA,FINALIZADA,IPSEP,AV RECIFE,2330,0,,PRÓX À CASA DAS BATERIAS,IPSEP,16,0,BOA VIAGEM,ATROPELAMENTO DE PESSOA,0,0,1,0,0,0,0,0,1,0,0,0,0,0,0,0,0,0,1,0,0,0,Longo da via,Bom,Sem defeito,Perfeito estado,Seca,Perfeito estado,Agente,,,,,,
202201333,0,2022-01-20,,SEM VÍTIMA,FINALIZADA,BOA VISTA,RUA PRINCESA IZABEL,,RUA DA SAUDADE,CHOQUE DE CAMINHÃO COM POSTE SEMAFÓRICO NO CRUZAMENTO DAS RUA PRINCESA IZABEL COM RUA DA SAUDADE. JUNTO DA SDS.  PLACA DO VEÍCULO NÃO FOI INFORMADO ( VEÍCULO EVADIU-SE ).,BOA VISTA,168,0,CIDADE,CHOQUE,0,0,0,0,0,0,0,0,0,0,0,0,1,0,0,0,0,0,0,0,0,0,,,,,,,,,,,,,,
202201343,0,2022-01-20,,COM VÍTIMA,FINALIZADA,SANTO ANTÔNIO,PRC DA REPUBLICA,,,AO LADO DO TEATRO SANTA ISABEL,SANTO ANTÔNIO,,SUBURBIO,CHOQUE,1,0,1,0,0,0,0,0,0,0,0,0,0,0,0,0,0,0,1,0,0,0,Longo da via,Bom,Não existe,Perfeito estado,Seca,Perfeito estado,Não existe,Outras,,Única,Não existe,,,,
202201347,0,2022-01-20,,COM VÍTIMA,CANCELADA,GRAÇAS,AV RUI BARBOSA,412,0,,E/F A CASA DOS FRIOS E CAPELA,GRAÇAS,,,COLISÃO LATERAL,0,0,0,0,0,0,0,0,0,0,0,0,0,0,0,0,0,0,1,0,0,0,,,,,,,,,,,,,,
202201349,0,2022-01-20,,COM VÍTIMA,FINALIZADA,TORRE,AV BEIRA RIO,,RUA CONDE DE IRAJA,PONTE DA TORRE,TORRE,630,0,,COLISÃO TRANSVERSAL,1,0,1,0,0,0,0,0,0,0,0,0,0,0,0,0,0,0,2,0,0,0,Cruzamento,Bom,Sem defeito,Perfeito estado,Seca,Perfeito estado,Faixa de pedestre,,,Dupla,Faixa contínua,,,
202201382,0,2022-01-21,,SEM VÍTIMA,FINALIZADA,PAISSANDU,AV GOVERNADOR AGAMENON MAGALHAES,,,INICIO DA PONTE JOSE BARROS LIMA,PAISSANDU,,,CHOQUE,1,0,0,0,0,0,0,0,0,0,0,0,0,0,0,0,0,0,0,0,0,0,,,,,,,,,,,,,,,
202201393,0,2022-01-21,,COM VÍTIMA,FINALIZADA,BOA VIAGEM,RUA VISCONDE DE JEQUITINHONHA,,RUA BALTAZAR PASSOS,NO SEMÁFORO 154,BOA VIAGEM,154,0,SUBURBIO,COLISÃO LATERAL,1,0,1,0,0,0,0,0,0,0,0,0,0,0,0,0,0,0,1,0,0,0,Cruzamento,Bom,Sem defeito,Perfeito estado,Seca,Perfeito estado,Faixa de retenção,Placas Pare,40 km/h,Única,Faixa contínua,Faixa seccionada,,
202201396,0,2022-01-21,,SEM VÍTIMA,FINALIZADA,PINA,AVENIDA CELSO FURTADO (VIA MANGUE),,,PROX AO AEROCLUBE,  ANTIGA SEDE DO GTO,PINA,,SUBURBIO,COLISÃO LATERAL,0,0,0,0,0,0,0,0,0,0,0,0,0,0,0,0,0,0,0,0,0,0,,,,,,,,,,,,,,
202201412,0,2022-01-21,,COM VÍTIMA,CANCELADA,VASCO DA GAMA,RUA VASCO DA GAMA,27,0,,E/F A TET BEBIDAS E CORREGO DO BOTIJÃO,VASCO DA GAMA,,,COLISÃO LATERAL,0,0,0,0,0,0,0,0,0,0,0,0,0,0,0,0,0,0,1,0,0,0,,,,,,,,,,,,,,
202201437,0,2022-01-22,,COM VÍTIMA,CANCELADA,AFOGADOS,RUA SAO MIGUEL,,,ACIDENTE COM VÍTIMA - REF. EM FRENTE AO BODE DO NÓ,AFOGADOS,,,COLISÃO FRONTAL,1,0,1,0,0,0,0,0,0,0,0,0,0,0,0,0,0,0,1,0,0,0,,,,,,,,,,,,,,,
202201455,0,2022-01-22,,COM VÍTIMA,FINALIZADA,DERBY,AV GOVERNADOR AGAMENON MAGALHAES,222,0,,AO LADO APOSTO AO EDIFICIO DA CAIXA ECONOMICA FEDERAL - SENTIDO BOA VIAGEM,DERBY,,SUBURBIO,ATROPELAMENTO DE PESSOA,1,0,0,0,0,0,0,0,1,0,0,0,0,0,0,0,0,0,1,0,0,0,Longo da via,Bom,Não existe,Perfeito estado,Seca,Perfeito estado,Outros,Outras,,,Faixa seccionada,,,
202201456,0,2022-01-22,,COM VÍTIMA,FINALIZADA,BOA VIAGEM,RUA FRANCISCO DA CUNHA,392,0,RUA PROFESSOR JOSE BRANDAO,EM FRENTE AO EMPRESARIAL MASTER,BOA VIAGEM,,CIDADE,COLISÃO TRANSVERSAL,2,0,0,0,0,0,0,0,0,0,0,0,0,0,0,0,0,0,1,0,0,0,Cruzamento,Bom,Não existe,Perfeito estado,Seca,Perfeito estado,Faixa de retenção,Placas Pare,,Única,Não existe,,,
202201457,0,2022-01-22,,SEM VÍTIMA,CANCELADA,COHAB,RUA TERRA BRANCA,258,0,RUA IBIRATINGA,IGREJA BATISTA VALE,COHAB,,,COLISÃO TRASEIRA,1,0,0,0,0,0,0,0,0,0,0,0,1,0,0,0,0,0,0,0,0,0,,,,,,,,,,,,,,
202201461,0,2022-01-22,,COM VÍTIMA,CANCELADA,IPUTINGA,RUA BALTAZAR DA SILVA LISBOA,106,0,,PRÓX AO CONDOMÍNIO IPUTINGA,IPUTINGA,,,ATROPELAMENTO DE PESSOA,0,0,1,0,0,0,0,0,1,0,0,0,0,0,0,0,0,0,1,0,0,0,,,,,,,,,,,,,,
202201468,0,2022-01-22,,COM VÍTIMA,FINALIZADA,TORRE,RUA DOM MANOEL DA COSTA,64,0,RUA BELARMINO CARNEIRO,ACIDENTE COM VITIMA  ENTRE CARRO E MOTO,TORRE,,CIDADE,COLISÃO LATERAL,1,0,1,0,0,0,0,0,0,0,0,0,0,0,0,0,0,0,1,0,0,0,Longo da via,Bom,Não existe,Incompleta,Seca,Mal conservada,Não existe,,,Única,Faixa seccionada,,,
202201475,0,2022-01-23,,COM VÍTIMA,FINALIZADA,TORRE,RUA TOMAZ GONZAGA,,AV PROFESSOR ESTEVAO FRANCISCO DA COSTA,RUA DO CANAL,TORRE,280,0,,COLISÃO TRANSVERSAL,1,0,1,0,0,0,0,0,0,0,0,0,0,0,0,0,0,0,2,0,0,0,Cruzamento,Bom,Desligado,Perfeito estado,Seca,Perfeito estado,Faixa de pedestre,Não há placas,,Única,Faixa contínua,,,
202201486,0,2022-01-23,,COM VÍTIMA,FINALIZADA,DERBY,AV GOVERNADOR AGAMENON MAGALHAES,,RUA HENRIQUE DIAS,PROX A ESTACAO DE ESGOTOS,DERBY,68,0,OLINDA,COLISÃO LATERAL,0,0,2,0,0,0,0,0,0,0,0,0,0,0,0,0,0,0,1,0,0,0,Cruzamento,Bom,Sem defeito,Perfeito estado,Seca,Perfeito estado,Faixa de pedestre,,,Única,Faixa contínua,,,
202201496,0,2022-01-23,,COM VÍTIMA,FINALIZADA,PINA,PTE GOVERNADOR PAULO GUERRA,,,PROX AO ENTRADA DO SHOPPING RIOMAR   E/T BOA VIAGEM,PINA,,SUBURBIO,COLISÃO FRONTAL,1,0,1,0,0,0,0,0,0,0,0,0,0,0,0,0,0,0,1,0,0,0,Longo da via,Bom,Não existe,Perfeito estado,Seca,Perfeito estado,Não existe,Não há placas,60 km/h,Única,Faixa seccionada,,,,
202201504,0,2022-01-23,,COM VÍTIMA,FINALIZADA,BOA VIAGEM,RUA VISCONDE DE JEQUITINHONHA,1400,0,,POR TRAS DO PARQUE DONA LINDU BEIRA CANAL S/T PIEDADE,BOA VIAGEM,,SUBURBIO,ENGAVETAMENTO,3,0,0,0,0,0,0,0,0,0,0,0,0,0,0,0,0,0,3,0,0,0,Longo da via,Bom,Não existe,Perfeito estado,Seca,Perfeito estado,Faixa de retenção,Não há placas,,Única,Faixa seccionada,Outros,,
202201508,0,2022-01-23,,COM VÍTIMA,FINALIZADA,CAMPO GRANDE,RUA JERONIMO VILELA,477,0,RUA DR MACHADO,E/F AO BAR ESQUENTA,CAMPO GRANDE,565,0,SUBURBIO,COLISÃO COM CICLISTA,0,0,1,0,0,0,2,0,0,0,0,0,0,0,0,0,0,0,1,0,0,0,Cruzamento,Bom,Sem defeito,Perfeito estado,Seca,Perfeito estado,Faixa de pedestre,R-28,,Dupla,Faixa seccionada,,
202201516,0,2022-01-23,,COM VÍTIMA,CANCELADA,ESPINHEIRO,RUA DO FUTURO,,RUA PADRE ROMA,E/F AO HOSPITAL ALBERT SABIN,ESPINHEIRO,,,COLISÃO LATERAL,1,0,1,0,0,0,0,0,0,0,0,0,0,0,0,0,0,0,1,0,0,0,,,,,,,,,,,,,,,
202201520,0,2022-01-23,,SEM VÍTIMA,CANCELADA,BOA VIAGEM,RUA PEDRO BERGAMO,109,0,,BOATE VITRINE,BOA VIAGEM,,,COLISÃO TRANSVERSAL,0,0,0,0,0,0,0,0,0,0,0,0,0,0,0,0,0,0,0,0,0,0,,,,,,,,,,,,,,
202201521,0,2022-01-24,,SEM VÍTIMA,CANCELADA,NOVA DESCOBERTA,RUA BUJARU,55,0,,ENTRADA DO LARGO DONA REGINA - E/F A CASA DO QUEIJO,NOVA DESCOBERTA,,,COLISÃO TRANSVERSAL,2,0,0,0,0,0,0,0,0,0,0,0,0,0,0,0,0,0,0,0,0,0,,,,,,,,,,,,,,
202201530,0,2022-01-24,,COM VÍTIMA,FINALIZADA,APIPUCOS,RUA DE APIPUCOS,1230,0,RUA CAETES,EM FRENTE AO DECIMO PRIMEIRO BATALHÃO,APIPUCOS,248,0,SUBURBIO,COLISÃO TRANSVERSAL,1,0,1,0,0,0,0,0,0,0,0,0,0,0,0,0,0,0,1,0,0,0,Cruzamento,Chuvoso,Sem defeito,Perfeito estado,Molhada,Perfeito estado,Faixa de pedestre,R-6a,,Dupla,Faixa contínua,,
202201536,0,2022-01-24,,COM VÍTIMA,FINALIZADA,BOA VIAGEM,AV BOA VIAGEM,6274,0,,50 METROS ANTES DO DONA LINDU,BOA VIAGEM,,CIDADE,COLISÃO LATERAL,1,0,1,0,0,0,0,0,0,0,0,0,0,0,0,0,0,0,1,0,0,0,Longo da via,Bom,Não existe,Perfeito estado,Seca,Perfeito estado,Não existe,Outras,,Única,Faixa contínua,,,
202201547,0,2022-01-24,,COM VÍTIMA,FINALIZADA,ESPINHEIRO,RUA CONS PORTELA,665,0,RUA CARNEIRO VILELA,ACIDENTE COM VÍTIMA NA FRENTE DA GALERIA CONS. PORTELA. MOTO E AUTO COM 2 VÍTIMAS,ESPINHEIRO,,CIDADE,COLISÃO LATERAL,1,0,1,0,0,0,0,0,0,0,0,0,0,0,0,0,0,0,1,0,0,0,Longo da via,Bom,Não existe,Perfeito estado,Seca,Perfeito estado,,R-6c,,Única,Faixa seccionada,,,
202201550,0,2022-01-24,,COM VÍTIMA,FINALIZADA,BOA VIAGEM,RUA SETUBAL,,RUA DR VICENTE GOMES,,BOA VIAGEM,60,0,CIDADE,COLISÃO TRANSVERSAL,2,0,0,0,0,0,0,0,0,0,0,0,0,0,0,0,0,0,2,0,0,0,Cruzamento,Bom,Sem defeito,Perfeito estado,Seca,Perfeito estado,Faixa de pedestre,R-4b,,Única,Não existe,,,
202201557,0,2022-01-24,,COM VÍTIMA,FINALIZADA,AFLITOS,RUA MANUEL DE CARVALHO,1328,0,,PROX AO CHINA 48, VEÍCULO TUCSON ATROPELOU UM PEDESTRE,,AFLITOS,,SUBURBIO,ATROPELAMENTO DE PESSOA,1,0,0,0,0,0,0,0,1,0,0,0,0,0,0,0,0,0,1,0,0,0,Longo da via,Bom,Não existe,Perfeito estado,Seca,Perfeito estado,Outros,Outras,,,,
202201570,0,2022-01-24,,SEM VÍTIMA,FINALIZADA,DERBY,AV GOVERNADOR AGAMENON MAGALHAES,,PRC DO DERBY,SOB O SEMÁFORO 075,DERBY,75,0,,,1,0,1,0,0,0,0,0,0,0,0,0,0,0,0,0,0,0,0,0,0,0,Cruzamento,Bom,Sem defeito,Perfeito estado,Seca,Perfeito estado,Agente,Outras,60 km/h,Dupla,Canteiro central,Canal,,
202201571,0,2022-01-24,,COM VÍTIMA,FINALIZADA,IPSEP,AV RECIFE,,RUA SAO NICOLAU,COLISÃO ENTRE TRES VEICULOS: VIATURA DA PM/PE - MOTO -  VEICULO USV.,IPSEP,16,0,CIDADE,COLISÃO TRANSVERSAL,1,0,1,0,0,0,0,0,0,0,0,0,0,0,0,0,0,0,1,0,0,0,,,,,,,,,,,,,,
202201573,0,2022-01-24,,COM VÍTIMA,FINALIZADA,IMBIRIBEIRA,AV MARECHAL MASCARENHAS DE MORAES,,,EM BAIXO DO VIADUTO TANCREDO NEVES/ SENTIDO AEROPORTO,IMBIRIBEIRA,,SUBURBIO,COLISÃO LATERAL,0,0,1,0,0,0,0,0,0,0,0,0,0,0,0,0,0,0,1,0,0,0,Longo da via,Bom,Não existe,Não existente,Seca,Perfeito estado,Não existe,Não há placas,60 km/h,Dupla,Faixa seccionada,Canteiro central,,,
202201577,0,2022-01-24,,COM VÍTIMA,FINALIZADA,CASA FORTE,RUA AGRESTINA,201,0,RUA AMARAJI,ESQUINA DA ESCOLA RAÍZES,CASA FORTE,,CIDADE,COLISÃO LATERAL,1,0,1,0,0,0,0,0,0,0,0,0,0,0,0,0,0,0,1,0,0,0,Cruzamento,Bom,Não existe,Perfeito estado,Seca,Perfeito estado,,Placas Pare,30 km/h,Dupla,Não existe,,,
202201583,0,2022-01-24,,COM VÍTIMA,FINALIZADA,CASA FORTE,RUA LEONARDO BEZERRA CAVALCANTE,790,0,RUA NESTOR SILVA,PERTO DO SHOPPING PLAZA E BIG BOMPREÇO,CASA FORTE,585,0,CIDADE,COLISÃO TRANSVERSAL,2,0,0,0,0,0,0,0,0,0,0,0,0,0,0,0,0,0,1,0,0,0,Cruzamento,Bom,Sem defeito,Perfeito estado,Seca,Perfeito estado,Faixa de pedestre,Não há placas,60 km/h,Única,Faixa seccionada,,
202201587,0,2022-01-25,,COM VÍTIMA,FINALIZADA,NOVA DESCOBERTA,AV VEREADOR OTACILIO AZEVEDO,2332,0,RUA DR ANTONIO DA ROSA BORGES,EM FRENE AO MECADO PUBLICO DE NOVA DESCOBERTA / FAIXA DA DIREITA,NOVA DESCOBERTA,,SUBURBIO,COLISÃO COM CICLISTA,1,0,0,0,0,0,1,0,0,0,0,0,0,0,0,0,0,0,1,0,0,0,Esquina,Bom,Não existe,Perfeito estado,Seca,Perfeito estado,,R-6a,,Dupla,Não existe,,,
202201597,0,2022-01-25,,COM VÍTIMA,CANCELADA,CAXANGÁ,AV JOAQUIM RIBEIRO,,,EM CIMA DO VIADUTO // SENTIDO CIDADE // APÓS O SEMÁFORO 281,CAXANGÁ,,,COLISÃO LATERAL,1,0,1,0,0,0,0,0,0,0,0,0,0,0,0,0,0,0,1,0,0,0,,,,,,,,,,,,,,,
202201611,0,2022-01-25,,COM VÍTIMA,FINALIZADA,CASA AMARELA,RUA PADRE LEMOS,391,0,,EM FRENTE A CASA PIO,CASA AMARELA,,CIDADE,ATROPELAMENTO DE PESSOA,1,0,0,0,0,0,0,0,1,0,0,0,0,0,0,0,0,0,1,0,0,0,Longo da via,Bom,Não existe,Perfeito estado,Seca,Perfeito estado,Faixa de pedestre,R-6a,30 km/h,,Não existe,,,
202201615,0,2022-01-25,,COM VÍTIMA,FINALIZADA,ROSARINHO,RUA DR JOSE MARIA,911,0,,AO LADO DO RESTAURANTE PORTAL DA PICANHA,ROSARINHO,,,COLISÃO LATERAL,1,0,1,0,0,0,0,0,0,0,0,0,0,0,0,0,0,0,1,0,0,0,,,,,,,,,,,,,,
202201618,0,2022-01-25,,COM VÍTIMA,FINALIZADA,BOA VIAGEM,AV BOA VIAGEM,5090,0,,E/F AO EDIFICIO LULA CARDOSO AYRES,BOA VIAGEM,483,0,CIDADE,COLISÃO TRASEIRA,1,0,1,0,0,0,0,0,0,0,0,0,0,0,0,0,0,0,1,0,0,0,Longo da via,Bom,Sem defeito,Perfeito estado,Seca,Perfeito estado,Faixa de retenção,Não há placas,,Única,Faixa contínua,,
202201621,0,2022-01-25,,COM VÍTIMA,CANCELADA,CORDEIRO,RUA GOMES TABORDA,,AV GENERAL SAN MARTIN,PRÓX.  AO ATACAREJO IDEAL,CORDEIRO,,,COLISÃO FRONTAL,1,0,1,0,0,0,0,0,0,0,0,0,0,0,0,0,0,0,1,0,0,0,,,,,,,,,,,,,,,
202201622,0,2022-01-25,,SEM VÍTIMA,FINALIZADA,VÁRZEA,RUA GASTAO VIDIGAL,26,0,,PRÓXIMO A UPA DA CAXANGÁ,VÁRZEA,281,0,CIDADE,COLISÃO TRANSVERSAL,1,0,0,0,0,0,0,0,0,0,0,0,0,0,1,0,0,0,0,0,0,0,Longo da via,Bom,Sem defeito,Perfeito estado,Seca,Perfeito estado,,Não há placas,,Dupla,Faixa seccionada,,
202201624,0,2022-01-25,,COM VÍTIMA,FINALIZADA,CASA AMARELA,AV NORTE MIGUEL ARRAES DE ALENCAR,5121,0,RUA BELA VISTA,E/F AO REI DA PICANHA S/T CID,CASA AMARELA,677,0,CIDADE,COLISÃO TRASEIRA,1,0,0,0,0,0,0,0,0,0,1,0,0,0,0,0,0,0,1,0,0,0,Cruzamento,Bom,Sem defeito,Perfeito estado,Seca,Perfeito estado,Faixa de pedestre,R-6a,,Dupla,Faixa seccionada,Canteiro central,
202201627,0,2022-01-25,,COM VÍTIMA,FINALIZADA,PRADO,RUA CARLOS GOMES,153,0,RUA RICARDO SALAZAR,NO SEMFORO 623,PRADO,623,0,CIDADE,QUEDA,0,0,1,0,0,0,0,0,0,0,0,0,0,0,0,0,0,0,1,0,0,0,Longo da via,Bom,Sem defeito,Perfeito estado,Oleosa,Perfeito estado,Faixa de pedestre,Placas Pare,,Dupla,Faixa contínua,,
202201635,0,2022-01-25,,COM VÍTIMA,CANCELADA,BOA VIAGEM,RUA DR GASPAR REGUEIRA COSTA,57,0,RUA DOM JOSE LOPES,EM FRENTE AO SAN BOTEQUIM,BOA VIAGEM,,,COLISÃO LATERAL,1,0,1,0,0,0,0,0,0,0,0,0,0,0,0,0,0,0,1,0,0,0,,,,,,,,,,,,,,
202201638,0,2022-01-25,,COM VÍTIMA,FINALIZADA,CASA AMARELA,AV NORTE MIGUEL ARRAES DE ALENCAR,4413,0,,E/F AO SESC DE CASA AMARELA  S/T CID,CASA AMARELA,364,0,CIDADE,COLISÃO LATERAL,1,0,0,0,0,0,0,0,0,0,1,0,0,0,0,0,0,0,1,0,0,0,Longo da via,Bom,Sem defeito,Perfeito estado,Seca,Perfeito estado,,Outras,60 km/h,Dupla,Faixa seccionada,,
202201655,0,2022-01-25,,SEM VÍTIMA,FINALIZADA,TAMARINEIRA,RUA JUNDIA,275,0,,PRÓX AO HOME CENTER FERREIRA COSTA,TAMARINEIRA,,,CHOQUE,0,0,0,0,0,0,0,0,0,0,0,0,0,0,0,0,0,0,0,0,0,0,,,,,,,,,,,,,,
202201659,0,2022-01-25,,COM VÍTIMA,FINALIZADA,ENCRUZILHADA,AV BEBERIBE,600,0,RUA DR EDUARDO WANDERLEY,E/F À LOJA FERREIRA PINTO,ENCRUZILHADA,480,0,,COLISÃO LATERAL,1,0,1,0,0,0,0,0,0,0,0,0,0,0,0,0,0,0,1,0,0,0,Esquina,Bom,Sem defeito,Perfeito estado,Seca,Perfeito estado,Faixa de pedestre,Outras,,Dupla,Faixa seccionada,,
202201662,0,2022-01-26,,SEM VÍTIMA,FINALIZADA,PINA,AVENIDA CELSO FURTADO (VIA MANGUE),,,PRÓX. AO SHOPPING RIO MAR (SENT. PINA),PINA,,,CAPOTAMENTO,1,0,0,0,0,0,0,0,0,0,0,0,0,0,0,0,0,0,0,0,0,0,,,,,,,,,,,,,,,
202201690,0,2022-01-26,,COM VÍTIMA,FINALIZADA,DERBY,AV GOVERNADOR AGAMENON MAGALHAES,,RUA JOAQUIM NABUCO,EM FRNTE A ESCOLA BARBOSA LIMA / SENT BOA VIAGEM,DERBY,147,0,BOA VIAGEM,ENGAVETAMENTO,2,0,0,0,0,0,0,0,0,0,1,0,0,0,0,0,0,0,1,0,0,0,Longo da via,Bom,Sem defeito,Perfeito estado,Seca,Perfeito estado,Faixa de pedestre,,60 km/h,Dupla,Canteiro central,,,
202201708,0,2022-01-26,,COM VÍTIMA,FINALIZADA,IMBIRIBEIRA,AV PRESIDENTE DUTRA,,,LADO OPOSTO AO ANTIGO OUT LET SENTIDO BOA VIAGEM,IMBIRIBEIRA,,,COLISÃO COM CICLISTA,0,0,1,0,0,0,1,0,0,0,0,0,0,0,0,0,0,0,1,0,0,0,Longo da via,Bom,Não existe,Perfeito estado,Seca,Perfeito estado,Não existe,Não há placas,,Única,Faixa seccionada,,,,
202201712,0,2022-01-26,,COM VÍTIMA,FINALIZADA,BOA VISTA,RUA JOAQUIM FELIPE,60,0,,E/F AO NUCE,BOA VISTA,,CIDADE,COLISÃO LATERAL,1,0,1,0,0,0,0,0,0,0,0,0,0,0,0,0,0,0,1,0,0,0,Longo da via,Bom,Não existe,Perfeito estado,Seca,Perfeito estado,Não existe,Outras,,Única,Faixa seccionada,,,
202201717,0,2022-01-26,,COM VÍTIMA,FINALIZADA,BREJO DA GUABIRABA,AV VEREADOR OTACILIO AZEVEDO,1120,0,RUA SENHOR DO BONFIM,PROX A GARAGEM DA GLOBO,  AZEVEDO MOTO PEÇAS,BREJO DA GUABIRABA,,CIDADE,COLISÃO TRANSVERSAL,0,0,1,0,0,0,0,0,0,0,0,0,0,0,1,0,0,0,1,0,0,0,Cruzamento,Bom,Não existe,Não existente,Seca,Perfeito estado,Não existe,Não há placas,30 km/h,Dupla,Não existe,,
202201718,0,2022-01-26,,SEM VÍTIMA,FINALIZADA,IPSEP,AV SALDANHA MARINHO,345,0,,E/F AO BAR DO GAIAMUM,IPSEP,,,COLISÃO LATERAL,0,0,0,0,0,0,0,0,0,0,0,0,0,0,0,0,0,0,0,0,0,0,,,,,,,,,,,,,,
202201723,0,2022-01-26,,COM VÍTIMA,FINALIZADA,CAJUEIRO,AV CIDADE DE MONTEIRO,,,EM FRENTE AO ARMAZÉM CORAL,CAJUEIRO,,,COLISÃO LATERAL,1,0,1,0,0,0,0,0,0,0,0,0,0,0,0,0,0,0,1,0,0,0,Longo da via,Bom,Não existe,Perfeito estado,Seca,Perfeito estado,Não existe,Não há placas,,Única,Faixa contínua,,,,
202201743,0,2022-01-27,,SEM VÍTIMA,FINALIZADA,CASA AMARELA,AV NORTE MIGUEL ARRAES DE ALENCAR,,,EM FRENTE AO ARMAZEM CORAL,CASA AMARELA,,CIDADE,COLISÃO LATERAL,0,0,0,0,0,0,0,0,0,0,1,0,1,0,0,0,0,0,0,0,0,0,,,,,,,,,,,,,,,
202201744,0,2022-01-27,,COM VÍTIMA,FINALIZADA,BOA VIAGEM,AV CONSELHEIRO AGUIAR,82,0,RUA ARTUR MUNIZ,AO LADO EDIFICIO CALIFORNIA,BOA VIAGEM,5,0,CIDADE,COLISÃO LATERAL,1,0,1,0,0,0,0,0,0,0,0,0,0,0,0,0,0,0,1,0,0,0,Cruzamento,Bom,Sem defeito,Perfeito estado,Molhada,Perfeito estado,Faixa de pedestre,Não há placas,,Única,Não existe,,
202201747,0,2022-01-27,,COM VÍTIMA,FINALIZADA,JAQUEIRA,AV RUI BARBOSA,1672,0,,E/F A CEDIRE VIDEO ENDOSCOPIA,JAQUEIRA,292,0,CIDADE,COLISÃO LATERAL,1,0,1,0,0,0,0,0,0,0,0,0,0,0,0,0,0,0,1,0,0,0,Longo da via,Bom,Sem defeito,Perfeito estado,Seca,Perfeito estado,,R-6a,40 km/h,Única,Faixa contínua,,
202201759,0,2022-01-27,,COM VÍTIMA,FINALIZADA,BOA VIAGEM,AV DOM JOAO VI,,,SEMAFORO 639,BOA VIAGEM,639,0,,COLISÃO TRASEIRA,1,0,1,0,0,0,0,0,0,0,0,0,0,0,0,0,0,0,1,0,0,0,Longo da via,Bom,Sem defeito,Perfeito estado,Molhada,Perfeito estado,Faixa de pedestre,Não há placas,,Única,Não existe,,,
202201781,0,2022-01-27,,COM VÍTIMA,FINALIZADA,SANTO AMARO,AV DR JAYME DA FONTE,,AV GOVERNADOR AGAMENON MAGALHAES,NO SEMÁFORO 049,SANTO AMARO,49,0,CIDADE,COLISÃO COM CICLISTA,1,0,0,0,0,0,1,0,0,0,0,0,0,0,0,0,0,0,1,0,0,0,Cruzamento,Chuvoso,Sem defeito,Perfeito estado,Seca,Perfeito estado,Faixa de pedestre,Não há placas,60 km/h,Dupla,Canteiro central,,,
202201794,0,2022-01-27,,SEM VÍTIMA,FINALIZADA,APIPUCOS,AV DEZESSETE DE AGOSTO,,RUA MANDACARU,PRÓXIMO AO AÇUDE DE APIPUCOS,APIPUCOS,,,COLISÃO TRASEIRA,3,0,0,0,0,0,0,0,0,0,0,0,0,0,0,0,0,0,0,0,0,0,Longo da via,Bom,Sem defeito,Perfeito estado,Seca,Perfeito estado,,,60KM/H,Dupla,Faixa contínua,,,,
202201805,0,2022-01-28,,COM VÍTIMA,FINALIZADA,CAMPO GRANDE,RUA JERONIMO VILELA,86,0,EST DE BELEM,ESTRADA DE BELÉM - PROX À FARMACIA DROGASIL,CAMPO GRANDE,,SUBURBIO,COLISÃO TRANSVERSAL,1,0,1,0,0,0,0,0,0,0,0,0,0,0,0,0,0,0,1,0,0,0,Longo da via,Bom,Não existe,Ilegível,Seca,Mal iluminada,Não existe,Não há placas,,Dupla,Faixa seccionada,,,
202201826,0,2022-01-28,,COM VÍTIMA,FINALIZADA,IBURA,AV DOIS RIOS,,,BR 101 SUL  SENTIDO LITORAL SUL,IBURA,,,TOMBAMENTO,0,0,0,0,0,0,0,0,0,0,0,0,0,0,0,0,0,0,1,0,0,0,,,,,,,,,,,,,,,
202201827,0,2022-01-28,,SEM VÍTIMA,FINALIZADA,SÍTIO DOS PINTOS,RUA DO SITIO SAO BRAZ,61,0,,E/F A IGREJA BATISTA MISSIONARIA EM  DOIS IRMÃOS,SÍTIO DOS PINTOS,,CIDADE,CHOQUE,1,0,0,0,0,0,0,0,0,0,0,0,1,0,0,0,0,0,0,0,0,0,Longo da via,Bom,Não existe,Perfeito estado,Seca,Perfeito estado,Não existe,Não há placas,30 km/h,Dupla,Não existe,,,
202201849,0,2022-01-28,,SEM VÍTIMA,FINALIZADA,GRAÇAS,RUA DAS GRACAS,196,0,RUA DOM SEBASTIAO LEME,EM FRENTE A IGREJA DAS GRAÇAS,GRAÇAS,,,COLISÃO TRASEIRA,2,0,0,0,0,0,0,0,0,0,0,0,0,0,0,0,0,0,0,0,0,0,,,,,,,,,,,,,,
202201868,0,2022-01-28,,SEM VÍTIMA,FINALIZADA,PINA,AVENIDA CELSO FURTADO (VIA MANGUE),,,VIA MANGUE / POR TRAS DO EXTRA,PINA,,,CHOQUE,0,0,0,0,0,0,0,0,0,0,0,0,0,0,0,0,0,0,0,0,0,0,,,,,,,,,,,,,,,