Protocolo,,data,hora,natureza_acidente,situacao,bairro,endereco,numero,detalhe_endereco_acidente,complemento,bairro_cruzamento,num_semaforo,sentido_via,tipo,auto,moto,ciclom,ciclista,pedestre,onibus,caminhao,viatura,outros,vitimas,vitimasfatais,acidente_verificado,tempo_clima,situacao_semaforo,sinalizacao,condicao_via,conservacao_via,ponto_controle,situacao_placa,velocidade_max_via,mao_direcao,divisao_via1,divisao_via2,divisao_via3,,,,,,,,,,,,,
202202848,0,2022-02-09,,COM VÍTIMA,FINALIZADA,BOA VISTA,RUA JOAO FERNANDES VIEIRA,560,0,,QUASE ENFRENTE A SUBWAI,BOA VISTA,,CIDADE,COLISÃO TRASEIRA,0,0,1,0,0,0,0,0,0,0,0,0,0,0,1,0,0,0,1,0,0,0,Longo da via,Bom,Não existe,Perfeito estado,Seca,Perfeito estado,Não existe,R-6a,,Única,Faixa seccionada,,,
202202863,0,2022-02-09,,COM VÍTIMA,FINALIZADA,APIPUCOS,RUA DE APIPUCOS,400,0,,PRÓX À CAMATEX - COLCHÕES E ACESSÓRIOS,APIPUCOS,,CIDADE,COLISÃO TRASEIRA,1,0,1,0,0,0,0,0,0,0,0,0,0,0,0,0,0,0,1,0,0,0,Longo da via,Bom,Não existe,Perfeito estado,Seca,Perfeito estado,Não existe,Não há placas,40 km/h,Dupla,Faixa contínua,,,
202202876,0,2022-02-09,,COM VÍTIMA,FINALIZADA,BEBERIBE,AV BEBERIBE,2315,0,,EM FRENTE AO DEPÓSITO DO ITALIANO,BEBERIBE,,SUBURBIO,COLISÃO FRONTAL,1,0,0,0,1,0,0,0,0,0,0,0,0,0,0,0,0,0,1,0,0,0,Longo da via,Bom,Não existe,Ilegível,Seca,Perfeito estado,Não existe,R-6a,60 km/h,Dupla,Faixa contínua,,,
202202904,0,2022-02-10,,SEM VÍTIMA,FINALIZADA,SAN MARTIN,RUA DELMIRO GOUVEIA,333,0,,EM FRENTE A CHESF,SAN MARTIN,,,COLISÃO LATERAL,2,0,0,0,0,0,0,0,0,0,0,0,0,0,0,0,0,0,0,0,0,0,,,,,,,,,,,,,,
202202915,0,2022-02-10,,COM VÍTIMA,FINALIZADA,ILHA DO RETIRO,PTE PREFEITO LIMA DE CASTRO,,,SOBRE A PONTE PREFEITO LIMA DE CASTRO,ILHA DO RETIRO,,CIDADE,COLISÃO TRASEIRA,1,0,1,0,0,0,0,0,0,0,0,0,0,0,0,0,0,0,1,0,0,0,Ponte,Bom,Não existe,Perfeito estado,Seca,Perfeito estado,Não existe,Não há placas,,Dupla,Faixa contínua,,,,
202202919,0,2022-02-10,,COM VÍTIMA,FINALIZADA,SANTO ANTÔNIO,RUA SIQUEIRA CAMPOS,,AV MARTINS DE BARROS,POR TRAS DO BANDO SANTANDER,SANTO ANTÔNIO,,CIDADE,COLISÃO LATERAL,1,0,1,0,0,0,0,0,0,0,0,0,0,0,0,0,0,0,1,0,0,0,Esquina,Bom,Não existe,Perfeito estado,Seca,Perfeito estado,Não existe,R-6a,60 km/h,Única,Faixa contínua,Faixa seccionada,,,
202202939,0,2022-02-10,,COM VÍTIMA,FINALIZADA,SANTO AMARO,AV GOVERNADOR AGAMENON MAGALHAES,,,,SANTO AMARO,,,COLISÃO COM CICLISTA,0,0,1,0,0,0,1,0,0,0,0,0,0,0,0,0,0,0,1,0,0,0,Longo da via,Bom,Sem defeito,Perfeito estado,Seca,Perfeito estado,Faixa de pedestre,Não há placas,60 km/h,Dupla,Canteiro central,,,,
202202948,0,2022-02-09,,COM VÍTIMA,FINALIZADA,IMBIRIBEIRA,AV MARECHAL MASCARENHAS DE MORAES,,,,IMBIRIBEIRA,570,0,SUBURBIO,ATROPELAMENTO DE PESSOA,1,0,0,0,0,0,0,0,1,0,0,0,0,0,0,0,0,0,1,0,0,0,Longo da via,Bom,Não existe,Não existente,Seca,Perfeito estado,,,60 km/h,Única,Faixa,,,
202202953,0,2022-02-10,,COM VÍTIMA,FINALIZADA,BOA VISTA,RUA PRINCESA IZABEL,,RUA AURORA,ESQUINA DA PONTE PRINCESA IZABEL,BOA VISTA,22,0,SUBURBIO,ATROPELAMENTO DE PESSOA,1,0,0,0,0,0,0,0,1,0,0,0,0,0,0,0,0,0,1,0,0,0,Cruzamento,Bom,Sem defeito,Perfeito estado,Seca,Perfeito estado,Faixa de pedestre,Não há placas,,Única,Não existe,,,
202202960,0,2022-02-10,,COM VÍTIMA,FINALIZADA,CORDEIRO,RUA DR MIGUEL VIEIRA FERREIRA,275,0,RUA CLAUDIO BROTHERHOOD,E/F AO BETO BEBIDAS,CORDEIRO,,,COLISÃO TRANSVERSAL,1,0,1,0,0,0,0,0,0,0,0,0,0,0,0,0,0,0,1,0,0,0,Cruzamento,Bom,Não existe,Perfeito estado,Seca,Perfeito estado,Faixa de retenção,Outras,,Dupla,Faixa contínua,,,
202202962,0,2022-02-10,,COM VÍTIMA,FINALIZADA,SANTO AMARO,PTE DO LIMOEIRO,,,APÓS A CONTEX / NO MEIO DA PTE DO LIMOEIRO,SANTO AMARO,,CIDADE,COLISÃO LATERAL,1,0,1,0,0,0,0,0,0,0,0,0,0,0,0,0,0,0,1,0,0,0,Ponte,Bom,Não existe,Perfeito estado,Seca,Perfeito estado,Não existe,Não há placas,60 km/h,Dupla,Faixa contínua,,,,
202202982,0,2022-02-11,,SEM VÍTIMA,FINALIZADA,BOA VIAGEM,RUA PADRE BERNADINO PESSOA,,,COLÉGIO SANTA MARIA,BOA VIAGEM,,,RENDIÇÃO,0,0,0,0,0,0,0,0,0,0,0,0,0,0,0,0,0,0,0,0,0,0,,,,,,,,,,,,,,,
202202987,0,2022-02-11,,SEM VÍTIMA,FINALIZADA,,RUA REALEZA,58,0,AV CENTRAL,,,,SUBURBIO,,1,0,0,0,0,0,0,0,0,0,0,0,1,0,0,0,0,0,0,0,0,0,Longo da via,Bom,Não existe,Não existente,Seca,Perfeito estado,Não existe,Não há placas,,Dupla,Não existe,,,
202202998,0,2022-02-11,,COM VÍTIMA,FINALIZADA,TAMARINEIRA,RUA CONEGO BARATA,,,PROX. A FERREIRA COSTA, SENT. AFOGADOS,TAMARINEIRA,,,OUTROS,0,0,0,0,0,0,0,0,0,0,1,0,0,0,0,0,0,0,1,0,0,0,Longo da via,Bom,Não existe,Perfeito estado,Seca,Perfeito estado,Não existe,R-6c,40 km/h,Dupla,Faixa seccionada,Canteiro central,,
202203009,0,2022-02-11,,COM VÍTIMA,FINALIZADA,CASA FORTE,AV DEZESSETE DE AGOSTO,892,0,,E/F AO EDF. CASA GRANDE D'SANTANNA,CASA FORTE,,SUBURBIO,COLISÃO FRONTAL,1,0,1,0,0,0,0,0,0,0,0,0,0,0,0,0,0,0,1,0,0,0,Longo da via,Bom,Não existe,Perfeito estado,Seca,Perfeito estado,Não existe,R-6a,60 km/h,Dupla,Faixa contínua,,,
202203016,0,2022-02-11,,COM VÍTIMA,FINALIZADA,ILHA DO RETIRO,RUA SPORT CLUBE DO RECIFE,,,E/F A LOJA CAZÁ DO SPORT,ILHA DO RETIRO,367,0,CIDADE,CHOQUE,2,0,1,0,0,0,0,0,0,0,0,0,0,0,0,0,0,0,1,0,0,0,Longo da via,Bom,Sem defeito,Perfeito estado,Seca,Perfeito estado,Não existe,R-6a,,Dupla,Faixa contínua,Faixa seccionada,Canteiro central,
202203022,0,2022-02-11,,COM VÍTIMA,FINALIZADA,SANTO AMARO,AV CRUZ CABUGA,,RUA FREI CASSIMIRO,ENFRENTE AO SENAI,SANTO AMARO,,,COLISÃO TRANSVERSAL,1,0,1,0,0,0,0,0,0,0,0,0,0,0,0,0,0,0,1,0,0,0,Cruzamento,Bom,Não existe,Não existente,Seca,Perfeito estado,Faixa de pedestre,Outras,,Dupla,Faixa contínua,Faixa seccionada,,,
202203045,0,2022-02-11,,COM VÍTIMA,CANCELADA,TORRÕES,AV ENGENHEIRO ABDIAS DE CARVALHO,,,ENFRENTE A DLP,TORRÕES,,,COLISÃO TRASEIRA,1,0,1,0,0,0,0,0,0,0,0,0,0,0,0,0,0,0,1,0,0,0,,,,,,,,,,,,,,,
202203049,0,2022-02-11,,COM VÍTIMA,FINALIZADA,IPSEP,AV RECIFE,3273,0,,AUTOPEÇAS JK,IPSEP,247,0,CIDADE,COLISÃO TRASEIRA,1,0,1,0,0,0,0,0,0,0,0,0,0,0,0,0,0,0,1,0,0,0,Longo da via,Bom,Sem defeito,Perfeito estado,Seca,Perfeito estado,Faixa de pedestre,Não há placas,60 km/h,Única,Canteiro central,,
202203050,0,2022-02-11,,SEM VÍTIMA,FINALIZADA,IPUTINGA,AV CAXANGA,3010,0,,ENFRENTE AO MERCADO EXTRA,IPUTINGA,,,COLISÃO LATERAL,1,0,1,0,0,0,0,0,0,0,0,0,0,0,0,0,0,0,0,0,0,0,,,,,,,,,,,,,,
202203054,0,2022-02-11,,COM VÍTIMA,FINALIZADA,SANTO AMARO,AV GOVERNADOR AGAMENON MAGALHAES,,,E/F AO POSTO BR,SANTO AMARO,,OLINDA,ATROPELAMENTO DE PESSOA,0,0,0,0,0,0,0,0,1,0,1,0,0,0,0,0,0,0,1,0,0,0,Longo da via,Bom,Não existe,Perfeito estado,Seca,,Não existe,Não há placas,60 km/h,Dupla,Faixa seccionada,Canal,,,
202203056,0,2022-02-11,,COM VÍTIMA,FINALIZADA,IBURA,AV DOIS RIOS,,,LADEIRA DA CHOAB,IBURA,,,COLISÃO FRONTAL,0,0,1,0,0,0,0,0,0,0,1,0,0,0,0,0,0,0,2,0,0,0,Longo da via,Bom,Não existe,Ilegível,Seca,Perfeito estado,Agente,Não há placas,60 km/h,Dupla,Não existe,,,,
202203057,0,2022-02-11,,SEM VÍTIMA,CANCELADA,AREIAS,AV RECIFE,,,E/F A FARMACIA PAGUE MENOS,AREIAS,,,COLISÃO TRASEIRA,2,0,0,0,0,0,0,0,0,0,0,0,0,0,0,0,0,0,0,0,0,0,,,,,,,,,,,,,,,
202203059,0,2022-02-11,,COM VÍTIMA,FINALIZADA,APIPUCOS,AV DEZESSETE DE AGOSTO,1893,0,RUA MARQUES DE TAMANDARE,E/F AO BAR CHEFE,APIPUCOS,,,COLISÃO TRANSVERSAL,1,0,1,0,0,0,0,0,0,0,0,0,0,0,0,0,0,0,1,0,0,0,Cruzamento,Bom,Não existe,Perfeito estado,Seca,Perfeito estado,Não existe,Não há placas,,Dupla,Faixa contínua,,,
202203062,0,2022-02-12,,SEM VÍTIMA,FINALIZADA,ENCRUZILHADA,AV NORTE MIGUEL ARRAES DE ALENCAR,,RUA ALFREDO DE CASTRO,,ENCRUZILHADA,665,0,,COLISÃO TRANSVERSAL,2,0,0,0,0,0,0,0,0,0,0,0,0,0,0,0,0,0,0,0,0,0,Cruzamento,Bom,Sem defeito,Perfeito estado,Seca,Perfeito estado,Faixa de pedestre,,,Dupla,Canteiro central,,,
202203066,0,2022-02-12,,COM VÍTIMA,FINALIZADA,ALTO SANTA TERESINHA,AV ANIBAL BENEVOLO,1585,0,,EM FRENTE AO COMPAZ,ALTO SANTA TERESINHA,,CIDADE,CHOQUE,2,0,1,0,0,0,0,0,0,0,0,0,0,0,0,0,0,0,2,0,0,0,Longo da via,Bom,Não existe,Incompleta,Seca,Mal conservada,Não existe,Não há placas,,Dupla,Não existe,,,
202203067,0,2022-02-12,,SEM VÍTIMA,CANCELADA,VÁRZEA,AV CAXANGA,,,LADO OPOSTO A UPA DA CAXANGÁ,VÁRZEA,281,0,CIDADE,COLISÃO TRASEIRA,3,0,0,0,0,0,0,0,0,0,0,0,0,0,0,0,0,0,0,0,0,0,,,,,,,,,,,,,,
202203076,0,2022-02-12,,COM VÍTIMA,FINALIZADA,BOA VIAGEM,RUA ERNESTO DE PAULA SANTOS,,AV ENGENHEIRO DOMINGOS FERREIRA,EM FRENTE A LOJA  DE SAPATOS CONSTANCE,BOA VIAGEM,217,0,SUBURBIO,COLISÃO LATERAL,1,0,1,0,0,0,0,0,0,0,0,0,0,0,0,0,0,0,1,0,0,0,Longo da via,Chuvoso,Sem defeito,Perfeito estado,Molhada,Perfeito estado,Faixa de retenção,Não há placas,,Única,Faixa contínua,,,
202203082,0,2022-02-12,,SEM VÍTIMA,CANCELADA,IMBIRIBEIRA,AV RECIFE,,,EM FRENTE AO SAL E BRASA  / SENT BOA VIAGEM,IMBIRIBEIRA,,,COLISÃO LATERAL,0,0,2,0,0,0,0,0,0,0,0,0,0,0,0,0,0,0,0,0,0,0,,,,,,,,,,,,,,,
202203084,0,2022-02-12,,COM VÍTIMA,CANCELADA,DERBY,AV GOVERNADOR AGAMENON MAGALHAES,,,PROXIMO DO BANCO DO BRASIL / SENTIDO OLINDA,DERBY,,,COLISÃO LATERAL,1,0,1,0,0,0,0,0,0,0,0,0,0,0,0,0,0,0,1,0,0,0,,,,,,,,,,,,,,,
202203097,0,2022-02-12,,COM VÍTIMA,FINALIZADA,CASA AMARELA,AV NORTE MIGUEL ARRAES DE ALENCAR,,,EM FRENTE AO  NUCLEO DA DEVESA CIVIL,CASA AMARELA,676,0,,COLISÃO TRASEIRA,1,0,1,0,0,0,0,0,0,0,0,0,0,0,0,0,0,0,1,0,0,0,Longo da via,Bom,Sem defeito,Perfeito estado,Seca,Perfeito estado,Faixa de pedestre,R-6a,,Dupla,Canteiro central,,,
202203108,0,2022-02-12,,COM VÍTIMA,FINALIZADA,BOA VIAGEM,RUA SA E SOUZA,692,0,RUA IZABEL MAGALHAES,EM FRENTE AO EDIFICIO PRAIA DE ITAGUAÇÚ,BOA VIAGEM,,SUBURBIO,QUEDA,0,0,1,0,0,0,0,0,0,0,0,0,0,0,0,0,0,0,1,0,0,0,Cruzamento,Bom,Não existe,Não existente,Seca,Perfeito estado,Não existe,Não há placas,,Dupla,Faixa seccionada,,,
202203116,0,2022-02-12,,COM VÍTIMA,CANCELADA,IMBIRIBEIRA,AV MARECHAL MASCARENHAS DE MORAES,,,NO SEMAFORO 290,IMBIRIBEIRA,,,COLISÃO TRASEIRA,1,0,1,0,0,0,0,0,0,0,0,0,0,0,0,0,0,0,1,0,0,0,,,,,,,,,,,,,,,
202203120,0,2022-02-12,,COM VÍTIMA,FINALIZADA,JOANA BEZERRA,VDO PAPA JOAO PAULO II,,,EM BAIXO DO VIADUTO JOANA BEZERRA AO LADO DA AACD,JOANA BEZERRA,,,COLISÃO FRONTAL,2,0,0,0,0,0,0,0,0,0,0,0,0,0,0,0,0,0,1,0,0,0,Longo da via,Bom,Não existe,Incompleta,,Mal conservada,Não existe,Não há placas,,,Não existe,,,,
202203133,0,2022-02-12,,COM VÍTIMA,FINALIZADA,ARRUDA,AV BEBERIBE,,AV PROFESSOR JOSE DOS ANJOS,E/F AO CAMPO DO ARRUDA,ARRUDA,,CIDADE,COLISÃO FRONTAL,1,0,1,0,0,0,0,0,0,0,0,0,0,0,0,0,0,0,2,0,0,0,Longo da via,Bom,Sem defeito,Perfeito estado,Seca,Perfeito estado,,R-6a,,Dupla,Faixa contínua,,,,
202203149,0,2022-02-12,,COM VÍTIMA,FINALIZADA,TORRE,PTE DO VINTEM,,,EM CIMA DO VIADUTO,TORRE,,AV NORTE,COLISÃO LATERAL,1,0,1,0,0,0,0,0,0,0,0,0,0,0,0,0,0,0,1,0,0,0,Viaduto,Bom,Não existe,Não existente,Seca,Perfeito estado,Não existe,Não há placas,,Única,Canteiro central,,,,
202203172,0,2022-02-13,,COM VÍTIMA,FINALIZADA,PRADO,RUA RODRIGUES DE MENDONCA,45,0,RUA PANDIA CALOGERAS,ENFRENTE AO EDFICIO RENOIR,PRADO,,SUBURBIO,COLISÃO LATERAL,2,0,0,0,0,0,0,0,0,0,0,0,0,0,0,0,0,0,1,0,0,0,Cruzamento,Bom,Não existe,Incompleta,Seca,Perfeito estado,Faixa de pedestre,Não há placas,,Única,Faixa contínua,,,
202203174,0,2022-02-13,,COM VÍTIMA,FINALIZADA,LINHA DO TIRO,RUA ELADIO CAMBOIM,251,0,RUA URIEL DE HOLANDA,PRÓX À PADARIA PÃO DE OURO,LINHA DO TIRO,,,ATROPELAMENTO DE PESSOA,0,0,1,0,0,0,0,0,1,0,0,0,0,0,0,0,0,0,1,0,0,0,Longo da via,Bom,Não existe,Não existente,Seca,Perfeito estado,Não existe,Não há placas,,Dupla,Não existe,,,
202203180,0,2022-02-13,,COM VÍTIMA,CANCELADA,PINA,AV ANTONIO DE GOES,275,0,,CENTRO DIAGNÓTICO LUCILO ÁVILA,PINA,,,COLISÃO TRASEIRA,1,0,1,0,0,0,0,0,0,0,0,0,0,0,0,0,0,0,1,0,0,0,,,,,,,,,,,,,,
202203182,0,2022-02-13,,SEM VÍTIMA,FINALIZADA,BOA VIAGEM,RUA BRUNO VELOSO,,AV ENGENHEIRO DOMINGOS FERREIRA,,BOA VIAGEM,,,COLISÃO LATERAL,2,0,0,0,0,0,0,0,0,0,0,0,0,0,0,0,0,0,0,0,0,0,,,,,,,,,,,,,,,
202203183,0,2022-02-13,,COM VÍTIMA,FINALIZADA,CORDEIRO,AV CAXANGA,2555,0,AV INACIO MONTEIRO,ENFRENTE A DROGASIL,CORDEIRO,234,0,CIDADE,COLISÃO TRANSVERSAL,1,0,1,0,0,0,0,0,0,0,0,0,0,0,0,0,0,0,1,0,0,0,Cruzamento,Bom,Sem defeito,Incompleta,Seca,Perfeito estado,,R-6a,60 km/h,Dupla,Faixa contínua,Canteiro central,
202203190,0,2022-02-13,,COM VÍTIMA,FINALIZADA,JORDÃO,RUA ALBERTO LUNDGREN,83,0,RUA DR ALVARO FERRAZ,ENFRENTE AO BALAIO,JORDÃO,,,ATROPELAMENTO DE PESSOA,0,0,0,0,0,0,0,0,1,0,1,0,0,0,0,0,0,0,1,0,0,0,Cruzamento,Bom,Não existe,Perfeito estado,Seca,Perfeito estado,Faixa de pedestre,R-6a,,Dupla,Faixa contínua,,,
202203193,0,2022-02-13,,SEM VÍTIMA,FINALIZADA,IBURA,,31A,,EM FRENTE DROGARIAS IBURA,IBURA,,SUBURBIO,COLISÃO FRONTAL,1,0,0,0,0,0,0,0,0,0,0,0,0,0,1,0,0,0,0,0,0,0,Longo da via,Bom,Não existe,Não existente,Seca,Perfeito estado,Não existe,Placas Pare,40 km/h,Dupla,Não existe,,,,
202203199,0,2022-02-13,,COM VÍTIMA,CANCELADA,TEJIPIÓ,AV DR JOSE RUFINO,3254,0,,E/F AO 14  BATALHAO / SEMAFORO 208,TEJIPIÓ,,,COLISÃO TRASEIRA,1,0,1,0,0,0,1,0,0,0,0,0,0,0,0,0,0,0,1,0,0,0,,,,,,,,,,,,,,
202203223,0,2022-02-14,,SEM VÍTIMA,FINALIZADA,CAXANGÁ,AV CAXANGA,,,IPUTINGA VEÍCULOS,CAXANGÁ,,SUBURBIO,COLISÃO FRONTAL,1,0,0,0,0,0,0,0,0,0,0,0,0,0,1,0,0,0,0,0,0,0,,,,,,,,,,,,,,,
202203225,0,2022-02-14,,SEM VÍTIMA,FINALIZADA,BOA VIAGEM,RUA RIO AZUL,99,0,,E/F AO ARMAZEM DE CONSTRUÇÃO,BOA VIAGEM,,SUBURBIO,,1,0,0,0,0,0,0,0,0,0,0,0,0,0,0,0,0,0,0,0,0,0,Longo da via,Bom,Não existe,Perfeito estado,Seca,Perfeito estado,Não existe,Não há placas,,Única,Faixa seccionada,,,
202203243,0,2022-02-14,,COM VÍTIMA,FINALIZADA,CAMPINA DO BARRETO,RUA DOS PEIXINHOS,987,0,,EM FRENTE AO ORATÓRIO DA DIVINA PROVIDÊNCIA,CAMPINA DO BARRETO,,CIDADE,COLISÃO LATERAL,1,0,1,0,0,0,0,0,0,0,0,0,0,0,0,0,0,0,1,0,0,0,Longo da via,Bom,Não existe,Não existente,Seca,Perfeito estado,Não existe,Não há placas,,Dupla,Não existe,,,
202203245,0,2022-02-14,,COM VÍTIMA,CANCELADA,ESPINHEIRO,RUA CONS PORTELA,,RUA QUARENTA E OITO,EM FRENTE AO BIGCAR,ESPINHEIRO,11,0,,COLISÃO LATERAL,1,0,1,0,0,0,0,0,0,0,0,0,0,0,0,0,0,0,1,0,0,0,,,,,,,,,,,,,,
202203249,0,2022-02-14,,COM VÍTIMA,FINALIZADA,TEJIPIÓ,AV DR JOSE RUFINO,3795,0,,EM FRENTE A ESTAÇÃO TEJIPIO,TEJIPIÓ,,SUBURBIO,COLISÃO TRANSVERSAL,1,0,1,0,0,0,0,0,0,0,0,0,0,0,0,0,0,0,1,0,0,0,Longo da via,Bom,Não existe,Incompleta,Seca,Perfeito estado,Não existe,Não há placas,,Dupla,Faixa contínua,,,
202203251,0,2022-02-14,,COM VÍTIMA,CANCELADA,PORTO DA MADEIRA,AV BEBERIBE,,,EM FRENTE AO COLEGIO NOVENTA GRAUS,PORTO DA MADEIRA,,,COLISÃO LATERAL,0,0,2,0,0,0,0,0,0,0,0,0,0,0,0,0,0,0,2,0,0,0,,,,,,,,,,,,,,,
202203311,0,2022-02-15,,COM VÍTIMA,FINALIZADA,TAMARINEIRA,AV NORTE MIGUEL ARRAES DE ALENCAR,,EST VELHA DE AGUA FRIA,PROXIMO A FERREIRA COSTA,TAMARINEIRA,62,0,CIDADE,COLISÃO TRASEIRA,0,0,2,0,0,0,0,0,0,0,0,0,0,0,0,0,0,0,1,0,0,0,Cruzamento,Bom,Sem defeito,Perfeito estado,Seca,Perfeito estado,Faixa de pedestre,R-6a,60 km/h,Dupla,Faixa contínua,,,
202203313,0,2022-02-15,,COM VÍTIMA,FINALIZADA,ALTO JOSÉ BONIFÁCIO,RUA ALTO JOSE BONIFACIO,192,0,RUA CORREGO DO EUCLIDES,PROX. A RODINHA,ALTO JOSÉ BONIFÁCIO,,CIDADE,COLISÃO COM CICLISTA,0,0,1,0,0,0,1,0,0,0,0,0,0,0,0,0,0,0,1,0,0,0,Esquina,Bom,Não existe,Perfeito estado,Seca,Perfeito estado,Faixa de pedestre,Outras,,Dupla,Faixa contínua,Faixa seccionada,,
202203330,0,2022-02-15,,COM VÍTIMA,FINALIZADA,ÁGUA FRIA,EST VELHA DE AGUA FRIA,727,0,,ESPAÇO TAMARINEIRA,  JPK ENERGY,ÁGUA FRIA,,CIDADE,COLISÃO COM CICLISTA,0,0,1,0,0,0,1,0,0,0,0,0,0,0,0,0,0,0,1,0,0,0,Longo da via,Bom,Não existe,Perfeito estado,Seca,Perfeito estado,Não existe,R-6a,60 km/h,Dupla,Faixa contínua,,
202203351,0,2022-02-15,,COM VÍTIMA,FINALIZADA,IPUTINGA,AV CAXANGA,,EST DO BARBALHO,PRÓX AO BIG BOMPREÇO E CACAU SHOW,IPUTINGA,533,0,,COLISÃO TRASEIRA,0,0,2,0,0,0,0,0,0,0,0,0,0,0,0,0,0,0,1,0,0,0,Cruzamento,Bom,Sem defeito,Perfeito estado,Seca,Perfeito estado,Agente,R-26,60 km/h,Dupla,Canteiro central,,,
202203357,0,2022-02-15,,SEM VÍTIMA,FINALIZADA,TOTÓ,RUA ONZE DE AGOSTO,687,0,,TERMINAL TOTO - JARDIM SÃO PAULO BOA VIAGEM SHOPPING RECIFE,TOTÓ,,,CHOQUE,1,0,0,0,0,0,0,0,0,0,1,0,0,0,0,0,0,0,0,0,0,0,,Bom,Não existe,Não existente,Seca,Perfeito estado,Não existe,Não há placas,,Dupla,Não existe,,,
202203365,0,2022-02-15,,COM VÍTIMA,FINALIZADA,CORDEIRO,RUA DR MIGUEL VIEIRA FERREIRA,537,0,RUA SOROCABA,PROXIMO AO ARMAZEM CIA DA CONSTRUÇÃO,CORDEIRO,,CIDADE,ATROPELAMENTO DE PESSOA,1,0,0,0,0,0,0,0,1,0,0,0,0,0,0,0,0,0,1,0,0,0,Longo da via,Bom,Não existe,Incompleta,Seca,Perfeito estado,Não existe,R-19,30 km/h,,Não existe,,,
202203371,0,2022-02-15,,SEM VÍTIMA,CANCELADA,IPUTINGA,RUA SAO MATEUS,266,0,,E/F A PADARIA MASSA PURA,IPUTINGA,,,COLISÃO LATERAL,0,0,0,0,0,0,0,0,0,0,0,0,0,0,0,0,0,0,0,0,0,0,,,,,,,,,,,,,,
202203374,0,2022-02-16,,SEM VÍTIMA,FINALIZADA,PASSARINHO,EST DE PASSARINHO,3413,0,,PRÓXIMO AO TERMINAL DE ÔNIBUS COMPLEMENTAR,PASSARINHO,,SUBURBIO,,1,0,0,0,0,0,0,0,0,0,0,0,0,0,1,0,0,0,0,0,0,0,Longo da via,Bom,Não existe,Não existente,Seca,Perfeito estado,Não existe,Não há placas,,Dupla,Não existe,,,
202203389,0,2022-02-16,,COM VÍTIMA,FINALIZADA,PINA,RUA TOME GIBSON,,AVENIDA CELSO FURTADO (VIA MANGUE),PROX. AO AEROCLUB (SENT. PINA),PINA,,CIDADE,COLISÃO LATERAL,1,0,1,0,0,0,0,0,0,0,0,0,0,0,0,0,0,0,1,0,0,0,Longo da via,Chuvoso,Não existe,Perfeito estado,Molhada,Perfeito estado,Não existe,Não há placas,60 km/h,Única,Faixa seccionada,,,,
202203409,0,2022-02-16,,COM VÍTIMA,FINALIZADA,CURADO,BR 101 (DENTRO DA CEASA),,,EM FRENTE AO RC FRIOS E RESTAURANTE DO BIU,CURADO,,,COLISÃO FRONTAL,2,0,1,0,0,0,0,0,0,0,0,0,0,0,0,0,0,0,1,0,0,0,Longo da via,Bom,Não existe,Incompleta,Seca,Perfeito estado,Não existe,R-4b,,Única,Não existe,,,,
202203440,0,2022-02-16,,COM VÍTIMA,FINALIZADA,JARDIM SÃO PAULO,AV SAO PAULO,,,POR BAIXO DO VIADUTO WERNECK,JARDIM SÃO PAULO,,CIDADE,CHOQUE,1,0,0,0,0,0,0,0,0,0,0,0,0,0,0,0,0,0,1,0,0,0,Longo da via,Bom,Não existe,Incompleta,Seca,Perfeito estado,Não existe,Não há placas,,Dupla,Faixa seccionada,,,,
202203447,0,2022-02-17,,SEM VÍTIMA,FINALIZADA,PINA,AVENIDA CELSO FURTADO (VIA MANGUE),,,LADO OPOSTO POS TRÁS DA VIA MANGUE,PINA,,,CHOQUE,1,0,0,0,0,0,0,0,0,0,0,0,0,0,0,0,0,0,0,0,0,0,Longo da via,Chuvoso,Não existe,Perfeito estado,Molhada,Perfeito estado,Não existe,Não há placas,60 km/h,Dupla,Canteiro central,,,,
202203452,0,2022-02-17,,SEM VÍTIMA,FINALIZADA,BOA VIAGEM,AV ENGENHEIRO DOMINGOS FERREIRA,,RUA JOSE MARIA DE MIRANDA,SEMÁFORO 484,BOA VIAGEM,484,0,CIDADE,COLISÃO TRASEIRA,1,0,0,0,0,0,0,0,0,0,0,0,0,0,1,0,0,0,0,0,0,0,Cruzamento,Chuvoso,Sem defeito,Perfeito estado,Molhada,Perfeito estado,,Outras,,Dupla,Canteiro central,,,
202203460,0,2022-02-17,,COM VÍTIMA,CANCELADA,CASA AMARELA,AV NORTE MIGUEL ARRAES DE ALENCAR,,,EM FRENTE AO ARMAZEM CORAL/ PROXIMO AO SESC DE CASA MARELA,CASA AMARELA,,CIDADE,QUEDA,0,0,1,0,0,0,0,0,0,0,0,0,0,0,0,0,0,0,1,0,0,0,,,,,,,,,,,,,,,
202203463,0,2022-02-17,,COM VÍTIMA,FINALIZADA,APIPUCOS,AV DEZESSETE DE AGOSTO,117,0,,E/F A ESCOLA ESTADUAL SILVA JARDIM,  ED MEYER MESEL,APIPUCOS,,SUBURBIO,COLISÃO FRONTAL,2,0,1,0,0,0,0,0,0,0,0,0,0,0,0,0,0,0,1,0,0,0,Longo da via,Chuvoso,Não existe,Perfeito estado,Molhada,Perfeito estado,Não existe,,60 km/h,Dupla,Faixa contínua,,
202203480,0,2022-02-17,,COM VÍTIMA,FINALIZADA,BONGI,RUA ISAAC MARKMAN,46,0,RUA DONA MARIA AUGUSTA NOGUEIRA,EM FRENTE A SECRETARIA DE SAUDE /  TERMINAL DO BONGI,BONGI,,CIDADE,COLISÃO TRANSVERSAL,1,0,1,0,0,0,0,0,0,0,0,0,0,0,0,0,0,0,1,0,0,0,Cruzamento,Chuvoso,Não existe,Incompleta,Molhada,Mal conservada,Faixa de pedestre,Outras,30 km/h,Dupla,Faixa seccionada,,,