Protocolo,,data,hora,natureza_acidente,situacao,bairro,endereco,numero,detalhe_endereco_acidente,complemento,bairro_cruzamento,num_semaforo,sentido_via,tipo,auto,moto,ciclom,ciclista,pedestre,onibus,caminhao,viatura,outros,vitimas,vitimasfatais,acidente_verificado,tempo_clima,situacao_semaforo,sinalizacao,condicao_via,conservacao_via,ponto_controle,situacao_placa,velocidade_max_via,mao_direcao,divisao_via1,divisao_via2,divisao_via3,,,,,,,,,,,,,
202203484,0,2022-02-17,,COM VÍTIMA,DUPLICIDADE,CAXANGÁ,AV JOAQUIM RIBEIRO,,,EM FRENTE A UPA DA CAXANGA,CAXANGÁ,,,COLISÃO LATERAL,1,0,1,0,0,0,0,0,0,0,0,0,0,0,0,0,0,0,1,0,0,0,,,,,,,,,,,,,,,
202203487,0,2022-02-17,,COM VÍTIMA,FINALIZADA,VÁRZEA,AV CAXANGA,,,AO LADO DA UPA, NO SENTIDO CIDADE,VÁRZEA,,,COLISÃO LATERAL,1,0,1,0,0,0,0,0,0,0,1,0,0,0,0,0,0,0,1,0,0,0,Ponte,Chuvoso,Não existe,Perfeito estado,Molhada,Perfeito estado,Não existe,Não há placas,60 km/h,Única,Faixa seccionada,,,
202203488,0,2022-02-17,,COM VÍTIMA,FINALIZADA,CAMPO GRANDE,RUA MARQUES DE BAIPENDI,295,0,RUA CONEGO JOAO PEDROZA,UNIÃO BEBIDAS,CAMPO GRANDE,,SUBURBIO,COLISÃO TRANSVERSAL,1,0,1,0,0,0,0,0,0,0,0,0,0,0,0,0,0,0,1,0,0,0,Cruzamento,Bom,Não existe,Perfeito estado,Molhada,Perfeito estado,Não existe,Outras,,Dupla,Faixa contínua,Faixa seccionada,,
202203493,0,2022-02-17,,SEM VÍTIMA,FINALIZADA,ESPINHEIRO,AV GOVERNADOR AGAMENON MAGALHAES,,,SEMÁFORO 108,ESPINHEIRO,108,0,,COLISÃO TRASEIRA,1,0,0,0,0,0,0,0,0,0,0,0,0,0,2,0,0,0,0,0,0,0,Longo da via,Nublado,Sem defeito,Perfeito estado,Molhada,Perfeito estado,Faixa de pedestre,Não há placas,60 km/h,Dupla,Faixa contínua,Canteiro central,Canal,
202203524,0,2022-02-17,,COM VÍTIMA,FINALIZADA,SANTO AMARO,AV GOVERNADOR AGAMENON MAGALHAES,,,SOB O VIADUTO DA AV NORTE,SANTO AMARO,684,0,OLINDA,COLISÃO COM CICLISTA,1,0,0,0,0,0,1,0,0,0,0,0,0,0,0,0,0,0,1,0,0,0,Longo da via,Bom,Sem defeito,Perfeito estado,Seca,Perfeito estado,Faixa de pedestre,Não há placas,60 km/h,Dupla,Faixa contínua,Canal,,
202203527,0,2022-02-17,,COM VÍTIMA,FINALIZADA,SANTO AMARO,AV PREFEITO ARTUR LIMA CAVALCANTI,80,0,,PROX A MARINHA BEIRA CANAL,SANTO AMARO,,SUBURBIO,QUEDA,0,0,1,0,0,0,0,0,0,0,0,0,0,0,0,0,0,0,1,0,0,0,Longo da via,Bom,Não existe,Perfeito estado,Seca,Perfeito estado,Não existe,Não há placas,,Dupla,Canteiro central,,,
202203536,0,2022-02-17,,COM VÍTIMA,FINALIZADA,PINA,AV ANTONIO DE GOES,109,0,,,PINA,,CIDADE,COLISÃO TRANSVERSAL,1,0,1,0,0,0,0,0,0,0,0,0,0,0,0,0,0,0,1,0,0,0,Longo da via,Bom,Sem defeito,Perfeito estado,Seca,Perfeito estado,Não existe,Outras,60 km/h,Única,Faixa seccionada,,,
202203545,0,2022-02-17,,SEM VÍTIMA,FINALIZADA,ALTO SANTA TERESINHA,RUA TAMBOARA,583,0,,,ALTO SANTA TERESINHA,,SUBURBIO,COLISÃO FRONTAL,0,0,1,0,0,0,0,0,0,0,0,0,0,0,1,0,0,0,0,0,0,0,Longo da via,Bom,Não existe,Perfeito estado,Seca,Perfeito estado,Não existe,Não há placas,,Dupla,Faixa contínua,Faixa seccionada,,
202203548,0,2022-02-17,,SEM VÍTIMA,FINALIZADA,BOA VIAGEM,AV CONSELHEIRO AGUIAR,,,PRÓXIMO AO BOMBREÇO,BOA VIAGEM,,,COLISÃO LATERAL,0,0,0,0,0,0,0,0,0,0,0,0,0,0,0,0,0,0,0,0,0,0,,,,,,,,,,,,,,,
202203568,0,2022-02-18,,COM VÍTIMA,FINALIZADA,IMBIRIBEIRA,AV MARECHAL MASCARENHAS DE MORAES,4773,0,,EM FRENTE AO MARTELINHO. APÓS A FACULDADE PERNAMBUCANA DE SAÚDE,IMBIRIBEIRA,,CIDADE,QUEDA,0,0,1,0,0,0,0,0,0,0,0,0,0,0,0,0,0,0,1,0,0,0,Longo da via,Bom,Não existe,Perfeito estado,Seca,Perfeito estado,Não existe,,60 km/h,Dupla,Faixa seccionada,,,
202203571,0,2022-02-17,,COM VÍTIMA,FINALIZADA,DERBY,AV GOVERNADOR AGAMENON MAGALHAES,,,EM FRENTE À FACE IMAGEM,DERBY,,SUBURBIO,COLISÃO TRASEIRA,1,0,1,0,0,0,0,0,0,0,0,0,0,0,0,0,0,0,1,0,0,0,Longo da via,Chuvoso,Sem defeito,Perfeito estado,Molhada,Perfeito estado,Outros,Outras,,Única,Faixa seccionada,,,,
202203598,0,2022-02-18,,COM VÍTIMA,CANCELADA,IMBIRIBEIRA,RUA LE PARC,100,0,,EM FRENTE AO LE  PARC,IMBIRIBEIRA,,,COLISÃO TRASEIRA,1,0,1,0,0,0,0,0,0,0,0,0,0,0,0,0,0,0,1,0,0,0,,,,,,,,,,,,,,
202203618,0,2022-02-18,,COM VÍTIMA,FINALIZADA,MANGUEIRA,RUA DR JOAO ELISIO,298,0,RUA MANDARI,EM FRENTE À PADARIA E MERCADINHO SANTO ANTÔNIO,MANGUEIRA,,SUBURBIO,COLISÃO FRONTAL,1,0,1,0,0,0,0,0,0,0,0,0,0,0,0,0,0,0,1,0,0,0,Esquina,Bom,Não existe,Incompleta,Seca,Perfeito estado,Não existe,Não há placas,,Dupla,Não existe,,,
202203625,0,2022-02-18,,COM VÍTIMA,CANCELADA,PINA,AV HERCULANO BANDEIRA,,,E/F AO ATACADO DA CONTRUÇAÕ,PINA,,,COLISÃO TRASEIRA,1,0,1,0,0,0,0,0,0,0,0,0,0,0,0,0,0,0,1,0,0,0,,,,,,,,,,,,,,,
202203653,0,2022-02-18,,COM VÍTIMA,FINALIZADA,IBURA,AV DOIS RIOS,939,0,,PRÓX A FARMACIA  INDEPENDENTE , SNT SUB-CID / SEMÁFORO 485,IBURA,,CIDADE,COLISÃO TRASEIRA,1,0,1,0,0,0,0,0,0,0,0,0,0,0,0,0,0,0,1,0,0,0,Longo da via,Bom,Não existe,Perfeito estado,Seca,Perfeito estado,Não existe,Não há placas,,Dupla,Faixa contínua,,
202203655,0,2022-02-18,,COM VÍTIMA,FINALIZADA,BEBERIBE,AV BEBERIBE,4340,0,,E/F A IGREJA BATISTA AGAPE,BEBERIBE,,CIDADE,CHOQUE,2,0,1,0,0,0,0,0,0,0,0,0,0,0,0,0,0,0,1,0,0,0,Longo da via,Chuvoso,Não existe,Perfeito estado,,Perfeito estado,Não existe,Não há placas,,Dupla,Faixa seccionada,,,
202203664,0,2022-02-19,,COM VÍTIMA,FINALIZADA,AFOGADOS,RUA NICOLAU PEREIRA,,,PROXIMO À ESTAÇÃO DO METRÔ,AFOGADOS,,SUBURBIO,COLISÃO COM CICLISTA,1,0,0,0,0,0,1,0,0,0,0,0,0,0,0,0,0,0,1,0,0,0,Longo da via,Bom,Não existe,Perfeito estado,Seca,Perfeito estado,Não existe,R-6a,,Única,Faixa seccionada,,,,
202203681,0,2022-02-19,,COM VÍTIMA,FINALIZADA,SAN MARTIN,AV GENERAL SAN MARTIN,,,LADO OPOSTO AO NOVO ATACAREJO,SAN MARTIN,58,0,SUBURBIO,QUEDA,0,0,0,0,0,0,1,0,0,0,0,0,0,0,0,0,0,0,1,0,0,0,Longo da via,Bom,Sem defeito,Perfeito estado,Seca,Perfeito estado,Faixa de retenção,Não há placas,,Dupla,Faixa contínua,,,
202203706,0,2022-02-19,,COM VÍTIMA,FINALIZADA,VÁRZEA,AV CAXANGA,5759,0,,LADO OPOSTO AO TERMINAL DE ONIBUS DA CAXANGA,VÁRZEA,262,0,CIDADE,COLISÃO TRASEIRA,1,0,1,0,0,0,0,0,0,0,0,0,0,0,0,0,0,0,1,0,0,0,Longo da via,Bom,Sem defeito,Perfeito estado,Seca,Perfeito estado,Faixa de pedestre,R-6a,60 km/h,Dupla,Faixa contínua,Canteiro central,Faixa seccionada
202203716,0,2022-02-19,,COM VÍTIMA,FINALIZADA,SANTO AMARO,AV GOVERNADOR AGAMENON MAGALHAES,,PTE RAIMUNDO FARIAS,PRAÇA PARQUE AMORIM,SANTO AMARO,37,0,SUBURBIO,COLISÃO TRANSVERSAL,1,0,1,0,0,0,0,0,0,0,0,0,0,0,0,0,0,0,1,0,0,0,Cruzamento,Bom,Sem defeito,Perfeito estado,Seca,Perfeito estado,Agente,,60 km/h,Única,Faixa seccionada,,,
202203717,0,2022-02-19,,COM VÍTIMA,FINALIZADA,TEJIPIÓ,RUA FALCAO DE LACERDA,101,0,,PROX A ESTACAO TEJIPIO / ASSEMBLEIA DE DEUS,TEJIPIÓ,,CIDADE,COLISÃO LATERAL,1,0,1,0,0,0,0,0,0,0,0,0,0,0,0,0,0,0,1,0,0,0,Longo da via,Bom,Não existe,Incompleta,Seca,Perfeito estado,Não existe,Não há placas,,Dupla,Não existe,,,
202203730,0,2022-02-19,,COM VÍTIMA,FINALIZADA,PINA,AV CONSELHEIRO AGUIAR,479,0,,SANTORINI BAR CLUB,PINA,,CIDADE,COLISÃO LATERAL,1,0,1,0,0,0,0,0,0,0,0,0,0,0,0,0,0,0,2,0,0,0,Longo da via,Chuvoso,Não existe,Perfeito estado,Molhada,Perfeito estado,Não existe,Não há placas,,Única,Faixa seccionada,,,
202203738,0,2022-02-20,,COM VÍTIMA,FINALIZADA,ESPINHEIRO,RUA DO ESPINHEIRO,,RUA QUARENTA E OITO,CRUZAMENTO,ESPINHEIRO,166,0,CIDADE,COLISÃO TRANSVERSAL,1,0,1,0,0,0,0,0,0,0,0,0,0,0,0,0,0,0,1,0,0,0,Cruzamento,Bom,Sem defeito,Perfeito estado,Seca,Perfeito estado,Faixa de pedestre,Não há placas,,Única,Faixa contínua,Faixa seccionada,,
202203741,0,2022-02-20,,COM VÍTIMA,CANCELADA,SANTO AMARO,AV GOVERNADOR AGAMENON MAGALHAES,,AV DR JAYME DA FONTE,AO LADO DO CAMPO DO ONZE,SANTO AMARO,,,COLISÃO LATERAL,1,0,1,0,0,0,0,0,0,0,0,0,0,0,0,0,0,0,1,0,0,0,,,,,,,,,,,,,,,
202203773,0,2022-02-20,,COM VÍTIMA,CANCELADA,BOA VIAGEM,AV ENGENHEIRO DOMINGOS FERREIRA,,,AO LADO DA MCDONALD´S,BOA VIAGEM,,,COLISÃO LATERAL,1,0,1,0,0,0,0,0,0,0,0,0,0,0,0,0,0,0,1,0,0,0,,,,,,,,,,,,,,,
202203776,0,2022-02-20,,COM VÍTIMA,CANCELADA,SÃO JOSÉ,C SANTA RITA,695,0,,ESQUINA COM AS TORRES GEMEAS / E/F AO CLUBE DE AMADORES DE PESCA,SÃO JOSÉ,,,COLISÃO TRASEIRA,1,0,1,0,0,0,0,0,0,0,0,0,0,0,0,0,0,0,1,0,0,0,,,,,,,,,,,,,,
202203784,0,2022-02-21,,VÍTIMA FATAL,FINALIZADA,AFOGADOS,RUA MOTOCOLOMBO,,,E/F AO BANCO ITAU E PRÓXIMO À POLICLINICA DE AFOGADOS,AFOGADOS,,,CHOQUE,0,0,1,0,0,0,0,0,0,0,0,0,0,0,0,0,0,0,0,0,1,0,Longo da via,Chuvoso,Não existe,Perfeito estado,Molhada,Perfeito estado,,Outras,,Única,Não existe,,,,
202203788,0,2022-02-21,,COM VÍTIMA,FINALIZADA,GRAÇAS,AV GOVERNADOR AGAMENON MAGALHAES,,AV RUI BARBOSA,VIA PRINCIPAL -,GRAÇAS,37,0,CIDADE,COLISÃO TRASEIRA,0,0,1,0,0,0,0,0,0,0,0,0,0,0,0,0,0,0,1,0,0,0,Longo da via,Bom,Sem defeito,Perfeito estado,Molhada,Perfeito estado,Faixa de pedestre,Não há placas,60 km/h,Dupla,Canteiro central,,,
202203789,0,2022-02-21,,COM VÍTIMA,FINALIZADA,CASA AMARELA,AV NORTE MIGUEL ARRAES DE ALENCAR,4785,0,RUA BEZERROS,E/F AO ARMAZEM CORAL,CASA AMARELA,,CIDADE,COLISÃO TRASEIRA,1,0,2,0,0,0,0,0,0,0,0,0,0,0,0,0,0,0,1,0,0,0,Longo da via,Bom,Sem defeito,Perfeito estado,Seca,Perfeito estado,Não existe,Não há placas,,Dupla,Canteiro central,,,
202203796,0,2022-02-21,,COM VÍTIMA,FINALIZADA,IBURA,AV DOM HELDER CAMARA,104,0,RUA JORNALISTA EDSON REGIS,LINHA DO TREM,IBURA,518,0,,COLISÃO TRASEIRA,0,0,0,0,0,0,0,0,0,0,2,0,0,0,0,0,0,0,8,0,0,0,Longo da via,Bom,Sem defeito,Perfeito estado,Seca,Perfeito estado,Faixa de pedestre,R-6c,,Dupla,Canteiro central,,
202203804,0,2022-02-21,,COM VÍTIMA,FINALIZADA,TORRE,RUA REAL DA TORRE,11201,0,RUA CONDE DE IRAJA,PROXIMO DO SUPERMERCADO RECIBOM,TORRE,106,0,,COLISÃO TRASEIRA,1,0,1,0,0,0,0,0,0,0,0,0,0,0,0,0,0,0,1,0,0,0,Cruzamento,Bom,Sem defeito,Perfeito estado,Seca,Perfeito estado,,Não há placas,,Única,Não existe,,
202203810,0,2022-02-21,,COM VÍTIMA,FINALIZADA,DERBY,AV GOVERNADOR AGAMENON MAGALHAES,33,0,RUA JOAQUIM NABUCO,EM FRENTE A RESTAURAÇÃO, SENTIDO BOA VIAGEM,DERBY,174,0,SUBURBIO,COLISÃO TRANSVERSAL,1,0,1,0,0,0,0,0,0,0,0,0,0,0,0,0,0,0,1,0,0,0,Longo da via,Bom,Sem defeito,Perfeito estado,Seca,Perfeito estado,Faixa de pedestre,Outras,60 km/h,Única,Faixa seccionada,Canteiro central
202203823,0,2022-02-21,,SEM VÍTIMA,FINALIZADA,SÃO JOSÉ,RUA CERRO CORA,,AV SUL,PRÓX AO POSTO CABANGA / GALO DA MADRUGADA,SÃO JOSÉ,,,COLISÃO TRASEIRA,2,0,0,0,0,0,0,0,0,0,0,0,0,0,0,0,0,0,0,0,0,0,Longo da via,Bom,Sem defeito,Perfeito estado,Seca,Perfeito estado,,Não há placas,60KM/H,Única,Faixa contínua,,,,
202203834,0,2022-02-21,,COM VÍTIMA,FINALIZADA,IMBIRIBEIRA,VIADUTO TANCREDO NEVES,,,APÓS O SAL E BRASA / SUBIDA DO VIADUTO / SENTIDO SHOPPING RECIFE,IMBIRIBEIRA,,CIDADE,CHOQUE,0,0,1,0,0,0,0,0,0,0,0,0,0,0,0,0,0,0,1,0,0,0,Longo da via,Bom,Não existe,Perfeito estado,Seca,Perfeito estado,Não existe,Não há placas,,Dupla,Canteiro central,,,,
202203843,0,2022-02-21,,SEM VÍTIMA,FINALIZADA,BOA VIAGEM,AV DES JOSE NEVES,,,EM FRENTE À FERREIRA PINTO,BOA VIAGEM,,,COLISÃO TRASEIRA,1,0,1,0,0,0,0,0,0,0,0,0,0,0,0,0,0,0,0,0,0,0,,,,,,,,,,,,,,,
202203847,0,2022-02-21,,SEM VÍTIMA,FINALIZADA,MADALENA,RUA REAL DA TORRE,,RUA JOSE OSORIO,PRAÇA DA MADALENA,MADALENA,,,COLISÃO LATERAL,1,0,1,0,0,0,0,0,0,0,0,0,0,0,0,0,0,0,0,0,0,0,,,,,,,,,,,,,,,
202203848,0,2022-02-21,,VÍTIMA FATAL,FINALIZADA,SANTO AMARO,RUA DA AURORA,1259,0,,EM FRENTE AO BANCO CENTRAL,SANTO AMARO,,,CHOQUE,0,0,1,0,0,0,0,0,0,0,0,0,0,0,0,0,0,0,0,0,1,0,Longo da via,Bom,Não existe,Perfeito estado,Seca,Perfeito estado,Faixa de pedestre,Não há placas,60 km/h,Dupla,Canteiro central,,,
202203870,0,2022-02-22,,COM VÍTIMA,FINALIZADA,IPSEP,RUA JEAN EMILE FAVRE,111,0,RUA IZABEL DE SOUZA,E/F A UNIBLOCO,IPSEP,,,COLISÃO LATERAL,1,0,1,0,0,0,0,0,0,0,0,0,0,0,0,0,0,0,1,0,0,0,Cruzamento,Bom,Não existe,Perfeito estado,Seca,Perfeito estado,Não existe,R-6a,,Única,Faixa seccionada,,,
202203871,0,2022-02-22,,SEM VÍTIMA,FINALIZADA,BOA VIAGEM,RUA PROFESSOR AUGUSTO LINS E SILVA,835,0,,EDF ANA DANIELA,BOA VIAGEM,,,COLISÃO FRONTAL,1,0,0,0,0,0,0,0,0,0,0,0,0,0,1,0,0,0,0,0,0,0,Cruzamento,Bom,Sem defeito,Perfeito estado,Seca,Perfeito estado,Agente,Outras,,Dupla,Canteiro central,,,
202203873,0,2022-02-22,,COM VÍTIMA,FINALIZADA,MANGABEIRA,AV NORTE MIGUEL ARRAES DE ALENCAR,4544,0,,EM FRENTE A LOJA RAINHA REVESI / LADO OPOSTO EXPRESSO AUTO CNTER,MANGABEIRA,96,0,SUBURBIO,COLISÃO LATERAL,2,0,1,0,0,0,0,0,0,0,0,0,0,0,0,0,0,0,1,0,0,0,,,,,,,,,,,,,
202203875,0,2022-02-22,,COM VÍTIMA,FINALIZADA,BOA VIAGEM,RUA PROFESSOR JOSE BRANDAO,229,0,RUA ANTONIO DE SA LEITAO,PROX. AO COLEGIO SANTA MARIA,BOA VIAGEM,,SUBURBIO,COLISÃO LATERAL,2,0,0,0,0,0,0,0,0,0,0,0,0,0,0,0,0,0,2,0,0,0,Cruzamento,Bom,Não existe,Perfeito estado,Seca,Perfeito estado,Faixa de retenção,Não há placas,,Dupla,Faixa seccionada,,,
202203887,0,2022-02-22,,COM VÍTIMA,FINALIZADA,BOA VIAGEM,RUA BALTAZAR PASSOS,6472,0,AV BOA VIAGEM,,BOA VIAGEM,149,0,CIDADE,COLISÃO TRANSVERSAL,0,0,2,0,0,0,0,0,0,0,0,0,0,0,0,0,0,0,1,0,0,0,Cruzamento,Bom,Sem defeito,Perfeito estado,Seca,Perfeito estado,Faixa de pedestre,Não há placas,,Única,Não existe,,
202203890,0,2022-02-22,,SEM VÍTIMA,FINALIZADA,ESPINHEIRO,AV JOAO DE BARROS,,RUA CONS PORTELA,ANTIGA FORD,ESPINHEIRO,,,COLISÃO LATERAL,1,0,0,0,0,0,0,0,0,0,0,0,0,0,0,0,1,0,0,0,0,0,,,,,,,,,,,,,,,
202203893,0,2022-02-22,,COM VÍTIMA,FINALIZADA,ROSARINHO,AV NORTE MIGUEL ARRAES DE ALENCAR,3301,0,,EM FRENTE AO PADEIRÃO,ROSARINHO,,CIDADE,ATROPELAMENTO DE PESSOA,0,0,0,0,0,0,0,0,1,0,1,0,0,0,0,0,0,0,1,0,0,0,Longo da via,Bom,Não existe,Perfeito estado,Seca,Perfeito estado,Não existe,R-6c,,Dupla,Canteiro central,,,
202203929,0,2022-02-22,,COM VÍTIMA,FINALIZADA,MADALENA,RUA BENFICA,480,0,RUA HEITOR MAIA,EM FRENTE À ACADEMIA FERNANDINHO BELTRÃO E À PRAÇA DO INTERNACIONAL.,MADALENA,,SUBURBIO,COLISÃO LATERAL,1,0,1,0,0,0,0,0,0,0,0,0,0,0,0,0,0,0,1,0,0,0,Longo da via,Bom,Não existe,Perfeito estado,Seca,Perfeito estado,Não existe,Outras,,Dupla,Não existe,,,
202203938,0,2022-02-22,,COM VÍTIMA,FINALIZADA,IMBIRIBEIRA,RUA ARQUITETO LUIZ NUNES,1373,0,RUA MIS JOEL CARLSON,,IMBIRIBEIRA,633,0,CIDADE,COLISÃO COM CICLISTA,1,0,0,0,0,0,1,0,0,0,0,0,0,0,0,0,0,0,1,0,0,0,Cruzamento,Bom,Sem defeito,Perfeito estado,Seca,Perfeito estado,Faixa de pedestre,R-19,30 km/h,Dupla,Faixa contínua,,
202203957,0,2022-02-22,,COM VÍTIMA,CANCELADA,BOA VIAGEM,AV CONSELHEIRO AGUIAR,,RUA RIBEIRO DE BRITO,NO CRUZAMENTO,BOA VIAGEM,147,0,,COLISÃO LATERAL,1,0,1,0,0,0,0,0,0,0,0,0,0,0,0,0,0,0,1,0,0,0,,,,,,,,,,,,,,
202204002,0,2022-02-23,,SEM VÍTIMA,FINALIZADA,BONGI,AV ENGENHEIRO ABDIAS DE CARVALHO,,RUA CARLOS GOMES,E/F A BIGCAR,BONGI,,,COLISÃO TRASEIRA,2,0,0,0,0,0,0,0,0,0,0,0,0,0,0,0,0,0,0,0,0,0,Cruzamento,Bom,Sem defeito,Perfeito estado,Seca,Perfeito estado,Faixa de pedestre,R-6a,60KM/H,Dupla,Canteiro central,,,,
202204010,0,2022-02-23,,COM VÍTIMA,FINALIZADA,CASA AMARELA,AV NORTE MIGUEL ARRAES DE ALENCAR,,,EM FRENTE AO SESC,CASA AMARELA,364,0,CIDADE,QUEDA,0,0,1,0,0,0,0,0,0,0,0,0,0,0,0,0,0,0,2,0,0,0,Cruzamento,Bom,Sem defeito,Perfeito estado,Seca,Perfeito estado,Faixa de pedestre,Outras,,Dupla,Faixa contínua,Canteiro central,Blocos,
202204054,0,2022-02-23,,SEM VÍTIMA,FINALIZADA,PARNAMIRIM,RUA TITO ROSAS,,,E/F AO MECDONALDS,PARNAMIRIM,,,COLISÃO LATERAL,0,0,0,0,0,0,0,0,0,0,0,0,1,0,1,0,0,0,0,0,0,0,Cruzamento,Bom,Sem defeito,,Seca,Perfeito estado,Faixa de pedestre,Não há placas,60KM/H,Única,Faixa seccionada,,,,
202204055,0,2022-02-24,,COM VÍTIMA,CANCELADA,MADALENA,RUA BENFICA,,,E/F AO CLUBE INTERNACIONAL,MADALENA,,,COLISÃO COM CICLISTA,1,0,0,0,0,0,1,0,0,0,0,0,0,0,0,0,0,0,1,0,0,0,,,,,,,,,,,,,,,
202204060,0,2022-02-23,,SEM VÍTIMA,CANCELADA,MADALENA,AV VISCONDE DE ALBUQUERQUE,,RUA LOPES DE CARVALHO,PRÓX A MADALENA CENTER,MADALENA,,,COLISÃO LATERAL,2,0,0,0,0,0,0,0,0,0,0,0,0,0,0,0,0,0,0,0,0,0,,,,,,,,,,,,,,,
202204061,0,2022-02-23,,COM VÍTIMA,CANCELADA,BREJO DA GUABIRABA,AV VEREADOR OTACILIO AZEVEDO,,,PROX A GARAGEM DA GLOBO,BREJO DA GUABIRABA,,,COLISÃO FRONTAL,0,0,2,0,0,0,0,0,0,0,0,0,0,0,0,0,0,0,2,0,0,0,,,,,,,,,,,,,,,
202204084,0,2022-02-24,,VÍTIMA FATAL,FINALIZADA,IPSEP,RUA HELIO BRANDAO,351,0,,ESCOLA CANDIDO PORTINARIO  /   EM FRENTE,IPSEP,,,QUEDA,0,0,0,0,0,0,1,0,0,0,0,0,0,0,0,0,0,0,0,0,1,0,,,,,,,,,,,,,,
202204112,0,2022-02-24,,COM VÍTIMA,FINALIZADA,BOA VIAGEM,AV MARECHAL JUAREZ TAVORA,637,0,,AO LADO DO ARMAZÉM ECOSEL,BOA VIAGEM,,CIDADE,COLISÃO TRANSVERSAL,1,0,1,0,0,0,0,0,0,0,0,0,0,0,0,0,0,0,1,0,0,0,Longo da via,Bom,Não existe,Perfeito estado,Seca,Perfeito estado,Faixa de pedestre,Placas Pare,,Única,Faixa contínua,Faixa seccionada,,
202204119,0,2022-02-24,,COM VÍTIMA,FINALIZADA,SANTO ANTÔNIO,AV DANTAS BARRETO,,RUA DO PEIXOTO,E/F AO CAMELODROMO,SANTO ANTÔNIO,181,0,SUBURBIO,COLISÃO TRANSVERSAL,1,0,0,0,0,0,0,0,0,0,1,0,0,0,0,0,0,0,1,0,0,0,Cruzamento,Bom,Sem defeito,Perfeito estado,Seca,Perfeito estado,Faixa de pedestre,R-6a,,,Faixa contínua,,,
202204141,0,2022-02-24,,COM VÍTIMA,FINALIZADA,CORDEIRO,RUA GOMES TABORDA,156,0,RUA MANDIORE,PRÓX AO ATACAREJO  IDEAL,CORDEIRO,,CIDADE,COLISÃO TRANSVERSAL,1,0,1,0,0,0,0,0,0,0,0,0,0,0,0,0,0,0,1,0,0,0,Longo da via,Bom,Não existe,Perfeito estado,Seca,Perfeito estado,Não existe,R-6a,,Dupla,Faixa seccionada,,,
202204197,0,2022-02-25,,COM VÍTIMA,FINALIZADA,CASA AMARELA,RUA PADRE LEMOS,94,0,,EM FRENTE A FARNÁCIA EXTRA FARMA,CASA AMARELA,,,COLISÃO LATERAL,1,0,1,0,0,0,0,0,0,0,0,0,0,0,0,0,0,0,1,0,0,0,Longo da via,Bom,Sem defeito,Perfeito estado,Seca,Perfeito estado,Faixa de pedestre,Outras,,Dupla,Faixa contínua,,,
202204221,0,2022-02-25,,SEM VÍTIMA,FINALIZADA,DERBY,AV GOVERNADOR AGAMENON MAGALHAES,,,NO SEMAFORO 037 PROX AO BOMPREÇO DO PARQUE AMORIM,DERBY,,,COLISÃO TRASEIRA,1,0,0,0,0,0,0,0,0,0,1,0,0,0,0,0,0,0,0,0,0,0,Ponte,Bom,Sem defeito,Perfeito estado,Seca,Perfeito estado,Faixa de retenção,Não há placas,,Única,Faixa contínua,,,,
202204249,0,2022-02-25,,SEM VÍTIMA,FINALIZADA,MADALENA,AV ENGENHEIRO ABDIAS DE CARVALHO,,,PRÓX AO CAMPO DO SPORT / E/F AO MCDONALDS, SEMÁFORO 355, SNT CID,MADALENA,,,COLISÃO TRASEIRA,1,0,1,0,0,0,0,0,0,0,0,0,0,0,0,0,0,0,0,0,0,0,,,,,,,,,,,,,
202204273,0,2022-02-26,,COM VÍTIMA,CANCELADA,IBURA,RUA PARANAVAI,69,0,,EM FRENTE AO TERMINAL DA UR2 IBURA,IBURA,,,COLISÃO FRONTAL,1,0,1,0,0,0,0,0,0,0,0,0,0,0,0,0,0,0,1,0,0,0,,,,,,,,,,,,,,
202204293,0,2022-02-26,,SEM VÍTIMA,FINALIZADA,BOA VISTA,AV CONDE DA BOA VISTA,,,E/F AO GRAU TECNICO  PROX AO BRADESCO,BOA VISTA,,,COLISÃO TRASEIRA,1,0,0,0,0,0,0,0,0,0,0,0,0,0,1,0,0,0,0,0,0,0,Longo da via,Bom,Sem defeito,Perfeito estado,Seca,Perfeito estado,Faixa de pedestre,Não há placas,,Dupla,Canteiro central,,,,
202204294,0,2022-02-26,,COM VÍTIMA,FINALIZADA,BOA VIAGEM,RUA DEZ DE JULHO,,AV VINTE E TRES DE OUTUBRO,EM BAIXO  DO VIADUTO DA ESTAÇAO DO AEROPORTO  S/T AEROPORTO PRAIA,BOA VIAGEM,,CIDADE,COLISÃO TRANSVERSAL,2,0,1,0,0,0,0,0,0,0,0,0,0,0,0,0,0,0,1,0,0,0,Cruzamento,Bom,Não existe,Perfeito estado,Seca,Perfeito estado,Não existe,R-4a,,Única,Faixa seccionada,,,,
202204310,0,2022-02-26,,SEM VÍTIMA,CANCELADA,AREIAS,RUA SAO MIGUEL,,,E/F AO ATACAREJO SHOPPING,AREIAS,,,COLISÃO LATERAL,2,0,0,0,0,0,0,0,0,0,0,0,0,0,0,0,0,0,0,0,0,0,,,,,,,,,,,,,,,
202204326,0,2022-02-26,,COM VÍTIMA,FINALIZADA,PARNAMIRIM,RUA DONA RITA DE SOUZA,187,0,RUA DR SAMUEL LINS,AO LADO DO EDFC RIO DA PRATA,PARNAMIRIM,,SUBURBIO,COLISÃO TRANSVERSAL,1,0,1,0,0,0,0,0,0,0,0,0,0,0,0,0,0,0,1,0,0,0,Cruzamento,Bom,Não existe,Perfeito estado,Seca,Perfeito estado,Não existe,Outras,,Dupla,Faixa seccionada,,,