Protocolo,,data,hora,natureza_acidente,situacao,bairro,endereco,numero,detalhe_endereco_acidente,complemento,bairro_cruzamento,num_semaforo,sentido_via,tipo,auto,moto,ciclom,ciclista,pedestre,onibus,caminhao,viatura,outros,vitimas,vitimasfatais,acidente_verificado,tempo_clima,situacao_semaforo,sinalizacao,condicao_via,conservacao_via,ponto_controle,situacao_placa,velocidade_max_via,mao_direcao,divisao_via1,divisao_via2,divisao_via3,,,,,,,,,,,,,
202209295,0,2022-04-26,,COM VÍTIMA,FINALIZADA,BOA VIAGEM,AV ENGENHEIRO DOMINGOS FERREIRA,,RUA ARTUR MUNIZ,E/F AO SPETTUS,BOA VIAGEM,380,0,,COLISÃO TRANSVERSAL,1,0,1,0,0,0,0,0,0,0,0,0,0,0,0,0,0,0,1,0,0,0,Cruzamento,Bom,Sem defeito,Perfeito estado,Seca,Perfeito estado,Faixa de pedestre,R-6a,,Única,Não existe,,,
202209376,0,2022-04-27,,COM VÍTIMA,FINALIZADA,CASA FORTE,AV DEZESSETE DE AGOSTO,,EST REAL DO POCO,E/F A PRC DE CASA FORTE,CASA FORTE,,CIDADE,COLISÃO TRANSVERSAL,1,0,1,0,0,0,0,0,0,0,0,0,0,0,0,0,0,0,1,0,0,0,Esquina,Bom,Não existe,Perfeito estado,Seca,Perfeito estado,,Não há placas,40 km/h,Dupla,Faixa contínua,,,,
202209377,0,2022-04-27,,COM VÍTIMA,CANCELADA,SANTO AMARO,AV NORTE MIGUEL ARRAES DE ALENCAR,,RUA DA AURORA,SEMAFORO 243,SANTO AMARO,,,COLISÃO TRASEIRA,1,0,1,0,0,0,0,0,0,0,0,0,0,0,0,0,0,0,1,0,0,0,,,,,,,,,,,,,,,
202209378,0,2022-04-27,,COM VÍTIMA,FINALIZADA,BARRO,AV DR JOSE RUFINO,,,APÓS AO COLEGIO ALBERTO TORRES / POR CIMA DA PONTE,BARRO,,CIDADE,COLISÃO TRASEIRA,1,0,1,0,0,0,0,0,0,0,0,0,0,0,0,0,0,0,1,0,0,0,Longo da via,Bom,Não existe,Perfeito estado,Seca,Perfeito estado,Não existe,Não há placas,,Dupla,Faixa contínua,Faixa seccionada,,,
202209391,0,2022-04-28,,COM VÍTIMA,FINALIZADA,BOA VIAGEM,RUA PADRE CARAPUCEIRO,3575,0,AV CONSELHEIRO AGUIAR,E/F A EMPRESARIAL RIO AVE,BOA VIAGEM,115,0,CIDADE,COLISÃO TRASEIRA,2,0,0,0,0,0,1,0,0,0,0,0,0,0,0,0,0,0,1,0,0,0,Cruzamento,Bom,Sem defeito,Perfeito estado,Seca,Perfeito estado,Faixa de pedestre,R-6a,60 km/h,Única,Faixa contínua,,
202209396,0,2022-04-28,,COM VÍTIMA,FINALIZADA,ZUMBI,AV CAXANGA,426,0,,EM FRENTE AO COMPAZ,ZUMBI,489,0,CIDADE,ATROPELAMENTO DE PESSOA,0,0,0,0,0,0,0,0,1,0,1,0,0,0,0,0,0,0,1,0,0,0,Longo da via,Bom,Sem defeito,Perfeito estado,Seca,Perfeito estado,Faixa de pedestre,Não há placas,60 km/h,Dupla,Blocos,,
202209405,0,2022-04-28,,COM VÍTIMA,FINALIZADA,BOA VIAGEM,RUA ALMIRANTE TAMANDARE,230,0,RUA PADRE CABRAL,EM FRENTE AO EDF. ANTONIO MESQUITA,BOA VIAGEM,,SUBURBIO,COLISÃO TRANSVERSAL,1,0,1,0,0,0,0,0,0,0,0,0,0,0,0,0,0,0,2,0,0,0,Cruzamento,Bom,Não existe,Incompleta,Seca,Mal conservada,Não existe,Outras,,Única,Não existe,,,
202209445,0,2022-04-28,,SEM VÍTIMA,FINALIZADA,AFOGADOS,RUA SAO MIGUEL,10,0,EST DOS REMEDIOS,EM FRENTE AO ESTABELECIMENTO COMERCIAL GERAÇÃO INFANTIL,AFOGADOS,53,0,SUBURBIO,,0,0,0,0,0,0,0,0,0,0,0,0,1,0,1,0,0,0,0,0,0,0,Cruzamento,Bom,Sem defeito,Perfeito estado,Seca,Perfeito estado,Não existe,R-3,,Dupla,Não existe,,
202209492,0,2022-04-29,,COM VÍTIMA,FINALIZADA,CASA AMARELA,AV NORTE MIGUEL ARRAES DE ALENCAR,5121,0,RUA CABO EPITACIO LUCENA,DE ESQUINA COM O REI DA PICANHA, SENT. CASA AMARELA,CASA AMARELA,677,0,SUBURBIO,COLISÃO LATERAL,1,0,1,0,0,0,0,0,0,0,0,0,0,0,0,0,0,0,1,0,0,0,Longo da via,Chuvoso,Sem defeito,Perfeito estado,Molhada,Perfeito estado,Faixa de pedestre,R-6a,60 km/h,Única,Faixa contínua,
202209519,0,2022-04-29,,COM VÍTIMA,CANCELADA,AREIAS,AV DR JOSE RUFINO,,,E/F AO SENAI DE AREIAS,AREIAS,,,COLISÃO FRONTAL,1,0,1,0,0,0,0,0,0,0,0,0,0,0,0,0,0,0,1,0,0,0,,,,,,,,,,,,,,,
202209524,0,2022-04-29,,COM VÍTIMA,FINALIZADA,ESTÂNCIA,AV RECIFE,,,AO LADO DO CERPE/ SENTIDO BR,ESTÂNCIA,259,0,SUBURBIO,COLISÃO TRANSVERSAL,1,0,1,0,0,0,0,0,0,0,0,0,0,0,0,0,0,0,1,0,0,0,Longo da via,Chuvoso,Sem defeito,Perfeito estado,Molhada,Perfeito estado,Agente,R-5a,60 km/h,Única,Não existe,,,
202209534,0,2022-04-29,,SEM VÍTIMA,FINALIZADA,ILHA DO LEITE,RUA PAISSANDU,678,0,,LADO OPOSTO AO HOSPITAL SÃO MARCOS,ILHA DO LEITE,,SUBURBIO,COLISÃO TRASEIRA,2,0,0,0,0,0,0,0,0,0,0,0,0,0,0,0,0,0,0,0,0,0,Longo da via,Chuvoso,Não existe,Perfeito estado,Molhada,Perfeito estado,Não existe,R-6a,40 km/h,Dupla,Canteiro central,,,
202209536,0,2022-04-29,,COM VÍTIMA,FINALIZADA,IBURA,AV DOIS RIOS,,,EM FRENTE A POLICLINICA ARNALDO MARQUES,IBURA,,,COLISÃO FRONTAL,2,0,0,0,0,0,0,0,0,0,0,0,0,0,0,0,0,0,2,0,0,0,,,,,,,,,,,,,,,
202209549,0,2022-04-29,,COM VÍTIMA,FINALIZADA,JORDÃO,AV MARIA IRENE,405B,,POSTO JORDÃO,JORDÃO,,CIDADE,COLISÃO LATERAL,0,0,2,0,0,0,0,0,0,0,0,0,0,0,0,0,0,0,1,0,0,0,Longo da via,Bom,Não existe,Incompleta,Seca,Perfeito estado,Não existe,Não há placas,,Dupla,Não existe,,,,
202209601,0,2022-04-30,,COM VÍTIMA,FINALIZADA,BOA VIAGEM,AV BOA VIAGEM,6166,0,,EM FRENTE AO EDF. VEREDA DO MAR,BOA VIAGEM,,CIDADE,COLISÃO LATERAL,1,0,1,0,0,0,0,0,0,0,0,0,0,0,0,0,0,0,2,0,0,0,Longo da via,Bom,Sem defeito,Perfeito estado,Seca,Perfeito estado,Não existe,R-19,60 km/h,Única,Faixa contínua,,,
202209621,0,2022-04-30,,COM VÍTIMA,FINALIZADA,SÃO JOSÉ,RUA DO PEIXOTO,709,0,RUA FLORIANO PEIXOTO,PRÓX. AO RESTAURANTE POPULAR JOSUÉ DE CASTRO,SÃO JOSÉ,,,COLISÃO FRONTAL,0,0,1,0,0,0,0,0,0,0,1,0,0,0,0,0,0,0,1,0,0,0,Cruzamento,Bom,Não existe,Perfeito estado,Seca,Perfeito estado,Não existe,Não há placas,40 km/h,Única,Faixa,,,
202209622,0,2022-04-30,,COM VÍTIMA,FINALIZADA,JAQUEIRA,RUA LEONARDO BEZERRA CAVALCANTE,300,0,,PRÓX. AO EDIFÍCIO ESTAÇÃO JAQUEIRA,JAQUEIRA,,SUBURBIO,COLISÃO COM CICLISTA,1,0,0,0,0,0,1,0,0,0,0,0,0,0,0,0,0,0,1,0,0,0,Esquina,Bom,Não existe,Incompleta,Seca,Perfeito estado,Não existe,,,Única,Faixa contínua,,,
202209637,0,2022-04-30,,COM VÍTIMA,CANCELADA,ESPINHEIRO,RUA DA HORA,,RUA SANTO ELIAS,PRÓX. À PADARIA DONA MARIA - CASA DO PÃO,ESPINHEIRO,,,COLISÃO COM CICLISTA,1,0,0,0,0,0,1,0,0,0,0,0,0,0,0,0,0,0,1,0,0,0,,,,,,,,,,,,,,,
202209639,0,2022-04-30,,COM VÍTIMA,FINALIZADA,IPUTINGA,AV CAXANGA,,RUA DR PAULO CORREIA,PRÓX. AO CAXANGÁ GOLF & COUNTRY CLUB,IPUTINGA,,CIDADE,COLISÃO LATERAL,1,0,1,0,0,0,0,0,0,0,0,0,0,0,0,0,0,0,2,0,0,0,Longo da via,Bom,Não existe,Incompleta,Seca,Perfeito estado,Não existe,Outras,60 km/h,Dupla,Faixa contínua,Faixa seccionada,Canteiro central,,
202209656,0,2022-04-30,,COM VÍTIMA,FINALIZADA,BOA VISTA,AV GOVERNADOR AGAMENON MAGALHAES,,PRC PARQUE AMORIM,ENFRENTE AO BOMPREÇO DA AGAMENON,BOA VISTA,,SUBURBIO,COLISÃO TRANSVERSAL,0,0,1,0,0,0,0,0,0,0,1,0,0,0,0,0,0,0,1,0,0,0,Esquina,Bom,Não existe,Perfeito estado,Seca,Perfeito estado,Outros,Não há placas,,Única,Faixa contínua,Faixa seccionada,Canteiro central,,
202209696,0,2022-05-01,,COM VÍTIMA,FINALIZADA,AFOGADOS,RUA MOTOCOLOMBO,184,0,,AO LADO DA IGREJA CATOLICA DE AFOGADOS E IGREJA PRESBITERIANA,AFOGADOS,,SUBURBIO,COLISÃO FRONTAL,2,0,0,0,0,0,0,0,0,0,0,0,0,0,0,0,0,0,2,0,0,0,Longo da via,Bom,Não existe,Perfeito estado,Seca,Perfeito estado,Não existe,R-6a,,Única,Faixa seccionada,,,
202209735,0,2022-05-02,,COM VÍTIMA,FINALIZADA,CASA AMARELA,AV NORTE MIGUEL ARRAES DE ALENCAR,6465,0,,EM FRENTE A BARROS LIMA SENT. CIDADE,CASA AMARELA,,CIDADE,COLISÃO TRASEIRA,0,0,1,0,0,0,0,0,0,0,1,0,0,0,0,0,0,0,1,0,0,0,Longo da via,Chuvoso,Não existe,Perfeito estado,Molhada,Perfeito estado,Não existe,Não há placas,,Dupla,Canteiro central,,,
202209737,0,2022-05-02,,COM VÍTIMA,FINALIZADA,BOA VIAGEM,AV CONSELHEIRO AGUIAR,1951,0,,EM FRENTE A PADARIA AUGUSTA,BOA VIAGEM,,CIDADE,COLISÃO TRASEIRA,1,0,1,0,0,0,0,0,0,0,0,0,0,0,0,0,0,0,1,0,0,0,Longo da via,Chuvoso,Não existe,Perfeito estado,Molhada,Perfeito estado,Não existe,Outras,,Única,Faixa seccionada,,,
202209749,0,2022-05-02,,COM VÍTIMA,FINALIZADA,CAMPO GRANDE,AV GOVERNADOR AGAMENON MAGALHAES,,,EM FRENTE A FABRICA TECARUNA / SENT DERBY,CAMPO GRANDE,,,ATROPELAMENTO DE PESSOA,0,0,1,0,0,0,0,0,2,0,0,0,0,0,0,0,0,0,2,0,0,0,Longo da via,Bom,Não existe,Perfeito estado,Seca,Perfeito estado,Não existe,Outras,60 km/h,Dupla,Faixa seccionada,Outros,,,
202209759,0,2022-05-02,,COM VÍTIMA,FINALIZADA,MADALENA,RUA LOPES DE CARVALHO,256,0,RUA HERMOGENES DE MORAIS,RUA DO MARTELINHO DE OURO,MADALENA,,CIDADE,COLISÃO TRANSVERSAL,1,0,1,0,0,0,0,0,0,0,0,0,0,0,0,0,0,0,1,0,0,0,Esquina,Bom,Não existe,Perfeito estado,Seca,Perfeito estado,Não existe,Placas Pare,,Dupla,Não existe,,,
202209760,0,2022-05-02,,COM VÍTIMA,FINALIZADA,BOA VIAGEM,AV CONSELHEIRO AGUIAR,960,0,RUA TOME GIBSON,E/F A PADARIA MIRAMAR,BOA VIAGEM,2,0,CIDADE,COLISÃO LATERAL,1,0,1,0,0,0,0,0,0,0,0,0,0,0,0,0,0,0,1,0,0,0,Cruzamento,Bom,Sem defeito,Perfeito estado,Seca,Perfeito estado,Faixa de pedestre,Outras,60 km/h,Única,Faixa contínua,,
202209761,0,2022-05-02,,COM VÍTIMA,FINALIZADA,JAQUEIRA,RUA PADRE ROMA,195,0,RUA DO FUTURO,EM FRENTE  A POLI ALBERT SABIN,JAQUEIRA,223,0,,COLISÃO TRASEIRA,0,0,1,0,0,0,0,0,0,0,0,0,0,0,0,0,0,0,1,0,0,0,Esquina,Chuvoso,Sem defeito,Perfeito estado,Molhada,Perfeito estado,Faixa de pedestre,Outras,,Dupla,Faixa contínua,Faixa seccionada,Canteiro central
202209781,0,2022-05-02,,COM VÍTIMA,FINALIZADA,ESTÂNCIA,,168,0,,1ª TRAVESSA PRINCIPE DA BEIRA/ APÓS O MERCADINHO VITORIA,ESTÂNCIA,,,COLISÃO TRASEIRA,1,0,1,0,0,0,0,0,0,0,0,0,0,0,0,0,0,0,2,0,0,0,,,,,,,,,,,,,,
202209783,0,2022-05-02,,COM VÍTIMA,FINALIZADA,IPSEP,AV RECIFE,,,EM FRENTE À PETRO SERVICE CAR / SENTIDO BOA VIAGEM,IPSEP,,,COLISÃO TRASEIRA,0,0,0,0,0,0,0,0,0,0,2,0,0,0,0,0,0,0,7,0,0,0,,,,,,,,,,,,,,,
202209796,0,2022-05-02,,SEM VÍTIMA,FINALIZADA,BOA VISTA,AV MONTEVIDEU,196,0,PRC PARQUE AMORIM,RUA AO LADO DO HOSPITAL DE FRATURAS  POR TRAS DO BOMPREÇO,BOA VISTA,,,COLISÃO TRASEIRA,2,0,0,0,0,0,0,0,0,0,0,0,0,0,0,0,0,0,0,0,0,0,,,,,,,,,,,,,,
202209799,0,2022-05-02,,COM VÍTIMA,FINALIZADA,SANTO AMARO,AV GOVERNADOR AGAMENON MAGALHAES,,,PRÓX. AO MINISTÉRIO DO TRABALHO E EMPREGO. / OPOSTO A REITORIA UPE,SANTO AMARO,,CIDADE,COLISÃO TRASEIRA,1,0,1,0,0,0,0,0,0,0,0,0,0,0,0,0,0,0,1,0,0,0,Longo da via,Bom,Não existe,Perfeito estado,Seca,Perfeito estado,Não existe,Não há placas,60 km/h,Única,Faixa seccionada,,,,
202209806,0,2022-05-02,,SEM VÍTIMA,FINALIZADA,AFOGADOS,RUA COTUNGUBA,180,0,,ESTABELECIMENTO SARAIVA EQUIPAMENTOS ( EM FRENTE),AFOGADOS,,SUBURBIO,CHOQUE,1,0,0,0,0,0,0,0,0,0,0,0,1,0,0,0,0,0,0,0,0,0,Longo da via,Bom,Não existe,Não existente,Seca,Perfeito estado,Não existe,Não há placas,,Dupla,Não existe,,,
202209821,0,2022-05-02,,COM VÍTIMA,FINALIZADA,SAN MARTIN,RUA DELMIRO GOUVEIA,,,E/F A CHESF,SAN MARTIN,,,APOIO EMLURB,0,0,2,0,0,0,0,0,0,0,0,0,0,0,0,0,0,0,1,0,0,0,,,,,,,,,,,,,,,
202209824,0,2022-05-03,,SEM VÍTIMA,FINALIZADA,PRADO,RUA JOAO IVO DA SILVA,,,PROX A EUROVIA RENAULT, PISTA LESTE,PRADO,,,MONITORAMENTO,0,0,0,0,0,0,0,0,0,0,0,0,0,0,0,0,0,0,0,0,0,0,,,,,,,,,,,,,,
202209829,0,2022-05-03,,SEM VÍTIMA,FINALIZADA,ALTO DO MANDU,RUA IMBIRIBA,43,0,,PROX A ESCOLA VILA SÉZAMO,ALTO DO MANDU,,,CHOQUE,1,0,1,0,0,0,0,0,0,0,0,0,0,0,0,0,0,0,0,0,0,0,,,,,,,,,,,,,,
202209851,0,2022-05-03,,COM VÍTIMA,FINALIZADA,BOA VISTA,RUA VISCONDE DE GOIANA,234,0,RUA MARQUES AMORIM,RUA MARQUES  AMORIM,BOA VISTA,,CIDADE,COLISÃO TRANSVERSAL,1,0,0,0,0,0,0,0,0,0,1,0,0,0,0,0,0,0,1,0,0,0,Cruzamento,Chuvoso,Não existe,Perfeito estado,Molhada,Perfeito estado,Faixa de pedestre,Placas Pare,,Única,Não existe,,,
202209880,0,2022-05-03,,COM VÍTIMA,FINALIZADA,AREIAS,AV DR JOSE RUFINO,955,0,RUA COSTA HONORATO,E/F A HONDA  VT 28 NO LOCAL,AREIAS,,SUBURBIO,ATROPELAMENTO DE ANIMAL,0,0,1,0,0,0,0,0,0,0,0,0,0,0,0,0,0,0,1,0,0,0,Longo da via,Chuvoso,Não existe,Perfeito estado,Molhada,Perfeito estado,Não existe,R-6c,50 km/h,Dupla,Faixa contínua,Faixa seccionada,,
202209905,0,2022-05-03,,COM VÍTIMA,FINALIZADA,ENCRUZILHADA,AV NORTE MIGUEL ARRAES DE ALENCAR,,RUA ALFREDO DE CASTRO,E/F A RENAULT S/T SUB  NO SEMAFORO 665,ENCRUZILHADA,665,0,SUBURBIO,COLISÃO LATERAL,1,0,1,0,0,0,0,0,0,0,0,0,0,0,0,0,0,0,1,0,0,0,Cruzamento,Bom,Sem defeito,Perfeito estado,Seca,Perfeito estado,Faixa de pedestre,Outras,,Dupla,Canteiro central,,,
202209918,0,2022-05-03,,COM VÍTIMA,FINALIZADA,PORTO DA MADEIRA,AV BEBERIBE,3916,0,RUA DONA VIRTUOSA DE LUCENA,PROXIMO AO SEST SENAT,PORTO DA MADEIRA,,SUBURBIO,COLISÃO TRANSVERSAL,1,0,0,0,0,0,0,0,0,0,1,0,0,0,0,0,0,0,1,0,0,0,Longo da via,Bom,Não existe,Incompleta,Seca,Perfeito estado,Não existe,Não há placas,,Dupla,Faixa seccionada,,,
202209926,0,2022-05-03,,SEM VÍTIMA,FINALIZADA,SÃO JOSÉ,RUA IMPERIAL,1524,0,,,SÃO JOSÉ,87,0,SUBURBIO,COLISÃO TRASEIRA,1,0,0,0,0,0,0,0,0,0,0,0,0,0,1,0,0,0,0,0,0,0,Longo da via,Bom,Sem defeito,Perfeito estado,Seca,Perfeito estado,Não existe,,40 km/h,Única,Faixa seccionada,,
202209949,0,2022-05-04,,SEM VÍTIMA,FINALIZADA,PRADO,RUA JOAO IVO DA SILVA,,RUA PANDIA CALOGERAS,CLÍNICA CORPO E EQUILIBRIO,PRADO,,SUBURBIO,,1,0,0,0,0,0,0,0,0,0,0,0,0,0,1,0,0,0,0,0,0,0,,Bom,Não existe,Perfeito estado,Seca,Perfeito estado,Não existe,Não há placas,,Única,Canal,,,,
202209954,0,2022-05-04,,SEM VÍTIMA,FINALIZADA,BOA VIAGEM,AV BOA VIAGEM,6432,0,,E/F AO EDIFCIO NOBILE RESIDENCE MARIA FRAZÃO,BOA VIAGEM,,,COLISÃO LATERAL,1,0,1,0,0,0,0,0,0,0,0,0,0,0,0,0,0,0,0,0,0,0,,,,,,,,,,,,,,
202209970,0,2022-05-04,,SEM VÍTIMA,CANCELADA,PINA,AV DR DIRCEU VELLOSO TOSCANO DE BRITO,,,EM FRENTE A BARBEARIA IMPERIO DO HOMEM,PINA,,,COLISÃO LATERAL,0,0,0,0,0,0,0,0,0,0,0,0,2,0,0,0,0,0,0,0,0,0,,,,,,,,,,,,,,,
202209997,0,2022-05-04,,SEM VÍTIMA,FINALIZADA,DOIS IRMÃOS,RUA MANUEL DE MEDEIROS,,,PRÓXIMO AO SEMÁFORO 224 / EM FRENTE AO Z3 DA UFRPE,DOIS IRMÃOS,,CIDADE,CHOQUE,0,0,1,0,0,0,0,0,0,0,0,0,0,0,1,0,0,0,0,0,0,0,Longo da via,Bom,Sem defeito,Perfeito estado,Seca,Perfeito estado,Não existe,Não há placas,,Dupla,Faixa seccionada,,,,
202210010,0,2022-05-04,,COM VÍTIMA,FINALIZADA,BOA VISTA,RUA AURORA,,RUA PRINCESA IZABEL,SEMAFORO 387,BOA VISTA,,CIDADE,COLISÃO TRASEIRA,1,0,1,0,0,0,0,0,0,0,0,0,0,0,0,0,0,0,1,0,0,0,Cruzamento,Bom,Sem defeito,Perfeito estado,Seca,Perfeito estado,Faixa de pedestre,R-6a,,Única,Faixa contínua,,,,
202210017,0,2022-05-04,,COM VÍTIMA,FINALIZADA,ILHA JOANA BEZERRA,PTE JOSE DE BARROS LIMA,,,NA DESCIDA DO VIADUTO / E/F AO FORUM / SOB A PASSARELA,ILHA JOANA BEZERRA,,,ATROPELAMENTO DE PESSOA,1,0,0,0,0,0,0,0,1,0,0,0,0,0,0,0,0,0,1,0,0,0,Viaduto,Bom,Não existe,Perfeito estado,Seca,Perfeito estado,,,,,,,,,
202210020,0,2022-05-04,,COM VÍTIMA,FINALIZADA,TORRÕES,AV ENGENHEIRO ABDIAS DE CARVALHO,461,0,,E/F A SOS AUTO PEÇAS - LOMBADA ELETRONICA,  SEMAFORO 272. SNT CID,TORRÕES,272,0,CIDADE,COLISÃO TRASEIRA,1,0,1,0,0,0,0,0,0,0,0,0,0,0,0,0,0,0,1,0,0,0,Longo da via,Bom,Sem defeito,Perfeito estado,Seca,Perfeito estado,Faixa de pedestre,R-6a,60 km/h,Dupla,Faixa contínua,Canteiro central
202210023,0,2022-05-04,,COM VÍTIMA,FINALIZADA,ARRUDA,AV BEBERIBE,,RUA DAS MOCAS,EM FRENTE AO ESTÁDIO JOSÉ DO REGO MACIEL,ARRUDA,,SUBURBIO,COLISÃO LATERAL,1,0,1,0,0,0,0,0,0,0,0,0,0,0,0,0,0,0,2,0,0,0,Cruzamento,Bom,Não existe,Perfeito estado,Seca,Perfeito estado,Não existe,Não há placas,,Dupla,Faixa contínua,Faixa seccionada,,,
202210029,0,2022-05-04,,COM VÍTIMA,FINALIZADA,IMBIRIBEIRA,RUA ARQUITETO LUIZ NUNES,,,E/F A PRAÇA ARQUITETO LUIZ NUNES,IMBIRIBEIRA,,CIDADE,COLISÃO LATERAL,1,0,1,0,0,0,0,0,0,0,0,0,0,0,0,0,0,0,1,0,0,0,Outros,Bom,Não existe,Perfeito estado,Seca,Perfeito estado,Não existe,Não há placas,,Única,Faixa contínua,,,,
202210058,0,2022-05-05,,SEM VÍTIMA,FINALIZADA,TOTÓ,RUA ONZE DE AGOSTO,,,TERMINAL DE ÔNIBUS DA LINHA 203,TOTÓ,,,CHOQUE,1,0,0,0,0,0,0,0,0,0,1,0,0,0,0,0,0,0,0,0,0,0,Outros,Bom,Não existe,Não existente,Seca,Mal conservada,Não existe,Não há placas,,Única,Não existe,,,,
202210060,0,2022-05-05,,COM VÍTIMA,FINALIZADA,PRADO,RUA PADRE TEOFILO TWORZ,,RUA CARLOS GOMES,AO LADO DA BIG CAR,PRADO,,CIDADE,COLISÃO TRANSVERSAL,1,0,1,0,0,0,0,0,0,0,0,0,0,0,0,0,0,0,1,0,0,0,Cruzamento,Bom,Não existe,Perfeito estado,Seca,Perfeito estado,Faixa de pedestre,Outras,40 km/h,Única,Não existe,,,,
202210062,0,2022-05-05,,COM VÍTIMA,FINALIZADA,SANTO AMARO,AV GOVERNADOR AGAMENON MAGALHAES,,,PRÓXIMO A FABRICA TACARUNA,SANTO AMARO,,,COLISÃO LATERAL,0,0,2,0,0,0,0,0,0,0,0,0,0,0,0,0,0,0,2,0,0,0,,,,,,,,,,,,,,,
202210063,0,2022-05-05,,COM VÍTIMA,FINALIZADA,CASA FORTE,AV DEZESSETE DE AGOSTO,892,0,,EM FRENTE A PIZZARIA HUT,CASA FORTE,,SUBURBIO,COLISÃO LATERAL,1,0,1,0,0,0,0,0,0,0,0,0,0,0,0,0,0,0,1,0,0,0,Longo da via,Bom,Não existe,Perfeito estado,Seca,Perfeito estado,Não existe,R-6a,,Dupla,Faixa contínua,,,
202210066,0,2022-05-05,,SEM VÍTIMA,FINALIZADA,CORDEIRO,RUA PEREIRA DE MORAES,748,0,RUA PAES CABRAL,,CORDEIRO,,,,2,0,0,0,0,0,0,0,0,0,0,0,0,0,0,0,0,0,0,0,0,0,Cruzamento,Bom,Não existe,Não existente,Seca,Perfeito estado,Não existe,Não há placas,,Dupla,Não existe,,,
202210072,0,2022-05-05,,COM VÍTIMA,FINALIZADA,CIDADE UNIVERSITÁRIA,AV PROFESSOR ARTUR DE SA,1118,0,,AO LADO DO HOSPITAL DAS CLÍNICAS,CIDADE UNIVERSITÁRIA,,SUBURBIO,COLISÃO TRANSVERSAL,1,0,1,0,0,0,0,0,0,0,0,0,0,0,0,0,0,0,1,0,0,0,Longo da via,Bom,Não existe,Perfeito estado,Seca,Perfeito estado,Não existe,Não há placas,,Dupla,Faixa contínua,,,
202210081,0,2022-05-05,,SEM VÍTIMA,FINALIZADA,SANTO AMARO,AV GOVERNADOR AGAMENON MAGALHAES,,RUA BARROS BARRETO,EM FRENTE A REITORIA DA UPE,SANTO AMARO,,SUBURBIO,,1,0,0,0,0,0,0,0,0,0,0,0,0,0,1,0,0,0,0,0,0,0,Longo da via,Bom,Não existe,Perfeito estado,Seca,Perfeito estado,Não existe,Não há placas,60 km/h,Dupla,Faixa seccionada,Canteiro central,Canal,,
202210085,0,2022-05-05,,COM VÍTIMA,FINALIZADA,IMBIRIBEIRA,AV MARECHAL MASCARENHAS DE MORAES,3421,0,,EM FRENTE A CONCESSIONARIA MERCEDES BENZ / SENTIDO CIDADE,IMBIRIBEIRA,289,0,CIDADE,COLISÃO LATERAL,0,0,2,0,0,0,0,0,0,0,0,0,0,0,0,0,0,0,1,0,0,0,Longo da via,Bom,Sem defeito,Perfeito estado,Seca,Perfeito estado,Faixa de pedestre,Não há placas,60 km/h,Única,Faixa contínua,,
202210094,0,2022-05-05,,COM VÍTIMA,FINALIZADA,CAJUEIRO,AV CIDADE DE MONTEIRO,380,0,,EM FRENTE AO ARMAZÉM CORAL.,CAJUEIRO,,,COLISÃO LATERAL,1,0,0,0,0,0,0,0,0,0,0,0,1,0,0,0,0,0,2,0,0,0,Longo da via,Bom,Não existe,Perfeito estado,Seca,Perfeito estado,Faixa de pedestre,Outras,,Dupla,Faixa contínua,,,
202210100,0,2022-05-05,,COM VÍTIMA,FINALIZADA,BOA VISTA,RUA AURORA,,RUA PRINCESA IZABEL,RUA PRINCESA IZABEL,BOA VISTA,22,0,,COLISÃO LATERAL,0,0,2,0,0,0,0,0,0,0,0,0,0,0,0,0,0,0,1,0,0,0,Cruzamento,Bom,Sem defeito,Perfeito estado,Seca,Perfeito estado,Faixa de pedestre,Outras,,Única,Faixa contínua,,,
202210112,0,2022-05-05,,SEM VÍTIMA,CANCELADA,SANTO AMARO,AV GOVERNADOR AGAMENON MAGALHAES,,,E/F AO BRADESCO SEGUROS,SANTO AMARO,,OLINDA,COLISÃO TRASEIRA,3,0,0,0,0,0,0,0,0,0,0,0,0,0,0,0,0,0,0,0,0,0,,,,,,,,,,,,,,,
202210120,0,2022-05-05,,COM VÍTIMA,FINALIZADA,BEBERIBE,RUA URIEL DE HOLANDA,,RUA MELANIO DE BARROS CORREIA,E/F AO COLEGIO  PEDRO CELSO,BEBERIBE,,SUBURBIO,ATROPELAMENTO DE PESSOA,0,0,1,0,0,0,0,0,1,0,0,0,0,0,0,0,0,0,1,0,0,0,Longo da via,Bom,Não existe,Perfeito estado,Seca,Perfeito estado,Não existe,R-6a,40 km/h,Dupla,Não existe,,,,
202210121,0,2022-05-05,,COM VÍTIMA,FINALIZADA,MADALENA,RUA DEMOCRITO DE SOUZA FILHO,477,0,RUA PROFESSOR JOSE TORRES PIRES,GARDEN BELEZA CAFÉ MODA,MADALENA,,SUBURBIO,COLISÃO TRANSVERSAL,1,0,1,0,0,0,0,0,0,0,0,0,0,0,0,0,0,0,1,0,0,0,Cruzamento,Bom,Não existe,Incompleta,Seca,Perfeito estado,Não existe,Não há placas,,Única,Não existe,,,
202210144,0,2022-05-06,,COM VÍTIMA,FINALIZADA,IBURA,AV DOIS RIOS,550C,,EM FRENTE A IGREJA ELSHADAY,IBURA,,SUBURBIO,COLISÃO TRANSVERSAL,2,0,1,0,0,0,0,0,0,0,0,0,0,0,0,0,0,0,1,0,0,0,Longo da via,Bom,Não existe,Perfeito estado,Seca,Perfeito estado,Não existe,R-6a,,Dupla,Faixa contínua,,,,