Protocolo,,data,hora,natureza_acidente,situacao,bairro,endereco,numero,detalhe_endereco_acidente,complemento,bairro_cruzamento,num_semaforo,sentido_via,tipo,auto,moto,ciclom,ciclista,pedestre,onibus,caminhao,viatura,outros,vitimas,vitimasfatais,acidente_verificado,tempo_clima,situacao_semaforo,sinalizacao,condicao_via,conservacao_via,ponto_controle,situacao_placa,velocidade_max_via,mao_direcao,divisao_via1,divisao_via2,divisao_via3,,,,,,,,,,,,,
202210162,0,2022-05-06,,COM VÍTIMA,FINALIZADA,BOA VISTA,RUA DA SOLEDADE,170,0,RUA DO PROGRESSO,EM FRENTE A FUNDAÇÃO ALTINO VENTURA.,BOA VISTA,578,0,AV CDE DA BOA VISTA,COLISÃO TRASEIRA,1,0,1,0,0,0,0,0,0,0,0,0,0,0,0,0,0,0,1,0,0,0,Longo da via,Bom,Sem defeito,Perfeito estado,Seca,Perfeito estado,Faixa de pedestre,Outras,30 km/h,Única,Não existe,,
202210166,0,2022-05-06,,COM VÍTIMA,FINALIZADA,SANTO AMARO,AV GOVERNADOR AGAMENON MAGALHAES,,,EM FRENTE AO SHOPPING TACARUNA SENT. BOA VIAGEM. ANTIGA FÁBRICA TACARUNA.,SANTO AMARO,,CIDADE,QUEDA,0,0,0,0,1,0,0,0,0,0,0,0,0,0,0,0,0,0,1,0,0,0,Longo da via,Bom,Não existe,Perfeito estado,,Mal conservada,Não existe,Não há placas,60 km/h,Dupla,Faixa seccionada,Canteiro central,,,
202210176,0,2022-05-06,,COM VÍTIMA,FINALIZADA,TORRÕES,AV ENGENHEIRO ABDIAS DE CARVALHO,,,PROX AO GIROURO DA CHESF S/T SAN MARTIN NO SEMAFORO 375. LADO OPOSTO AO KIYOI GALETOS.,TORRÕES,375,0,CIDADE,ATROPELAMENTO DE PESSOA,0,0,1,0,0,0,0,0,1,0,0,0,0,0,0,0,0,0,1,0,0,0,Longo da via,Bom,Sem defeito,Perfeito estado,Seca,Perfeito estado,Faixa de pedestre,Não há placas,60 km/h,Única,Canteiro central,,,
202210183,0,2022-05-06,,COM VÍTIMA,FINALIZADA,SÃO JOSÉ,C SANTA RITA,,,,SÃO JOSÉ,,,QUEDA,0,0,1,0,0,0,0,0,0,0,0,0,0,0,0,0,0,0,1,0,0,0,,,,,,,,,,,,,,,
202210197,0,2022-05-06,,COM VÍTIMA,FINALIZADA,SANTO AMARO,AV GOVERNADOR AGAMENON MAGALHAES,,,SOBRE O VIADUTO DA AV JOÃO DE BARROS,SANTO AMARO,,OLINDA,ATROPELAMENTO DE PESSOA,0,0,1,0,0,0,0,0,1,0,0,0,0,0,0,0,0,0,2,0,0,0,Viaduto,Bom,Não existe,Perfeito estado,Seca,Perfeito estado,Não existe,R-32,60 km/h,Dupla,Faixa contínua,Faixa seccionada,Canteiro central,,
202210226,0,2022-05-06,,COM VÍTIMA,FINALIZADA,APIPUCOS,RUA DE APIPUCOS,,,EM FRENTE AO ARCADIA RECEPÇÕES.,APIPUCOS,,CIDADE,COLISÃO LATERAL,1,0,1,0,0,0,0,0,0,0,0,0,0,0,0,0,0,0,2,0,0,0,Longo da via,Bom,Não existe,Perfeito estado,Seca,Perfeito estado,Não existe,Não há placas,,Dupla,Faixa contínua,,,,
202210245,0,2022-05-07,,COM VÍTIMA,FINALIZADA,BAIRRO DO RECIFE,CAIS DO APOLO,,AV MILITAR,EM FRENTE AO ESTACIONAMENTO DA PREFEITURA.,BAIRRO DO RECIFE,436,0,CIDADE,QUEDA,0,0,1,0,0,0,0,0,0,0,0,0,0,0,0,0,0,0,1,0,0,0,Cruzamento,Bom,Sem defeito,Perfeito estado,Seca,Perfeito estado,Faixa de pedestre,Outras,,Única,Faixa contínua,,,
202210258,0,2022-05-07,,COM VÍTIMA,FINALIZADA,JARDIM SÃO PAULO,RUA LEANDRO BARRETO,533,0,,EM FRENTE À PADARIA LA ROQUE,JARDIM SÃO PAULO,,SUBURBIO,QUEDA,0,0,1,0,0,0,0,0,0,0,0,0,0,0,0,0,0,0,1,0,0,0,Longo da via,Chuvoso,Não existe,Ilegível,Molhada,Mal conservada,Não existe,Não há placas,40 km/h,Dupla,Faixa contínua,,,
202210264,0,2022-05-07,,SEM VÍTIMA,FINALIZADA,TAMARINEIRA,RUA GUIMARAES PEIXOTO,80,0,,EM FRENTE A ACADEMIA CROSS BOX,TAMARINEIRA,,,COLISÃO LATERAL,1,0,0,0,0,0,0,0,0,0,0,0,1,0,0,0,0,0,0,0,0,0,Longo da via,Chuvoso,Não existe,Perfeito estado,Molhada,Perfeito estado,,,20km/h,Única,Não existe,,,
202210284,0,2022-05-07,,COM VÍTIMA,FINALIZADA,JAQUEIRA,AV RUI BARBOSA,405,0,RUA DEPUTADO PEDRO PIRES FERREIRA,PARQUE DA JAQUEIRA,JAQUEIRA,,,COLISÃO LATERAL,1,0,1,0,0,0,0,0,0,0,0,0,0,0,0,0,0,0,1,0,0,0,Cruzamento,Bom,Não existe,Perfeito estado,Molhada,Perfeito estado,Faixa de pedestre,R-6a,,Única,Faixa contínua,,,
202210296,0,2022-05-07,,COM VÍTIMA,FINALIZADA,TAMARINEIRA,AV NORTE MIGUEL ARRAES DE ALENCAR,,RUA CONEGO BARATA,PROXIMO A FERREIRA COSTA. ATALANTA COLCHÕES,TAMARINEIRA,62,0,,COLISÃO TRANSVERSAL,1,0,1,0,0,0,0,0,0,0,0,0,0,0,0,0,0,0,1,0,0,0,Cruzamento,Bom,Sem defeito,Perfeito estado,Seca,Perfeito estado,Faixa de retenção,Outras,60 km/h,Dupla,Blocos,,,
202210333,0,2022-05-08,,COM VÍTIMA,FINALIZADA,CAXANGÁ,AV CAXANGA,653,0,,EM FRENTE AO COMPAZ MIGUEL ARRAES.,CAXANGÁ,489,0,CIDADE,COLISÃO TRASEIRA,1,0,1,0,0,0,0,0,0,0,0,0,0,0,0,0,0,0,2,0,0,0,Longo da via,Bom,Sem defeito,Incompleta,Seca,Perfeito estado,Agente,Não há placas,60 km/h,Única,Não existe,,
202210344,0,2022-05-08,,COM VÍTIMA,FINALIZADA,JORDÃO,AV DONA CARENTINA,1479,0,RUA ATALAIA,E/F A CAIXA D'ÁGUA. LADO OPOSTO AO Nº 1479.,JORDÃO,,SUBURBIO,COLISÃO LATERAL,1,0,1,0,0,0,0,0,0,0,0,0,0,0,0,0,0,0,1,0,0,0,Longo da via,Bom,Não existe,Incompleta,Seca,Mal conservada,Não existe,R-6a,,Dupla,Não existe,,,
202210346,0,2022-05-08,,SEM VÍTIMA,FINALIZADA,SÃO JOSÉ,RUA IMPERIAL,1898,0,,E/F A PREVENÇÃO EXTINTORES,SÃO JOSÉ,,,COLISÃO LATERAL,0,0,1,0,0,0,0,0,0,0,0,0,0,0,1,0,0,0,0,0,0,0,Cruzamento,Bom,Não existe,Perfeito estado,Seca,Perfeito estado,Não existe,Não há placas,60km/h,Única,Faixa seccionada,,,
202210354,0,2022-05-08,,SEM VÍTIMA,FINALIZADA,BONGI,RUA ISAAC MARKMAN,,,ENFRENTE A UPINHA DO BONGI,BONGI,,,COLISÃO LATERAL,2,0,0,0,0,0,0,0,0,0,0,0,0,0,0,0,0,0,0,0,0,0,,,,,,,,,,,,,,,
202210355,0,2022-05-08,,SEM VÍTIMA,FINALIZADA,ÁGUA FRIA,RUA EGAS MUNIZ,206,0,,LA LADEIRA DO BATUTA,ÁGUA FRIA,,,CHOQUE,1,0,0,0,0,0,0,0,0,0,0,0,0,0,0,0,0,0,0,0,0,0,,,,,,,,,,,,,,
202210361,0,2022-05-08,,COM VÍTIMA,FINALIZADA,IMBIRIBEIRA,AV MARECHAL MASCARENHAS DE MORAES,6133,0,,EMBAIXO DA ALÇA DE RETORNO / EM FRENTE AO ESTACIONAMENTO RECIFE PARK,IMBIRIBEIRA,,CIDADE,CHOQUE,0,0,1,0,0,0,0,0,0,0,0,0,0,0,0,0,0,0,1,0,0,0,Longo da via,Bom,Não existe,Não existente,Seca,Perfeito estado,Não existe,Não há placas,,Única,Não existe,,,
202210369,0,2022-05-08,,COM VÍTIMA,FINALIZADA,BOA VIAGEM,RUA SA E SOUZA,245,0,,PRÓX A PADARIA SANTA ROSA. ESCRITÓRIO CARVALHO E ANDRADE.,BOA VIAGEM,,CIDADE,COLISÃO LATERAL,1,0,1,0,0,0,0,0,0,0,0,0,0,0,0,0,0,0,1,0,0,0,Longo da via,Chuvoso,Não existe,Perfeito estado,Molhada,Perfeito estado,Não existe,Não há placas,,Dupla,Faixa seccionada,,,
202210375,0,2022-05-09,,COM VÍTIMA,FINALIZADA,IPUTINGA,AV CAXANGA,,,SOB O VIADUTO,IPUTINGA,,,CHOQUE,1,0,0,0,0,0,0,0,0,0,0,0,0,0,0,0,0,0,1,0,0,0,,,,,,,,,,,,,,,
202210389,0,2022-05-09,,COM VÍTIMA,FINALIZADA,DOIS UNIDOS,AV HILDEBRANDO DE VASCONCELOS,121,0,,PROX. AO CANIL. ACADEMIA OXY,DOIS UNIDOS,,CIDADE,COLISÃO COM CICLISTA,0,0,0,0,0,0,1,0,0,0,1,0,0,0,0,0,0,0,1,0,0,0,Longo da via,Bom,Não existe,Não existente,Seca,Perfeito estado,Não existe,Não há placas,,Dupla,Não existe,,,
202210395,0,2022-05-09,,COM VÍTIMA,FINALIZADA,IPSEP,AV RECIFE,2528,0,,SENT. BOA VIAGEM,  EM FRENTE A AVANT MULTIMARCAS,IPSEP,,SUBURBIO,COLISÃO LATERAL,1,0,1,0,0,0,0,0,0,0,0,0,0,0,0,0,0,0,1,0,0,0,Longo da via,Bom,Não existe,Perfeito estado,Seca,Perfeito estado,Não existe,Outras,,Dupla,Faixa seccionada,,
202210402,0,2022-05-09,,COM VÍTIMA,FINALIZADA,JARDIM SÃO PAULO,AV SAO PAULO,655,0,,E/F A FARMACIA PAGUE MENOS,JARDIM SÃO PAULO,,SUBURBIO,COLISÃO LATERAL,1,0,1,0,0,0,0,0,0,0,0,0,0,0,0,0,0,0,1,0,0,0,Longo da via,Bom,Não existe,Ilegível,Seca,Mal conservada,Não existe,Não há placas,,Dupla,Faixa seccionada,,,
202210421,0,2022-05-09,,SEM VÍTIMA,FINALIZADA,BAIRRO DO RECIFE,AV ALFREDO LISBOA,,,EM FRENTE O CAIS DO SERTÃO E AO LADO DA SECRETÁRIA CIÊNCIAS E TECNOLOGIA,BAIRRO DO RECIFE,,,COLISÃO TRASEIRA,2,0,0,0,0,0,0,0,0,0,0,0,0,0,0,0,0,0,0,0,0,0,,,,,,,,,,,,,,,
202210447,0,2022-05-09,,COM VÍTIMA,FINALIZADA,BAIRRO DO RECIFE,AV MILITAR,70,0,,EM FRENTE AO MUSEU MILITAR DO FORTE DO BRUM,BAIRRO DO RECIFE,,SUBURBIO,COLISÃO TRANSVERSAL,1,0,1,0,0,0,0,0,0,0,0,0,0,0,0,0,0,0,1,0,0,0,Longo da via,Bom,Não existe,Perfeito estado,Seca,Perfeito estado,Não existe,Outras,60 km/h,,Faixa seccionada,,,
202210450,0,2022-05-09,,SEM VÍTIMA,FINALIZADA,SÃO JOSÉ,RUA CORACAO DE MARIA,,,EM FRENTE AO BATALHÃO 16º,SÃO JOSÉ,,,COLISÃO TRASEIRA,1,0,0,0,0,0,0,0,0,0,0,0,0,0,1,0,0,0,0,0,0,0,Longo da via,Bom,Não existe,Perfeito estado,Seca,Perfeito estado,Não existe,Outras,,Dupla,Canteiro central,,,,
202210474,0,2022-05-09,,COM VÍTIMA,CANCELADA,IMBIRIBEIRA,AV RECIFE,,,E/F AO  RESTAURANTE SAL E BRASA,IMBIRIBEIRA,,,COLISÃO LATERAL,0,0,1,0,0,0,0,0,0,0,0,0,1,0,0,0,0,0,1,0,0,0,,,,,,,,,,,,,,,
202210509,0,2022-05-10,,COM VÍTIMA,FINALIZADA,CORDEIRO,RUA DR JOAO LACERDA,588,0,RUA TEOTONIO FREIRE,PRÓXIMO AO DHPP,CORDEIRO,,SUBURBIO,COLISÃO TRANSVERSAL,1,0,1,0,0,0,0,0,0,0,0,0,0,0,0,0,0,0,1,0,0,0,Cruzamento,Chuvoso,Não existe,Perfeito estado,Molhada,Perfeito estado,Não existe,Placas Pare,,Dupla,Não existe,,,
202210564,0,2022-05-10,,SEM VÍTIMA,FINALIZADA,SOLEDADE,AV JOAO DE BARROS,,,DESCIDA DO VIADUTO S/T OLINDA - PISTA LOCAL PRÓX. À POLICLÍNICA AGAMENON MAGALHÃES,SOLEDADE,,,COLISÃO LATERAL,2,0,0,0,0,0,0,0,0,0,0,0,0,0,0,0,0,0,0,0,0,0,Longo da via,Bom,Não existe,Perfeito estado,Seca,Perfeito estado,,,,Única,Canteiro central,,,,
202210569,0,2022-05-10,,COM VÍTIMA,FINALIZADA,PORTO DA MADEIRA,RUA DALVA DE OLIVEIRA,257,0,RUA NOVA ESPERANCA,E/F A IGREJA BATISTA DO VALE,PORTO DA MADEIRA,,CIDADE,COLISÃO TRANSVERSAL,1,0,1,0,0,0,0,0,0,0,0,0,0,0,0,0,0,0,1,0,0,0,Cruzamento,Bom,Não existe,Incompleta,Seca,Perfeito estado,Não existe,Outras,,Dupla,Não existe,,,
202210582,0,2022-05-10,,SEM VÍTIMA,FINALIZADA,ÁGUA FRIA,RUA JORNALISTA JOSE CAMPELO JUNIOR,892,0,,PROX A PIZZARIA VICIOS,ÁGUA FRIA,,,CHOQUE,0,0,0,0,0,0,0,0,0,0,0,0,1,0,0,0,0,0,0,0,0,0,Longo da via,Bom,Não existe,Perfeito estado,Seca,Perfeito estado,Não existe,Não há placas,,Dupla,Não existe,Faixa contínua,,
202210596,0,2022-05-11,,COM VÍTIMA,FINALIZADA,BOA VISTA,RUA DA UNIAO,410,0,RUA MAMEDE SIMOES,,BOA VISTA,,CIDADE,COLISÃO TRANSVERSAL,1,0,1,0,0,0,0,0,0,0,0,0,0,0,0,0,0,0,1,0,0,0,Cruzamento,Chuvoso,Não existe,Perfeito estado,Molhada,Perfeito estado,Não existe,Placas Pare,,Única,Não existe,,,
202210597,0,2022-05-11,,SEM VÍTIMA,FINALIZADA,CAXANGÁ,AV CAXANGA,,,EM FRENTE A ASSEMBLEIA DE DEUS,CAXANGÁ,232,0,CIDADE,COLISÃO LATERAL,1,0,0,0,0,0,0,0,0,0,0,0,0,0,1,0,0,0,0,0,0,0,Esquina,Bom,Sem defeito,Perfeito estado,Seca,Perfeito estado,Faixa de pedestre,Outras,,Dupla,Faixa seccionada,,,
202210600,0,2022-05-11,,COM VÍTIMA,FINALIZADA,COELHOS,RUA DOS COELHOS,,,DESCIDA DA PONTE DA PONTE JOAQUIM CARDOSO. UNIDADE BÁSICA DA FAMÍLIA 1,COELHOS,,CIDADE,QUEDA,0,0,1,0,0,0,0,0,1,0,0,0,0,0,0,0,0,0,1,0,0,0,Longo da via,Chuvoso,Não existe,Perfeito estado,Molhada,Perfeito estado,Faixa de pedestre,Outras,,Dupla,Canteiro central,,,,
202210607,0,2022-05-11,,SEM VÍTIMA,FINALIZADA,JARDIM SÃO PAULO,RUA DR HOLMES DO REGO BARROS,742,0,,RUA E/F AO COLÉGIO PLANTE INFANTIL,JARDIM SÃO PAULO,,,COLISÃO LATERAL,1,0,0,0,0,0,0,0,0,0,0,0,1,0,0,0,0,0,0,0,0,0,Longo da via,Bom,Não existe,Não existente,Molhada,Mal iluminada,Não existe,Não há placas,,Dupla,Não existe,,,
202210613,0,2022-05-11,,COM VÍTIMA,FINALIZADA,CAXANGÁ,AV CAXANGA,,AV PROFESSOR MORAES REGO,EMBAIXO DO VIADUTO. EM FRENTE AO TERMINAL SEVERINO LUIZ NUNES PEREIRA - GRANDE RECIFE.,CAXANGÁ,,CIDADE,QUEDA,0,0,1,0,0,0,0,0,0,0,0,0,0,0,0,0,0,0,1,0,0,0,Longo da via,Bom,Sem defeito,Perfeito estado,Oleosa,Perfeito estado,Não existe,Outras,,Dupla,Faixa seccionada,,,,
202210623,0,2022-05-11,,SEM VÍTIMA,FINALIZADA,MADALENA,RUA REAL DA TORRE,562,0,,E/F AO MERCADO DA MADALENA,MADALENA,,,COLISÃO LATERAL,1,0,0,0,0,0,0,0,0,0,0,0,0,0,1,0,0,0,0,0,0,0,Esquina,Chuvoso,Não existe,Perfeito estado,Molhada,Perfeito estado,Não existe,,,Única,Faixa seccionada,,,
202210640,0,2022-05-11,,COM VÍTIMA,FINALIZADA,IMBIRIBEIRA,RUA ARQUITETO LUIZ NUNES,673,0,,EM FRENTE A ESCOLA PINHEIROS / PROX  A LAGOA DO ARAÇA,IMBIRIBEIRA,560,0,CIDADE,ATROPELAMENTO DE PESSOA,1,0,0,0,0,0,0,0,1,0,0,0,0,0,0,0,0,0,1,0,0,0,Longo da via,Bom,Sem defeito,Perfeito estado,Seca,Perfeito estado,Faixa de pedestre,R-19,30 km/h,Dupla,Faixa contínua,,
202210656,0,2022-05-11,,COM VÍTIMA,FINALIZADA,BOA VIAGEM,RUA DOS NAVEGANTES,2621,0,,EM FRENTE AO EDIFICIO PORTAL DOS NAVEGANTES,BOA VIAGEM,,SUBURBIO,COLISÃO TRANSVERSAL,2,0,1,0,0,0,0,0,0,0,0,0,0,0,0,0,0,0,1,0,0,0,Longo da via,Bom,Não existe,Perfeito estado,Seca,Perfeito estado,Não existe,Não há placas,,Única,Não existe,,,
202210657,0,2022-05-11,,SEM VÍTIMA,FINALIZADA,BOA VISTA,RUA DA UNIAO,397,0,,EM FRENTE À ASSEMBLEIA LEGISLATIVA,BOA VISTA,,,COLISÃO LATERAL,2,0,0,0,0,0,0,0,0,0,0,0,0,0,0,0,0,0,0,0,0,0,Cruzamento,Bom,Não existe,Perfeito estado,Seca,Perfeito estado,Não existe,Placas Pare,,Única,Não existe,,,
202210672,0,2022-05-11,,COM VÍTIMA,FINALIZADA,PRADO,RUA RODRIGUES DE MENDONCA,31,0,RUA PANDIA CALOGERAS,ESPAÇO BELEZA NATALIA GALDINO,PRADO,,CIDADE,COLISÃO TRANSVERSAL,0,0,2,0,0,0,0,0,0,0,0,0,0,0,0,0,0,0,1,0,0,0,Cruzamento,Bom,Não existe,Perfeito estado,Seca,Perfeito estado,Não existe,Outras,,Única,Não existe,,,
202210697,0,2022-05-11,,COM VÍTIMA,FINALIZADA,MONTEIRO,AV DEZESSETE DE AGOSTO,261,0,,PRÓX AO AÇUDE DE APIPUCOS. EDF. ENGENHO APIPUCOS.,MONTEIRO,,,COLISÃO TRASEIRA,1,0,2,0,0,0,0,0,0,0,0,0,0,0,0,0,0,0,1,0,0,0,Longo da via,Bom,Não existe,Perfeito estado,Seca,Perfeito estado,Não existe,Outras,,Dupla,Faixa contínua,,,
202210721,0,2022-05-12,,SEM VÍTIMA,FINALIZADA,BOA VIAGEM,RUA ERNESTO DE PAULA SANTOS,1368,0,,EMPRESARIAL ERNESTO DE PAULA SANTOS,BOA VIAGEM,,,COLISÃO LATERAL,1,0,1,0,0,0,0,0,0,0,0,0,0,0,0,0,0,0,0,0,0,0,,,,,,,,,,,,,,
202210752,0,2022-05-12,,COM VÍTIMA,FINALIZADA,PAISSANDU,AV GOVERNADOR AGAMENON MAGALHAES,,,APÓS O SEMÁFORO 068 SENTIDO BOA VIAGEM,PAISSANDU,,BOA VIAGEM,COLISÃO TRASEIRA,1,0,1,0,0,0,0,0,0,0,0,0,0,0,0,0,0,0,1,0,0,0,Longo da via,Bom,Sem defeito,Perfeito estado,Seca,Perfeito estado,Agente,Outras,60 km/h,Única,Canteiro central,,,,
202210756,0,2022-05-12,,COM VÍTIMA,FINALIZADA,CAMPO GRANDE,RUA ODORICO MENDES,188,0,RUA VISCONDE DE CAIRU,PRÓX. AO CLUBE DAS PÁS E LOJAS IMPÉRIO,CAMPO GRANDE,,CIDADE,COLISÃO TRANSVERSAL,1,0,1,0,0,0,0,0,0,0,0,0,0,0,0,0,0,0,1,0,0,0,Cruzamento,Bom,Não existe,Perfeito estado,Seca,Perfeito estado,Não existe,Não há placas,,Dupla,Faixa,,,
202210761,0,2022-05-12,,COM VÍTIMA,FINALIZADA,BOA VIAGEM,AV ENGENHEIRO DOMINGOS FERREIRA,3704,0,,E/F A ESCOLA DE GASTRONOMIA E CONFEITARIA. EM FRENTE A IGA.,BOA VIAGEM,,SUBURBIO,COLISÃO TRASEIRA,1,0,1,0,0,0,0,0,0,0,0,0,0,0,0,0,0,0,1,0,0,0,Longo da via,Bom,Não existe,Perfeito estado,Seca,Perfeito estado,Não existe,Outras,60 km/h,Única,Faixa seccionada,,,
202210764,0,2022-05-12,,COM VÍTIMA,FINALIZADA,SANTO AMARO,RUA DO HOSPICIO,,RUA JOAO LIRA,PROXIMO AO MINISTERIO PUBLICO. PARQUE TREZE DE MAIO.,SANTO AMARO,32,0,SUBURBIO,COLISÃO TRANSVERSAL,1,0,1,0,0,0,0,0,0,0,0,0,0,0,0,0,0,0,1,0,0,0,Cruzamento,Chuvoso,Sem defeito,Perfeito estado,Molhada,Perfeito estado,Faixa de pedestre,Outras,,Dupla,Faixa seccionada,Blocos,,
202210769,0,2022-05-12,,COM VÍTIMA,FINALIZADA,ARRUDA,AV BEBERIBE,1253,0,RUA BOLIVAR,E/F AOP ESTADIO DO SANTA CRUZ . LADO OPOSTO À LOJA COBRA CORAL.,ARRUDA,,CIDADE,COLISÃO LATERAL,1,0,1,0,0,0,0,0,0,0,0,0,0,0,0,0,0,0,1,0,0,0,Cruzamento,Bom,Não existe,Perfeito estado,Seca,Perfeito estado,Não existe,R-6a,60 km/h,Dupla,Faixa contínua,Faixa seccionada,,
202210774,0,2022-05-12,,COM VÍTIMA,FINALIZADA,BOA VISTA,AV GOVERNADOR AGAMENON MAGALHAES,1387,0,,EM FRENTE A FARMACIA DROGASIL/ SENTIDO OLINDA,BOA VISTA,174,0,SUBURBIO,COLISÃO TRASEIRA,1,0,1,0,0,0,0,0,0,0,0,0,0,0,0,0,0,0,1,0,0,0,Longo da via,Bom,Não existe,Perfeito estado,Molhada,Perfeito estado,Não existe,Não há placas,60 km/h,Única,Faixa seccionada,,
202210785,0,2022-05-12,,COM VÍTIMA,FINALIZADA,IPUTINGA,RUA QUIPAPA,222,0,,AO LADO DO MOTEL ÁPICE,IPUTINGA,,SUBURBIO,COLISÃO LATERAL,0,0,1,0,0,0,0,0,0,0,1,0,0,0,0,0,0,0,1,0,0,0,Longo da via,Chuvoso,Não existe,Perfeito estado,Molhada,Perfeito estado,Não existe,Não há placas,,Única,Não existe,,,
202210786,0,2022-05-12,,COM VÍTIMA,FINALIZADA,BOA VIAGEM,RUA JOAO CARDOSO AIRES,600,0,RUA ALMIRANTE BATISTA LEAO,EM FRENTE AO PARQUE DA PIZZA,BOA VIAGEM,,SUBURBIO,COLISÃO LATERAL,1,0,1,0,0,0,0,0,0,0,0,0,0,0,0,0,0,0,1,0,0,0,Cruzamento,Bom,Não existe,Perfeito estado,Seca,Perfeito estado,Não existe,Outras,,Única,Outros,,,
202210802,0,2022-05-13,,COM VÍTIMA,FINALIZADA,ESTÂNCIA,AV RECIFE,5388,0,,VIADUTO ULISSES GUIMARÃES. AO LADO DO HÉLIO SOM,ESTÂNCIA,,CIDADE,COLISÃO LATERAL,2,0,1,0,0,0,0,0,0,0,0,0,0,0,0,0,0,0,2,0,0,0,Longo da via,Chuvoso,Não existe,Perfeito estado,Molhada,Perfeito estado,Não existe,Não há placas,,Única,Faixa seccionada,,,
202210833,0,2022-05-13,,COM VÍTIMA,FINALIZADA,GRAÇAS,AV RUI BARBOSA,,RUA ALBERTO PAIVA,EM FRENTE AO MUSEU DO ESTADO,GRAÇAS,305,0,,COLISÃO TRASEIRA,1,0,1,0,0,0,0,0,0,0,0,0,0,0,0,0,0,0,1,0,0,0,,,,,,,,,,,,,,
202210860,0,2022-05-13,,COM VÍTIMA,FINALIZADA,ENCRUZILHADA,AV BEBERIBE,,RUA PEDRO ALVES,ESQUINA DA FARMÁCIA DROGASIL,ENCRUZILHADA,186,0,SUBURBIO,COLISÃO TRANSVERSAL,1,0,1,0,0,0,0,0,0,0,0,0,0,0,0,0,0,0,1,0,0,0,Cruzamento,Bom,Sem defeito,Perfeito estado,Seca,Perfeito estado,Faixa de pedestre,R-6a,40 km/h,Dupla,Faixa contínua,,,
202210861,0,2022-05-13,,COM VÍTIMA,FINALIZADA,PINA,AV BOA VIAGEM,328,0,,EM FRENTE AO EDIFICIO ARAUCARIA,PINA,119,0,CIDADE,COLISÃO LATERAL,1,0,1,0,0,0,0,0,0,0,0,0,0,0,0,0,0,0,1,0,0,0,Longo da via,Bom,Sem defeito,Perfeito estado,Seca,Perfeito estado,Faixa de retenção,Não há placas,60 km/h,Única,Faixa contínua,,
202210868,0,2022-05-13,,COM VÍTIMA,FINALIZADA,SÃO JOSÉ,VDO DAS CINCO PONTAS,,,,SÃO JOSÉ,,,QUEDA,0,0,0,0,0,0,1,0,0,0,0,0,0,0,0,0,0,0,1,0,0,0,,,,,,,,,,,,,,,
202210871,0,2022-05-13,,COM VÍTIMA,FINALIZADA,AFOGADOS,RUA SAO MIGUEL,1331,0,,EM FRENTE AO BODE DO NÓ,AFOGADOS,,,COLISÃO LATERAL,0,0,0,0,0,0,0,0,0,0,0,0,0,0,0,0,0,0,1,0,0,0,,,,,,,,,,,,,,
202210883,0,2022-05-13,,COM VÍTIMA,FINALIZADA,MADALENA,AV ENGENHEIRO ABDIAS DE CARVALHO,,EST DOS REMEDIOS,E/F AO BOBS  E FARMACIA INDEPENDENTE / SEMÁFORO 052,MADALENA,52,0,SUBURBIO,COLISÃO TRANSVERSAL,0,0,1,0,0,0,0,0,0,0,0,0,0,0,0,0,1,0,1,0,0,0,Cruzamento,Bom,Sem defeito,Perfeito estado,Seca,Perfeito estado,Faixa de pedestre,Não há placas,,Dupla,Canteiro central,,,
202210890,0,2022-05-13,,SEM VÍTIMA,FINALIZADA,BOA VISTA,AV MANOEL BORBA,,,COM A RUA JOSÉ DE ALENCAR,BOA VISTA,,,COLISÃO LATERAL,2,0,0,0,0,0,0,0,0,0,0,0,0,0,0,0,0,0,0,0,0,0,,,,,,,,,,,,,,,
202210893,0,2022-05-14,,VÍTIMA FATAL,FINALIZADA,CORDEIRO,AV MAURICIO DE NASSAU,,,POR TRAS DO PARQUE DE EXPOSIÇÃO DO CORDEIRO,CORDEIRO,,SUBURBIO,CHOQUE,1,0,0,0,0,0,0,0,0,0,0,0,0,0,0,0,0,0,1,0,1,0,Outros,Chuvoso,Não existe,Perfeito estado,Molhada,Perfeito estado,Não existe,Outras,,Dupla,Faixa contínua,,,,
202210905,0,2022-05-14,,COM VÍTIMA,FINALIZADA,AFOGADOS,EST DOS REMEDIOS,879,0,RUA CRISOPOLIS,EM FRENTE O POSTO PETROBAHIA,AFOGADOS,,CIDADE,COLISÃO LATERAL,1,0,1,0,0,0,0,0,0,0,0,0,0,0,0,0,0,0,1,0,0,0,Longo da via,Chuvoso,Não existe,Perfeito estado,Molhada,Perfeito estado,Não existe,R-6a,,Única,Faixa seccionada,,,
202210910,0,2022-05-14,,COM VÍTIMA,FINALIZADA,BOA VISTA,AV CONDE DA BOA VISTA,,RUA DA SAUDADE,BANCO BRADESCO,BOA VISTA,,SUBURBIO,COLISÃO LATERAL,1,0,1,0,0,0,0,0,0,0,0,0,0,0,0,0,0,0,1,0,0,0,Longo da via,Chuvoso,Sem defeito,Perfeito estado,Molhada,Perfeito estado,Não existe,R-6c,40 km/h,Dupla,Faixa seccionada,Canteiro central,,,
202210915,0,2022-05-14,,COM VÍTIMA,FINALIZADA,ROSARINHO,AV NORTE MIGUEL ARRAES DE ALENCAR,,,,ROSARINHO,,,COLISÃO LATERAL,1,0,1,0,0,0,0,0,0,0,0,0,0,0,0,0,0,0,1,0,0,0,,,,,,,,,,,,,,,