Protocolo,,data,hora,natureza_acidente,situacao,bairro,endereco,numero,detalhe_endereco_acidente,complemento,bairro_cruzamento,num_semaforo,sentido_via,tipo,auto,moto,ciclom,ciclista,pedestre,onibus,caminhao,viatura,outros,vitimas,vitimasfatais,acidente_verificado,tempo_clima,situacao_semaforo,sinalizacao,condicao_via,conservacao_via,ponto_controle,situacao_placa,velocidade_max_via,mao_direcao,divisao_via1,divisao_via2,divisao_via3,,,,,,,,,,,,,
202210923,0,2022-05-14,,COM VÍTIMA,FINALIZADA,TOTÓ,RUA PAULINO DE FARIAS,591,0,,LOJA DE ROUPAS MARIA FLOR MODAS,TOTÓ,,AV LIBERDADE,QUEDA,0,0,1,0,0,0,0,0,0,0,0,0,0,0,0,0,0,0,2,0,0,0,Longo da via,Bom,Não existe,Perfeito estado,Seca,Perfeito estado,Não existe,R-6a,,Dupla,Não existe,,,
202210931,0,2022-05-14,,COM VÍTIMA,FINALIZADA,TEJIPIÓ,RUA FALCAO DE LACERDA,338,0,,EM FRENTE AO CARTORIO, PROX. AO CENTER GOSPEL,TEJIPIÓ,,SUBURBIO,COLISÃO LATERAL,2,0,1,0,0,0,0,0,0,0,0,0,0,0,0,0,0,0,1,0,0,0,Longo da via,Bom,Não existe,Perfeito estado,Seca,Mal conservada,Não existe,Não há placas,,Dupla,Faixa contínua,,
202210953,0,2022-05-14,,COM VÍTIMA,FINALIZADA,BOA VIAGEM,AVENIDA CELSO FURTADO (VIA MANGUE),,,NA BIFURGAÇAO. PRÓXIMO AO LÊ PARK,BOA VIAGEM,,SUBURBIO,COLISÃO LATERAL,1,0,1,0,0,0,0,0,0,0,0,0,0,0,0,0,0,0,2,0,0,0,Viaduto,Bom,Não existe,Incompleta,Seca,,Não existe,Não há placas,,Dupla,Faixa seccionada,,,,
202210963,0,2022-05-14,,SEM VÍTIMA,FINALIZADA,CAMPO GRANDE,RUA MARIA AUGUSTA DE SOUZA,300,0,,PROX A ESCOLA JANDIRA BOTELHO,CAMPO GRANDE,,,COLISÃO LATERAL,2,0,0,0,0,0,0,0,0,0,0,0,0,0,0,0,0,0,0,0,0,0,,,,,,,,,,,,,,
202210975,0,2022-05-14,,COM VÍTIMA,FINALIZADA,AFOGADOS,AV SUL,2372,0,,NA SUBIDA DA PONTE. EM FRENTE AO TROCÃO,AFOGADOS,39,0,CIDADE,COLISÃO COM CICLISTA,0,0,0,0,0,0,1,0,0,0,1,0,0,0,0,0,0,0,1,0,0,0,Longo da via,Chuvoso,Sem defeito,Perfeito estado,Molhada,Perfeito estado,Não existe,Não há placas,,Única,Faixa seccionada,,
202210976,0,2022-05-14,,SEM VÍTIMA,CANCELADA,AREIAS,AV CAPITAO GREGORIO DE CALDAS,,,AO LADO DO BIG BOMPREÇO,AREIAS,,,COLISÃO LATERAL,2,0,0,0,0,0,0,0,0,0,0,0,0,0,0,0,0,0,0,0,0,0,,,,,,,,,,,,,,,
202210982,0,2022-05-15,,COM VÍTIMA,FINALIZADA,GRAÇAS,AV GOVERNADOR AGAMENON MAGALHAES,,RUA DR BANDEIRA FILHO,MC DONALDS,GRAÇAS,173,0,CIDADE,COLISÃO LATERAL,0,0,1,0,0,0,0,0,0,0,0,0,0,0,0,0,1,0,2,0,0,0,Cruzamento,Bom,Sem defeito,Perfeito estado,Seca,Perfeito estado,Faixa de pedestre,R-26,60 km/h,Dupla,Canteiro central,,,
202210995,0,2022-05-15,,COM VÍTIMA,FINALIZADA,IPSEP,AV RECIFE,4880,0,,LADO OPOSTO AO ATACADAO  /  SENT UFPE. EM FRENTE À TAMBAÍ.,IPSEP,,CIDADE,COLISÃO TRASEIRA,1,0,1,0,0,0,0,0,0,0,0,0,0,0,0,0,0,0,1,0,0,0,Longo da via,Chuvoso,Sem defeito,Perfeito estado,Molhada,Perfeito estado,Não existe,Não há placas,60 km/h,Dupla,Canteiro central,,,
202211002,0,2022-05-15,,COM VÍTIMA,FINALIZADA,BOA VIAGEM,AV CONSELHEIRO AGUIAR,1733,0,RUA SOLIDONIO LEITE,EM FRENTE A CLINICA ORTOPEDICA DE BOA VIAGEM,BOA VIAGEM,,CIDADE,COLISÃO TRANSVERSAL,3,0,0,0,0,0,0,0,0,0,0,0,0,0,0,0,0,0,2,0,0,0,Longo da via,Bom,Não existe,Perfeito estado,Seca,Perfeito estado,Não existe,Não há placas,60 km/h,Única,Faixa seccionada,,,
202211003,0,2022-05-15,,COM VÍTIMA,FINALIZADA,CORDEIRO,AV GENERAL SAN MARTIN,,RUA GOMES TABORDA,EM FRENTE À FARMÁCIA DROGASIL,CORDEIRO,67,0,,COLISÃO LATERAL,1,0,1,0,0,0,0,0,0,0,0,0,0,0,0,0,0,0,1,0,0,0,Cruzamento,Bom,Sem defeito,Incompleta,Seca,Mal conservada,Faixa de pedestre,R-6a,,Dupla,Faixa seccionada,,,
202211013,0,2022-05-15,,SEM VÍTIMA,FINALIZADA,PAISSANDU,AV GOVERNADOR AGAMENON MAGALHAES,,RUA HENRIQUE DIAS,ANTIGO RESTAURANTE SPETTUS,PAISSANDU,68,0,,,1,0,0,0,0,0,0,0,0,0,0,0,0,0,1,0,0,0,0,0,0,0,Cruzamento,Bom,Sem defeito,Perfeito estado,Seca,Perfeito estado,Faixa de pedestre,R-4a,60 km/h,Dupla,Faixa contínua,,,
202211017,0,2022-05-15,,COM VÍTIMA,FINALIZADA,BOA VIAGEM,RUA SA E SOUZA,725,0,RUA DR LUIZ INACIO PESSOA DE MELO,PROX AO RECIFE FLAT  E/F AO EDF COSTA BLAC. APÓS O EMPRESARIAL SÁ E SOUZA.,BOA VIAGEM,,SUBURBIO,COLISÃO TRANSVERSAL,1,0,1,0,0,0,0,0,0,0,0,0,0,0,0,0,0,0,2,0,0,0,Cruzamento,Bom,Não existe,Perfeito estado,Seca,Perfeito estado,Faixa de retenção,Placas Pare,,Dupla,Faixa contínua,,,
202211052,0,2022-05-16,,COM VÍTIMA,FINALIZADA,BONGI,EST DO BONGI,761,0,,EM FRENTE AO BOCA LOKA LANCHES III,BONGI,,SUBURBIO,COLISÃO TRANSVERSAL,1,0,1,0,0,0,0,0,0,0,0,0,0,0,0,0,0,0,2,0,0,0,Longo da via,Bom,Sem defeito,Perfeito estado,Seca,Perfeito estado,Não existe,R-6a,40 km/h,Dupla,Faixa contínua,,,
202211095,0,2022-05-16,,COM VÍTIMA,DUPLICIDADE,ROSARINHO,AV SANTOS DUMONT,960,0,,EM FRENTE A PRAÇA DO ROSARINHO,ROSARINHO,,,QUEDA,0,0,1,0,0,0,0,0,0,0,0,0,0,0,0,0,0,0,1,0,0,0,,,,,,,,,,,,,,
202211101,0,2022-05-16,,COM VÍTIMA,FINALIZADA,ROSARINHO,AV SANTOS DUMONT,960,0,RUA AMARO COUTINHO,PRAÇA PHAELANTE DA CÂMARA.,ROSARINHO,,SUBURBIO,COLISÃO LATERAL,1,0,1,0,0,0,0,0,0,0,0,0,0,0,0,0,0,0,1,0,0,0,Cruzamento,Bom,Não existe,Perfeito estado,Seca,Perfeito estado,Não existe,Placas Pare,40 km/h,Única,Faixa seccionada,,,
202211106,0,2022-05-16,,COM VÍTIMA,FINALIZADA,CURADO,RUA DR GEORGE WILLIAM BUTLER,675 / 51C,,EM FRENTE A ROCA BRASIL (GROUPE),CURADO,,CIDADE,COLISÃO FRONTAL,0,0,1,0,0,0,0,0,0,0,1,0,0,0,0,0,0,0,1,0,0,0,Longo da via,Bom,Não existe,Incompleta,Seca,Perfeito estado,Não existe,Não há placas,,Dupla,Não existe,,,,
202211114,0,2022-05-16,,COM VÍTIMA,FINALIZADA,SANTO AMARO,AV NORTE MIGUEL ARRAES DE ALENCAR,,RUA AURORA,EM CIMA DA PONTE,SANTO AMARO,243,0,SUBURBIO,COLISÃO COM CICLISTA,1,0,0,0,0,0,1,0,0,0,0,0,0,0,0,0,0,0,1,0,0,0,Cruzamento,Bom,Sem defeito,Perfeito estado,Seca,Perfeito estado,Faixa de pedestre,R-6a,,Dupla,Faixa seccionada,Canteiro central,,
202211133,0,2022-05-17,,COM VÍTIMA,FINALIZADA,CORDEIRO,AV CAXANGA,1052,0,,EM FRENTE A CAIXA ECONÔMICA, SENTIDO CAMARAGIBE. LADO OPOSTO À LOCALIZA SEMINOVOS.,CORDEIRO,,SUBURBIO,COLISÃO TRASEIRA,1,0,0,0,1,0,0,0,0,0,0,0,0,0,0,0,0,0,1,0,0,0,Longo da via,Bom,Sem defeito,Perfeito estado,Seca,Perfeito estado,Não existe,Outras,,Dupla,Faixa seccionada,,
202211135,0,2022-05-17,,COM VÍTIMA,FINALIZADA,CASA AMARELA,AV NORTE MIGUEL ARRAES DE ALENCAR,,,EM FRENTE AO REI DA PINCANHA, SENT. MACAXEIRA,CASA AMARELA,677,0,SUBURBIO,COLISÃO LATERAL,1,0,1,0,0,0,0,0,0,0,0,0,0,0,0,0,0,0,1,0,0,0,Longo da via,Bom,Sem defeito,Perfeito estado,Seca,Perfeito estado,Faixa de pedestre,R-6a,,Dupla,Blocos,,
202211166,0,2022-05-17,,COM VÍTIMA,FINALIZADA,JORDÃO,AV MARIA IRENE,25,0,,EM FRENTE A BASE AEREA DO RECIFE,JORDÃO,,CIDADE,ATROPELAMENTO DE PESSOA,0,0,0,0,0,0,0,0,1,0,0,0,0,0,1,0,0,0,1,0,0,0,Longo da via,Bom,Não existe,Perfeito estado,Seca,Perfeito estado,Não existe,Não há placas,,Dupla,Faixa contínua,,,
202211174,0,2022-05-17,,SEM VÍTIMA,FINALIZADA,JARDIM SÃO PAULO,EST DO CURADO,55,0,AV LIBERDADE,,JARDIM SÃO PAULO,,SUBURBIO,,1,0,0,0,0,0,0,0,0,0,1,0,0,0,0,0,0,0,0,0,0,0,Cruzamento,Bom,Não existe,Não existente,Seca,Mal conservada,Não existe,Placas Pare,40 km/h,Dupla,Não existe,,,
202211180,0,2022-05-17,,COM VÍTIMA,FINALIZADA,CORDEIRO,AV CAXANGA,1214,0,RUA GREGORIO JUNIOR,EM FRENTE A CASA FUNERARIA SANTA PAULA,CORDEIRO,236,0,SUBURBIO,COLISÃO COM CICLISTA,0,0,1,0,0,0,1,0,0,0,0,0,0,0,0,0,0,0,2,0,0,0,Cruzamento,Bom,Sem defeito,Perfeito estado,Seca,Perfeito estado,Faixa de pedestre,Não há placas,60 km/h,Única,Faixa contínua,,
202211200,0,2022-05-17,,COM VÍTIMA,FINALIZADA,BOA VISTA,AV GOVERNADOR AGAMENON MAGALHAES,,AV RUI BARBOSA,PROX AO TRIBUNAL ELEITORAL,BOA VISTA,,BOA VIAGEM,COLISÃO LATERAL,1,0,1,0,0,0,0,0,0,0,0,0,0,0,0,0,0,0,1,0,0,0,Longo da via,Bom,Sem defeito,Perfeito estado,Seca,Perfeito estado,Faixa de pedestre,R-4b,60 km/h,Única,Faixa contínua,,,,
202211208,0,2022-05-17,,COM VÍTIMA,FINALIZADA,MANGUEIRA,RUA VINTE E UM DE ABRIL,1205,0,RUA NELSON AVILA,PROX A CONTRUAR ( ARMAZEM). EM FRENTE À IGREJA BATISTA NACIONAL EM AFOGADOS.,MANGUEIRA,,CIDADE,COLISÃO FRONTAL,1,0,1,0,0,0,0,0,0,0,0,0,0,0,0,0,0,0,1,0,0,0,Longo da via,Bom,Não existe,Perfeito estado,Seca,Perfeito estado,Não existe,Outras,,Dupla,Faixa seccionada,,,
202211209,0,2022-05-17,,COM VÍTIMA,FINALIZADA,BOA VIAGEM,RUA VISCONDE DE JEQUITINHONHA,,RUA BALTAZAR PASSOS,NO CRUZAMENTO C/A RUA BALTAZAR PASSOS,BOA VIAGEM,154,0,,ATROPELAMENTO DE PESSOA,1,0,0,0,0,0,0,0,1,0,0,0,0,0,0,0,0,0,1,0,0,0,,,,,,,,,,,,,,
202211210,0,2022-05-17,,COM VÍTIMA,FINALIZADA,MACAXEIRA,AV JOSE AMERICO DE ALMEIDA,79,0,,PRÓX AO CAMPO DA UNIAO / E/F A PRC ZUMBI DOS PALMARES,MACAXEIRA,,CIDADE,COLISÃO LATERAL,0,0,1,0,0,0,0,0,0,0,1,0,0,0,0,0,0,0,1,0,0,0,Longo da via,Bom,Não existe,Incompleta,Seca,Perfeito estado,Não existe,Não há placas,,Dupla,Não existe,,,
202211229,0,2022-05-18,,COM VÍTIMA,FINALIZADA,AREIAS,AV CAPITAO GREGORIO DE CALDAS,,AV RECIFE,LADO OPOSTO AO BIG BOMPREÇO, SENTIDO PRAIA,AREIAS,494,0,SUBURBIO,ATROPELAMENTO DE PESSOA,0,0,0,0,0,0,0,0,2,0,1,0,0,0,0,0,0,0,2,0,0,0,Cruzamento,Bom,Sem defeito,Não existente,Seca,Perfeito estado,Outros,Não há placas,30 km/h,Dupla,Canteiro central,,
202211233,0,2022-05-18,,COM VÍTIMA,FINALIZADA,AFOGADOS,AV SUL,S/N,,EM FRENTE A POLICLINICA AGAMENON MAGALHAES AO LADO DA ESTAÇÃO DO METRO SENT. CIDADE,AFOGADOS,,CIDADE,COLISÃO TRASEIRA,2,0,0,0,0,0,0,0,0,0,0,0,0,0,0,0,0,0,1,0,0,0,Longo da via,Bom,Não existe,Perfeito estado,Seca,Mal iluminada,Não existe,Não há placas,,Única,Faixa seccionada,,,,
202211236,0,2022-05-18,,COM VÍTIMA,FINALIZADA,AREIAS,AV RECIFE,29,0,,PROXIMO O ATACADÃO , EM FRENTE O POSTO BR....SENTIDO CAXANGÁ,AREIAS,620,0,BR-101,COLISÃO LATERAL,2,0,1,0,0,0,0,0,0,0,0,0,0,0,0,0,0,0,1,0,0,0,Longo da via,Bom,Sem defeito,Perfeito estado,Seca,Perfeito estado,Não existe,R-6a,,Dupla,Faixa seccionada,Canteiro central
202211244,0,2022-05-18,,SEM VÍTIMA,CANCELADA,SANTO AMARO,AV GOVERNADOR AGAMENON MAGALHAES,,,EM BAIXO DO VIADULTO ROBERTO PEREIRA DE CARVALHO,SANTO AMARO,,,COLISÃO TRASEIRA,1,0,0,0,0,0,0,0,0,0,0,0,0,0,1,0,0,0,0,0,0,0,,,,,,,,,,,,,,,
202211255,0,2022-05-18,,SEM VÍTIMA,CANCELADA,ESPINHEIRO,RUA SANTO ELIAS,450,0,,EDF VILA MARINA,ESPINHEIRO,,,COLISÃO TRASEIRA,1,0,0,0,0,0,0,0,0,0,0,0,1,0,0,0,0,0,0,0,0,0,,,,,,,,,,,,,,
202211259,0,2022-05-18,,COM VÍTIMA,FINALIZADA,JOANA BEZERRA,VIADUTO CAPITAO TEMUDO,,,NA DESCIDA DO VIADUTO SENT. BOA VIAGEM,JOANA BEZERRA,,BOA VIAGEM,COLISÃO TRASEIRA,1,0,1,0,0,0,0,0,0,0,0,0,0,0,0,0,0,0,1,0,0,0,Viaduto,Bom,Não existe,Perfeito estado,Seca,Perfeito estado,Não existe,Não há placas,60 km/h,Dupla,Canteiro central,,,,
202211276,0,2022-05-18,,SEM VÍTIMA,FINALIZADA,GRAÇAS,RUA DR BANDEIRA FILHO,,,EM FRENTE A PAGUE MENOS,GRAÇAS,,,COLISÃO LATERAL,2,0,0,0,0,0,0,0,0,0,0,0,0,0,0,0,0,0,0,0,0,0,,,,,,,,,,,,,,,
202211294,0,2022-05-18,,SEM VÍTIMA,FINALIZADA,BOA VIAGEM,RUA BRUNO VELOSO,,,EM FRENTE AO SHOPPING RECIFE,BOA VIAGEM,,,COLISÃO LATERAL,2,0,0,0,0,0,0,0,0,0,0,0,0,0,0,0,0,0,0,0,0,0,,,,,,,,,,,,,,,
202211297,0,2022-05-18,,COM VÍTIMA,FINALIZADA,PORTO DA MADEIRA,AV BEBERIBE,3433,0,RUA PASCOAL SIVINI,E/F AO CONJUNTO JOAO PAULO SEGUNDO,  POSTO SIVINI,PORTO DA MADEIRA,,,COLISÃO TRANSVERSAL,1,0,1,0,0,0,0,0,0,0,0,0,0,0,0,0,0,0,1,0,0,0,Longo da via,Bom,Não existe,Perfeito estado,Seca,Perfeito estado,Não existe,R-6a,,Dupla,Faixa contínua,Faixa seccionada,
202211338,0,2022-05-19,,SEM VÍTIMA,FINALIZADA,SÃO JOSÉ,RUA IMPERIAL,889,0,,EM FRENTE AO BAR DO CHINA,SÃO JOSÉ,511,0,SUBURBIO,COLISÃO TRASEIRA,1,0,0,0,0,0,0,0,0,0,0,0,0,0,1,0,0,0,0,0,0,0,Longo da via,Bom,Sem defeito,Perfeito estado,Seca,Perfeito estado,Faixa de pedestre,Não há placas,,Única,Faixa contínua,,
202211339,0,2022-05-19,,COM VÍTIMA,FINALIZADA,NOVA DESCOBERTA,RUA DA PAZ,,AV CHAGAS FERREIRA,AO LADO DA UPA,NOVA DESCOBERTA,,SUBURBIO,COLISÃO FRONTAL,0,0,1,0,0,0,0,0,0,0,1,0,0,0,0,0,0,0,1,0,0,0,Ponte,Bom,Não existe,Não existente,Seca,Mal conservada,Não existe,Não há placas,,Dupla,Não existe,,,,
202211361,0,2022-05-19,,COM VÍTIMA,FINALIZADA,BOA VIAGEM,RUA DOS NAVEGANTES,785,0,RUA ERNESTO DE PAULA SANTOS,POR TRAS DO ANTIGO RECIFE PALACE,BOA VIAGEM,,,COLISÃO TRANSVERSAL,2,0,0,0,0,0,0,0,0,0,0,0,0,0,0,0,0,0,3,0,0,0,Cruzamento,Bom,Não existe,Perfeito estado,Seca,Perfeito estado,Faixa de retenção,Placas Pare,,Única,Faixa seccionada,,,
202211369,0,2022-05-19,,COM VÍTIMA,FINALIZADA,DERBY,AV GOVERNADOR AGAMENON MAGALHAES,,,NO SENTIDO OLINDA,DERBY,,,COLISÃO TRASEIRA,0,0,1,0,0,0,0,0,0,0,1,0,0,0,0,0,0,0,1,0,0,0,Longo da via,Bom,Não existe,Perfeito estado,Seca,Perfeito estado,Agente,Outras,60 km/h,Única,Faixa seccionada,,,,
202211386,0,2022-05-19,,SEM VÍTIMA,FINALIZADA,SANTO AMARO,RUA ALMEIDA CUNHA,,,COM A RUA AFONSO PENA,SANTO AMARO,,,COLISÃO LATERAL,2,0,0,0,0,0,0,0,0,0,0,0,0,0,0,0,0,0,0,0,0,0,,,,,,,,,,,,,,,
202211425,0,2022-05-20,,COM VÍTIMA,FINALIZADA,IMBIRIBEIRA,RUA ARQUITETO LUIZ NUNES,233,0,AV ENGENHEIRO ALVES DE SOUZA,ESQUINA COM JULIETO CAFE. EM FRENTE AO JULIETTO.,IMBIRIBEIRA,634,0,CIDADE,COLISÃO TRANSVERSAL,1,0,1,0,0,0,0,0,0,0,0,0,0,0,0,0,0,0,1,0,0,0,Cruzamento,Bom,Sem defeito,Perfeito estado,Seca,Perfeito estado,Faixa de pedestre,Não há placas,40 km/h,Dupla,Faixa contínua,Faixa seccionada,
202211483,0,2022-05-21,,SEM VÍTIMA,FINALIZADA,CASA FORTE,RUA JADER DE ANDRADE,43,0,,EM FRENTE AO NÚMERO 43,CASA FORTE,,,,1,0,1,0,0,0,0,0,0,0,0,0,0,0,0,0,0,0,0,0,0,0,Longo da via,Chuvoso,Não existe,Não existente,Molhada,Perfeito estado,Não existe,Não há placas,,Dupla,Não existe,,,
202211506,0,2022-05-21,,COM VÍTIMA,FINALIZADA,ARRUDA,RUA DO MACHADO,32,0,RUA DAS MOCAS,AO LADO CAMPO DO SANTA CRUZ,ARRUDA,,CIDADE,COLISÃO FRONTAL,1,0,1,0,0,0,0,0,0,0,0,0,0,0,0,0,0,0,1,0,0,0,Longo da via,Bom,Não existe,Perfeito estado,Seca,Perfeito estado,Faixa de pedestre,Placas Pare,30 km/h,Dupla,Não existe,,,
202211544,0,2022-05-21,,COM VÍTIMA,FINALIZADA,APIPUCOS,RUA DE APIPUCOS,685,0,,APOS O POSTO BR E/F AO RESIDENCIAL APIPUCOS, LADO OPOSTO À RESERVA DE APIPUCOS.,APIPUCOS,,SUBURBIO,COLISÃO TRASEIRA,1,0,1,0,0,0,0,0,0,0,0,0,0,0,0,0,0,0,1,0,0,0,Longo da via,Bom,Não existe,Perfeito estado,Seca,Perfeito estado,Não existe,R-6a,,Dupla,Faixa contínua,,
202211545,0,2022-05-21,,COM VÍTIMA,CANCELADA,IMBIRIBEIRA,AV SUL,S/N,,ENTRE A ESTAÇAO DE METRO TANCREDO NEVES  EA TI TANCREDO NEVES S/T CID,IMBIRIBEIRA,,,COLISÃO FRONTAL,0,0,1,0,0,0,0,0,0,0,0,0,0,0,0,0,0,0,2,0,0,0,,,,,,,,,,,,,,,
202211547,0,2022-05-21,,COM VÍTIMA,FINALIZADA,MADALENA,AV JOSE GONCALVES DE MEDEIROS,,,EM FRENTE A DPCA E MAXTROC.,MADALENA,,CIDADE,COLISÃO LATERAL,1,0,1,0,0,0,0,0,0,0,0,0,0,0,0,0,0,0,2,0,0,0,Longo da via,Bom,Não existe,Incompleta,Seca,Perfeito estado,Não existe,R-6a,,Única,Não existe,,,,
202211549,0,2022-05-21,,SEM VÍTIMA,FINALIZADA,SANTO AMARO,AV CRUZ CABUGA,,RUA DR JOAO VIEIRA DE MENEZES,SOB O SEMÁFORO 674,SANTO AMARO,674,0,SUBURBIO,CHOQUE,1,0,0,0,0,0,0,0,0,0,0,0,0,0,0,0,0,0,0,0,0,0,Cruzamento,Bom,Sem defeito,Perfeito estado,Seca,Perfeito estado,Não existe,Não há placas,,Dupla,Faixa seccionada,,,
202211552,0,2022-05-21,,SEM VÍTIMA,CANCELADA,ESPINHEIRO,AV GOVERNADOR AGAMENON MAGALHAES,,,E/F AO BANCO DO NORDESTE,ESPINHEIRO,,BOA VIAGEM,COLISÃO LATERAL,2,0,0,0,0,0,0,0,0,0,0,0,0,0,0,0,0,0,0,0,0,0,,,,,,,,,,,,,,,
202211575,0,2022-05-21,,COM VÍTIMA,FINALIZADA,TORRE,RUA PROFESSOR TRAJANO DE MENDONCA,,,FARMÁCIA DROGASIL,TORRE,,CIDADE,COLISÃO COM CICLISTA,1,0,0,0,0,0,1,0,0,0,0,0,0,0,0,0,0,0,1,0,0,0,Longo da via,Bom,Não existe,Perfeito estado,Seca,Perfeito estado,Não existe,Não há placas,,Única,Faixa seccionada,,,,
202211581,0,2022-05-22,,COM VÍTIMA,FINALIZADA,MADALENA,EST DOS REMEDIOS,,AV JOSE GONCALVES DE MEDEIROS,E/F À POLICLINICA LESSA DE ANDRADE,MADALENA,353,0,CIDADE,COLISÃO TRANSVERSAL,1,0,1,0,0,0,0,0,0,0,0,0,0,0,0,0,0,0,1,0,0,0,Cruzamento,Bom,Sem defeito,Perfeito estado,Seca,Perfeito estado,Faixa de pedestre,Placas Pare,,Única,Faixa seccionada,,,
202211604,0,2022-05-22,,COM VÍTIMA,FINALIZADA,AFOGADOS,RUA SAO MIGUEL,,RUA LUIZ PEREIRA DE FARIAS,PARAISO DOS PET'S,AFOGADOS,,CIDADE,ATROPELAMENTO DE PESSOA,0,0,1,0,0,0,0,0,1,0,0,0,0,0,0,0,0,0,2,0,0,0,Cruzamento,Bom,Não existe,Perfeito estado,Seca,Perfeito estado,,,60 km/h,Dupla,Faixa contínua,,,,
202211608,0,2022-05-22,,COM VÍTIMA,FINALIZADA,VÁRZEA,AV AFONSO OLINDENSE,72,0,AV CAXANGA,ENFRENTE AOS CORREIOS,VÁRZEA,568,0,SUBURBIO,COLISÃO LATERAL,1,0,1,0,0,0,0,0,0,0,0,0,0,0,0,0,0,0,1,0,0,0,Longo da via,Bom,Sem defeito,Incompleta,Seca,Perfeito estado,Faixa de pedestre,R-6a,30 km/h,Dupla,Faixa contínua,Faixa seccionada,
202211635,0,2022-05-22,,COM VÍTIMA,FINALIZADA,MACAXEIRA,RUA MARIA AMALIA,7,0,SUB DA UNIAO,AO LADO DO CAMPO DA UNIÃO.,MACAXEIRA,,CIDADE,COLISÃO LATERAL,1,0,1,0,0,0,0,0,0,0,0,0,0,0,0,0,0,0,1,0,0,0,Longo da via,Chuvoso,Não existe,Não existente,Seca,Mal conservada,Não existe,Não há placas,,Dupla,Não existe,,,
202211636,0,2022-05-22,,SEM VÍTIMA,FINALIZADA,IPUTINGA,AV CAXANGA,,RUA MANOEL JOAQUIM DE ALMEIDA,IPUTINGA VEICULOS,IPUTINGA,533,0,,,1,0,1,0,0,0,0,0,0,0,0,0,0,0,0,0,0,0,0,0,0,0,Cruzamento,Bom,Sem defeito,Perfeito estado,,,Faixa de pedestre,Não há placas,,Dupla,Canteiro central,,,
202211649,0,2022-05-22,,COM VÍTIMA,FINALIZADA,BOA VIAGEM,RUA RIBEIRO DE BRITO,,RUA TENENTE DOMINGOS DE BRITO,EM FRENTE A IGREJA MARANATA,BOA VIAGEM,331,0,,COLISÃO TRANSVERSAL,1,0,1,0,0,0,0,0,0,0,0,0,0,0,0,0,0,0,2,0,0,0,Cruzamento,Chuvoso,Sem defeito,Perfeito estado,Molhada,Perfeito estado,Faixa de pedestre,Não há placas,,Única,Não existe,,,
202211650,0,2022-05-22,,COM VÍTIMA,FINALIZADA,JAQUEIRA,AV CONS ROSA E SILVA,1847,0,RUA NETO DE MENDONCA,EM FRENTE A SMART FIT,JAQUEIRA,686,0,SUBURBIO,COLISÃO TRANSVERSAL,0,0,2,0,0,0,0,0,0,0,0,0,0,0,0,0,0,0,1,0,0,0,Longo da via,Bom,Sem defeito,Perfeito estado,Seca,Perfeito estado,Faixa de retenção,Não há placas,60 km/h,Única,Faixa seccionada,,
202211667,0,2022-05-23,,COM VÍTIMA,FINALIZADA,CORDEIRO,AV CAXANGA,2255,0,,EM FRENTE AO PARQUE DE EXPOSIÇÕES DE ANIMAIS DO CORDEIRO.,CORDEIRO,235,0,SUBURBIO,ATROPELAMENTO DE PESSOA,1,0,0,0,0,0,0,0,1,0,1,0,0,0,0,0,0,0,1,0,0,0,Longo da via,Chuvoso,Sem defeito,Perfeito estado,Molhada,Perfeito estado,Não existe,Outras,,Dupla,Faixa seccionada,,
202211669,0,2022-05-23,,COM VÍTIMA,DUPLICIDADE,CAXANGÁ,AV CAXANGA,,,EM FRENTE A EXPOSOÇAO  DE ANOMAIS / SENT CAMARAGIBE,CAXANGÁ,,,ATROPELAMENTO DE PESSOA,0,0,0,0,0,0,0,0,1,0,1,0,0,0,0,0,0,0,1,0,0,0,,,,,,,,,,,,,,,
202211671,0,2022-05-23,,COM VÍTIMA,FINALIZADA,PARNAMIRIM,RUA DA ESTRELA,164,0,,EM FRENTE AO QUARTEL DO EXERCITO,PARNAMIRIM,,SUBURBIO,COLISÃO LATERAL,1,0,1,0,0,0,0,0,0,0,0,0,0,0,0,0,0,0,2,0,0,0,Longo da via,Chuvoso,Não existe,Perfeito estado,Molhada,Perfeito estado,Não existe,Outras,30 km/h,Dupla,Não existe,,,
202211683,0,2022-05-23,,COM VÍTIMA,FINALIZADA,TORRE,RUA JOSE BONIFACIO,851,0,,EM FRENTE A HONDA,TORRE,301,0,SUBURBIO,COLISÃO TRASEIRA,1,0,1,0,0,0,0,0,0,0,0,0,0,0,0,0,0,0,1,0,0,0,Longo da via,Bom,Sem defeito,Perfeito estado,Seca,Perfeito estado,Faixa de pedestre,Não há placas,,Única,Faixa seccionada,,
202211684,0,2022-05-23,,COM VÍTIMA,FINALIZADA,BOA VISTA,RUA DOM BOSCO,,,EM FRENTE A RADIO PATRULHA,BOA VISTA,,SUBURBIO,COLISÃO TRANSVERSAL,1,0,1,0,0,0,0,0,0,0,0,0,0,0,0,0,0,0,1,0,0,0,Longo da via,Bom,Sem defeito,Perfeito estado,Seca,Perfeito estado,Não existe,Não há placas,40 km/h,Única,Faixa seccionada,,,,
202211687,0,2022-05-23,,COM VÍTIMA,FINALIZADA,PINA,RUA MANOEL DE BRITO,243,0,,LADO OPOSTO AO CORPUS MOTEL.,PINA,,CIDADE,COLISÃO COM CICLISTA,1,0,0,0,0,0,1,0,0,0,0,0,0,0,0,0,0,0,1,0,0,0,Longo da via,Bom,Não existe,Perfeito estado,Seca,Perfeito estado,Outros,Não há placas,,Única,Faixa seccionada,,,