Protocolo,,data,hora,natureza_acidente,situacao,bairro,endereco,numero,detalhe_endereco_acidente,complemento,bairro_cruzamento,num_semaforo,sentido_via,tipo,auto,moto,ciclom,ciclista,pedestre,onibus,caminhao,viatura,outros,vitimas,vitimasfatais,acidente_verificado,tempo_clima,situacao_semaforo,sinalizacao,condicao_via,conservacao_via,ponto_controle,situacao_placa,velocidade_max_via,mao_direcao,divisao_via1,divisao_via2,divisao_via3,,,,,,,,,,,,,
202211691,0,2022-05-23,,COM VÍTIMA,CANCELADA,BOA VIAGEM,AV ENGENHEIRO DOMINGOS FERREIRA,,,PROXIMO AO PONTEIO,BOA VIAGEM,,,ATROPELAMENTO DE PESSOA,1,0,0,0,0,0,0,0,1,0,0,0,0,0,0,0,0,0,1,0,0,0,,,,,,,,,,,,,,,
202211729,0,2022-05-23,,COM VÍTIMA,CANCELADA,TORRE,RUA JOSE OSORIO,,,E/F A AUTO CAR,TORRE,,,COLISÃO FRONTAL,1,0,1,0,0,0,0,0,0,0,0,0,0,0,0,0,0,0,1,0,0,0,,,,,,,,,,,,,,,
202211739,0,2022-05-23,,COM VÍTIMA,CANCELADA,NOVA DESCOBERTA,RUA TEREZA CARNEIRO,,,PROX AO POSTO DE SAUDE,NOVA DESCOBERTA,,,COLISÃO LATERAL,0,0,1,0,0,0,0,0,0,0,0,0,1,0,0,0,0,0,1,0,0,0,,,,,,,,,,,,,,,
202211746,0,2022-05-23,,COM VÍTIMA,FINALIZADA,JOANA BEZERRA,VDO PAPA JOAO PAULO II,,,SOBRE O VIADUTO. AO LADO DO TI JOANA BEZERRA.,JOANA BEZERRA,,SUBURBIO,ATROPELAMENTO DE PESSOA,3,0,0,0,0,0,0,0,1,0,0,0,0,0,0,0,0,0,1,0,0,0,Viaduto,Chuvoso,Não existe,Não existente,Molhada,Perfeito estado,Não existe,Não há placas,60 km/h,Única,,,,,
202211747,0,2022-05-23,,SEM VÍTIMA,CANCELADA,IPUTINGA,AV PROFESSOR MORAES REGO,,,E/F A HAPVIDA,IPUTINGA,,,COLISÃO TRASEIRA,3,0,0,0,0,0,0,0,0,0,0,0,0,0,0,0,0,0,0,0,0,0,,,,,,,,,,,,,,,
202211777,0,2022-05-24,,SEM VÍTIMA,FINALIZADA,GRAÇAS,RUA AMARO BEZERRA,410,0,RUA JOAQUIM NABUCO,AO LADO DA SODIE DOCES,GRAÇAS,,CIDADE,,1,0,0,0,0,0,0,0,0,0,0,0,0,0,0,0,0,0,0,0,0,0,Longo da via,Chuvoso,Não existe,Perfeito estado,Molhada,Perfeito estado,Não existe,Outras,,Única,Não existe,,,
202211825,0,2022-05-24,,COM VÍTIMA,FINALIZADA,TORRÕES,RUA QUINZE DE MARCO,594,0,RUA VINTE E UM DE ABRIL,PRÓX. À SANTIAGO PETSHOP,  BAR 21 BEER,TORRÕES,,SUBURBIO,CHOQUE,1,0,0,0,0,0,0,0,0,0,0,0,0,0,0,0,0,0,1,0,0,0,Cruzamento,Chuvoso,Não existe,Perfeito estado,Molhada,Mal conservada,Não existe,Não há placas,60 km/h,Dupla,Faixa seccionada,,
202211826,0,2022-05-24,,COM VÍTIMA,FINALIZADA,IMBIRIBEIRA,AV MARECHAL MASCARENHAS DE MORAES,,PRC MINISTRO SALGADO FILHO,DENTRO DO AEROPORTO NA AREA DE CARGA E DESCARGA,IMBIRIBEIRA,,SUBURBIO,CAPOTAMENTO,1,0,0,0,0,0,0,0,0,0,0,0,0,0,0,0,0,0,1,0,0,0,Longo da via,Chuvoso,Não existe,Perfeito estado,Molhada,Perfeito estado,Não existe,Outras,,Única,Não existe,,,,
202211834,0,2022-05-24,,COM VÍTIMA,FINALIZADA,ESTÂNCIA,AV RECIFE,5680,0,RUA LAURA BANDEIRA DE MELO,PRÓXIMO AO ASSAÍ,ESTÂNCIA,705,0,SUBURBIO,COLISÃO LATERAL,0,0,1,0,0,0,0,0,0,0,0,0,1,0,0,0,0,0,1,0,0,0,Cruzamento,Chuvoso,Sem defeito,Perfeito estado,Molhada,Perfeito estado,Agente,R-19,50 km/h,Dupla,Canteiro central,,
202211848,0,2022-05-24,,SEM VÍTIMA,FINALIZADA,BOA VIAGEM,AVENIDA CELSO FURTADO (VIA MANGUE),,,,BOA VIAGEM,,,CAPOTAMENTO,0,0,0,0,0,0,0,0,0,0,0,0,0,0,0,0,0,0,0,0,0,0,,,,,,,,,,,,,,,
202211852,0,2022-05-24,,COM VÍTIMA,FINALIZADA,SAN MARTIN,AV CONSUL VILARES FRAGOSO,375,0,,PRÓX A SECRETARIA DE SAUDE,SAN MARTIN,,,COLISÃO LATERAL,1,0,1,0,0,0,0,0,0,0,0,0,0,0,0,0,0,0,1,0,0,0,,,,,,,,,,,,,,
202211854,0,2022-05-24,,COM VÍTIMA,FINALIZADA,VÁRZEA,AV CAXANGA,,AV AFONSO OLINDENSE,SEMÁFORO 568,VÁRZEA,568,0,SUBURBIO,COLISÃO COM CICLISTA,0,0,0,0,0,0,1,0,0,0,1,0,0,0,0,0,0,0,1,0,0,0,Longo da via,Chuvoso,Sem defeito,Perfeito estado,Molhada,Perfeito estado,Faixa de pedestre,Outras,,Dupla,Faixa contínua,,,
202211916,0,2022-05-25,,COM VÍTIMA,FINALIZADA,CASA AMARELA,RUA DA HARMONIA,518,0,,PRÓX AO PLANETA KIDS E IGREJA DA HARMONIA,CASA AMARELA,,SUBURBIO,COLISÃO FRONTAL,2,0,0,0,0,0,0,0,0,0,0,0,0,0,0,0,0,0,1,0,0,0,Longo da via,Chuvoso,Não existe,Perfeito estado,Seca,Perfeito estado,Faixa de pedestre,Outras,30 km/h,Dupla,Faixa contínua,,,
202211946,0,2022-05-26,,SEM VÍTIMA,FINALIZADA,BOA VIAGEM,RUA AVIADOR SEVERIANO LINS,,,AO LADO DO NÚMERO 175,BOA VIAGEM,,SUBURBIO,COLISÃO TRANSVERSAL,3,0,0,0,0,0,0,0,0,0,0,0,0,0,0,0,0,0,0,0,0,0,Longo da via,Chuvoso,Não existe,Não existente,Molhada,Perfeito estado,Não existe,Não há placas,,Dupla,Não existe,,,,
202211948,0,2022-05-26,,SEM VÍTIMA,DUPLICIDADE,BOA VIAGEM,RUA AVIADOR SEVERIANO LINS,,,PROX. AO COLEGIO BOA VIAGEM,BOA VIAGEM,,,COLISÃO TRASEIRA,3,0,0,0,0,0,0,0,0,0,0,0,0,0,0,0,0,0,0,0,0,0,,,,,,,,,,,,,,,
202211981,0,2022-05-26,,COM VÍTIMA,FINALIZADA,BARRO,AV DR JOSE RUFINO,2221,0,RUA PALMEIRA,ACIDENTE COM VITIMA,BARRO,539,0,CIDADE,COLISÃO FRONTAL,3,0,0,0,0,0,0,0,0,0,0,0,0,0,0,0,0,0,1,0,0,0,Cruzamento,Bom,Sem defeito,Incompleta,Seca,Mal conservada,Faixa de pedestre,R-6a,40 km/h,Dupla,Faixa contínua,Faixa seccionada,
202211991,0,2022-05-26,,SEM VÍTIMA,FINALIZADA,MADALENA,RUA SPORT CLUBE DO RECIFE,,,EM FRENTE AO SPORT  CLUBE DO RECIFE,MADALENA,481,0,CIDADE,COLISÃO TRASEIRA,3,0,0,0,0,0,0,0,0,0,0,0,0,0,0,0,0,0,0,0,0,0,Longo da via,Bom,Sem defeito,Perfeito estado,Seca,Perfeito estado,Outros,Não há placas,,Dupla,Canteiro central,,,
202211999,0,2022-05-26,,COM VÍTIMA,FINALIZADA,GRAÇAS,AV GOVERNADOR AGAMENON MAGALHAES,,,PRÓX. AO CLUBE PORTUGUÊS,GRAÇAS,,CIDADE,COLISÃO LATERAL,1,0,2,0,0,0,0,0,0,0,0,0,0,0,0,0,0,0,2,0,0,0,Longo da via,Chuvoso,Sem defeito,Perfeito estado,Molhada,Perfeito estado,Faixa de pedestre,Não há placas,,Dupla,Canteiro central,Canal,,,
202212018,0,2022-05-26,,COM VÍTIMA,FINALIZADA,ALTO SANTA TERESINHA,RUA PROFESSOR JOSE AMARINO DOS REIS,2322,0,,PRÓX A GRAFICA CACTO,ALTO SANTA TERESINHA,,,COLISÃO FRONTAL,1,0,1,0,0,0,0,0,0,0,0,0,0,0,0,0,0,0,1,0,0,0,Longo da via,Chuvoso,Não existe,Perfeito estado,Molhada,Perfeito estado,Não existe,Não há placas,,Dupla,Faixa seccionada,,,
202212019,0,2022-05-26,,COM VÍTIMA,FINALIZADA,CASA AMARELA,AV DR EURICO CHAVES,171,0,,PRÓX AO BREGOSO BURGUER,CASA AMARELA,,SUBURBIO,COLISÃO FRONTAL,0,0,2,0,0,0,0,0,0,0,0,0,0,0,0,0,0,0,1,0,0,0,Longo da via,Chuvoso,Não existe,Perfeito estado,Molhada,Perfeito estado,Não existe,Não há placas,,Dupla,Faixa seccionada,,,
202212050,0,2022-05-27,,COM VÍTIMA,FINALIZADA,DERBY,AV GOVERNADOR AGAMENON MAGALHAES,,,E/F AO HOSPITAL DA RESTAURAÇÃO,DERBY,174,0,SUBURBIO,COLISÃO TRASEIRA,1,0,1,0,0,0,0,0,0,0,0,0,0,0,0,0,0,0,1,0,0,0,Longo da via,Chuvoso,Sem defeito,Perfeito estado,Molhada,Perfeito estado,Faixa de pedestre,R-6a,60 km/h,Dupla,Canteiro central,,,
202212064,0,2022-05-27,,COM VÍTIMA,FINALIZADA,DERBY,PRC DO DERBY,,RUA JENER DE SOUZA,EM FRNTE O QUARTEL DO DERBY,DERBY,40,0,CIDADE,COLISÃO TRASEIRA,1,0,1,0,0,0,0,0,0,0,0,0,0,0,0,0,0,0,1,0,0,0,Cruzamento,Chuvoso,Sem defeito,Perfeito estado,Molhada,Perfeito estado,Faixa de pedestre,Não há placas,,Única,Faixa contínua,Faixa seccionada,,
202212073,0,2022-05-27,,COM VÍTIMA,FINALIZADA,IMBIRIBEIRA,AV MARECHAL MASCARENHAS DE MORAES,3547,0,,APÓS  O GERALDÃO, SENTIDO CIDADE,IMBIRIBEIRA,289,0,CIDADE,COLISÃO LATERAL,2,0,1,0,0,0,0,0,0,0,0,0,0,0,0,0,0,0,1,0,0,0,Longo da via,Chuvoso,Sem defeito,Perfeito estado,Molhada,Perfeito estado,Outros,Outras,,Dupla,Canteiro central,
202212074,0,2022-05-27,,COM VÍTIMA,FINALIZADA,CABANGA,RUA GUTIUBA,175,0,,PROXIMO AO INSTITUTO DAVID NASCIMENTO,CABANGA,,SUBURBIO,COLISÃO FRONTAL,1,0,1,0,0,0,0,0,0,0,0,0,0,0,0,0,0,0,1,0,0,0,Cruzamento,Chuvoso,Não existe,Perfeito estado,Seca,Perfeito estado,Não existe,Não há placas,40 km/h,Dupla,Não existe,,,
202212081,0,2022-05-27,,SEM VÍTIMA,FINALIZADA,CORDEIRO,AV GENERAL SAN MARTIN,,RUA GOMES TABORDA,ATACAREJO IDEAL / FARMÁCIA DROGASIL,CORDEIRO,,,COLISÃO LATERAL,2,0,0,0,0,0,0,0,0,0,0,0,0,0,0,0,0,0,0,0,0,0,,,,,,,,,,,,,,,
202212083,0,2022-05-27,,SEM VÍTIMA,CANCELADA,VÁRZEA,AV AFONSO OLINDENSE,709,0,,E/F A LOJA SANDRO MOTO,VÁRZEA,,,COLISÃO LATERAL,1,0,0,0,0,0,0,0,0,0,0,0,0,0,1,0,0,0,0,0,0,0,,,,,,,,,,,,,,
202212084,0,2022-05-27,,COM VÍTIMA,FINALIZADA,BOA VIAGEM,AV ENGENHEIRO DOMINGOS FERREIRA,,,EM FRENTE A PRAÇA JORNALISTA ANTONIO TEIXEIRA JUNIOR,BOA VIAGEM,,SUBURBIO,ATROPELAMENTO DE PESSOA,0,0,1,0,0,0,0,0,1,0,0,0,0,0,0,0,0,0,1,0,0,0,Longo da via,Chuvoso,,Perfeito estado,Molhada,Mal conservada,Não existe,Outras,,Única,Faixa contínua,Faixa seccionada,,,
202212211,0,2022-05-30,,COM VÍTIMA,FINALIZADA,PORTO DA MADEIRA,AV BEBERIBE,3390,0,,EM FRENTE AO ARENA SHOW BAR,PORTO DA MADEIRA,388,0,SUBURBIO,COLISÃO TRANSVERSAL,1,0,1,0,0,0,0,0,0,0,0,0,0,0,0,0,0,0,1,0,0,0,Longo da via,Chuvoso,Sem defeito,Perfeito estado,Molhada,Perfeito estado,Faixa de pedestre,R-6a,,Dupla,Faixa contínua,Faixa seccionada,
202212233,0,2022-05-30,,COM VÍTIMA,FINALIZADA,DERBY,AV GOVERNADOR AGAMENON MAGALHAES,53,0,RUA HENRIQUE DIAS,EM FRENTE AO INSTITUTO DIAGNOSTICO JOSE ROCHA DE SA,DERBY,68,0,,ATROPELAMENTO DE PESSOA,0,0,0,0,0,0,0,0,1,0,1,0,0,0,0,0,0,0,1,0,0,0,Longo da via,Chuvoso,Sem defeito,Perfeito estado,Molhada,Perfeito estado,Agente,,60 km/h,Dupla,Canal,,
202212259,0,2022-05-30,,COM VÍTIMA,FINALIZADA,AREIAS,RUA JOSE NATARIO,175,0,,EM FRENTE AO CONSELHO TUTELAR RPA05,AREIAS,,,COLISÃO LATERAL,0,0,1,0,0,0,0,0,0,0,0,0,1,0,0,0,0,0,1,0,0,0,Longo da via,Chuvoso,Não existe,Ilegível,Seca,Perfeito estado,Não existe,R-6a,40 km/h,Dupla,Faixa seccionada,,,
202212287,0,2022-05-30,,SEM VÍTIMA,CANCELADA,,AV SUL,,,AO LADO DO FORTE DAS CINCO PONTAS,,,,COLISÃO TRASEIRA,3,0,0,0,0,0,0,0,0,0,0,0,0,0,0,0,0,0,0,0,0,0,,,,,,,,,,,,,,,
202212325,0,2022-05-31,,COM VÍTIMA,FINALIZADA,CASA AMARELA,AV NORTE MIGUEL ARRAES DE ALENCAR,5786,0,,PROX. A RETIFICA PADRAO,CASA AMARELA,,CIDADE,COLISÃO TRASEIRA,1,0,1,0,0,0,0,0,0,0,0,0,1,0,0,0,0,0,1,0,0,0,Longo da via,Chuvoso,Sem defeito,Perfeito estado,Molhada,Perfeito estado,Não existe,Não há placas,,Dupla,Faixa seccionada,,,
202212372,0,2022-05-31,,COM VÍTIMA,FINALIZADA,DOIS IRMÃOS,RUA DOIS IRMAOS,,AV DA RECUPERACAO,COM A RUA DA RECUPERAÇÃO (SEMAFORO Nº416,DOIS IRMÃOS,416,0,SUBURBIO,CHOQUE,0,0,0,0,0,0,0,0,0,0,1,0,0,0,0,0,0,0,1,0,0,0,Longo da via,Bom,Sem defeito,Perfeito estado,Molhada,Perfeito estado,Faixa de pedestre,R-6a,,Dupla,Faixa contínua,,,
202212377,0,2022-06-01,,COM VÍTIMA,CANCELADA,ÁGUA FRIA,EST VELHA DE AGUA FRIA,,,PROXIMO A POLICLINICA,ÁGUA FRIA,,,QUEDA,0,0,1,0,0,0,0,0,0,0,0,0,0,0,0,0,0,0,1,0,0,0,,,,,,,,,,,,,,,
202212378,0,2022-06-01,,SEM VÍTIMA,FINALIZADA,TORRE,RUA CONDE DE IRAJA,108,0,,PRAÇA JOSE TALES FILHO,TORRE,630,0,SUBURBIO,,2,0,0,0,0,0,0,0,0,0,0,0,0,0,0,0,0,0,0,0,0,0,Longo da via,Chuvoso,Sem defeito,Perfeito estado,Molhada,Perfeito estado,Não existe,R-3,,Única,Faixa seccionada,,
202212434,0,2022-06-01,,COM VÍTIMA,CANCELADA,IMBIRIBEIRA,VIADUTO TANCREDO NEVES,,,BOA VIAGEM / IPSEP,IMBIRIBEIRA,,SUBURBIO,COLISÃO LATERAL,1,0,1,0,0,0,0,0,0,0,0,0,0,0,0,0,0,0,1,0,0,0,,,,,,,,,,,,,,,
202212444,0,2022-06-01,,COM VÍTIMA,FINALIZADA,CASA AMARELA,AV NORTE MIGUEL ARRAES DE ALENCAR,0,0,AV NORTE MIGUEL ARRAES DE ALENCAR,PROXIMO A MATERNIDADE BORROS LIMA,CASA AMARELA,,SUBURBIO,ATROPELAMENTO DE PESSOA,0,0,1,0,0,0,0,0,1,0,0,0,0,0,0,0,0,0,1,0,0,0,Longo da via,Bom,Não existe,Perfeito estado,Seca,Perfeito estado,Não existe,Não há placas,,Dupla,Canteiro central,,,
202212447,0,2022-06-01,,COM VÍTIMA,FINALIZADA,IMBIRIBEIRA,AV PINHEIROS,,,AO LADO DO RESIDENCIAL PINHEIROS,IMBIRIBEIRA,,,COLISÃO LATERAL,2,0,0,0,0,0,0,0,0,0,0,0,0,0,0,0,0,0,2,0,0,0,,,,,,,,,,,,,,,
202212452,0,2022-06-01,,COM VÍTIMA,CANCELADA,ENCRUZILHADA,AV BEBERIBE,,,ACADEMIA MATCH FIT,ENCRUZILHADA,,,ATROPELAMENTO DE PESSOA,0,0,0,0,0,0,0,0,0,0,1,0,0,0,0,0,0,0,1,0,0,0,,,,,,,,,,,,,,,
202212456,0,2022-06-02,,COM VÍTIMA,FINALIZADA,SÃO JOSÉ,AV DANTAS BARRETO,1186,0,RUA SAO JOAO,EM FRENTE AO EDF SAN RAFAEL. AO LADO DA SECRETARIA DA FAZENDA - SEFAZ.,SÃO JOSÉ,54,0,SUBURBIO,COLISÃO TRANSVERSAL,1,0,0,0,0,0,0,0,0,0,1,0,0,0,0,0,0,0,2,0,0,0,Cruzamento,Chuvoso,Sem defeito,Perfeito estado,Molhada,Perfeito estado,Faixa de pedestre,Não há placas,,Dupla,Faixa contínua,,
202212461,0,2022-06-02,,COM VÍTIMA,FINALIZADA,ILHA DO RETIRO,AV ENGENHEIRO ABDIAS DE CARVALHO,,AV JOSE GONCALVES DE MEDEIROS,EM FRENTE AO CLUBE DO SPORT,  MC DONALDS,ILHA DO RETIRO,355,0,SUBURBIO,COLISÃO COM CICLISTA,0,0,1,0,0,0,1,0,0,0,0,0,0,0,0,0,0,0,2,0,0,0,Cruzamento,Bom,Sem defeito,Perfeito estado,Molhada,Perfeito estado,Faixa de pedestre,Não há placas,60 km/h,Dupla,Canteiro central,,
202212472,0,2022-06-02,,COM VÍTIMA,FINALIZADA,ENCRUZILHADA,AV NORTE MIGUEL ARRAES DE ALENCAR,2459,0,,ANTES DA AV. JOÃO DE BARROS. LADO OPOSTO AO POSTO SETTA,ENCRUZILHADA,43,0,CIDADE,ATROPELAMENTO DE PESSOA,0,0,1,0,0,0,0,0,1,0,0,0,0,0,0,0,0,0,2,0,0,0,Longo da via,Bom,Sem defeito,Perfeito estado,Seca,Perfeito estado,,R-6a,,Dupla,Blocos,,
202212473,0,2022-06-02,,COM VÍTIMA,FINALIZADA,PINA,AV ENGENHEIRO DOMINGOS FERREIRA,50,0,AV HERCULANO BANDEIRA,APOS A IGREGINHA,PINA,,SUBURBIO,COLISÃO LATERAL,3,0,1,0,0,0,0,0,0,0,0,0,0,0,0,0,0,0,1,0,0,0,Longo da via,Bom,Não existe,Não existente,Seca,Perfeito estado,Não existe,Não há placas,60 km/h,Única,Não existe,,,
202212486,0,2022-06-02,,COM VÍTIMA,DUPLICIDADE,ENCRUZILHADA,AV NORTE MIGUEL ARRAES DE ALENCAR,,,ANTES DA AV. JOÃO DE BARROS. LADO OPOSTO AO POSTO SETTA,ENCRUZILHADA,,,ATROPELAMENTO DE PESSOA,0,0,1,0,0,0,0,0,1,0,0,0,0,0,0,0,0,0,2,0,0,0,,,,,,,,,,,,,,,
202212495,0,2022-06-02,,COM VÍTIMA,FINALIZADA,ENCRUZILHADA,EST DE BELEM,164,0,RUA DONA JULIETA,RUA DONA JULIETA,  PARÓQUIA NS DE BELÉM,ENCRUZILHADA,,CIDADE,QUEDA,0,0,1,0,0,0,0,0,0,0,0,0,0,0,0,0,0,0,2,0,0,0,Longo da via,Bom,Não existe,Perfeito estado,Seca,Perfeito estado,Não existe,R-6a,,Dupla,Faixa contínua,Faixa seccionada,
202212514,0,2022-06-02,,COM VÍTIMA,FINALIZADA,AREIAS,AV DR JOSE RUFINO,2465,0,,SENTIDO JABOATÃO,AREIAS,,,ATROPELAMENTO DE PESSOA,0,0,1,0,0,0,0,0,1,0,0,0,0,0,0,0,0,0,1,0,0,0,,,,,,,,,,,,,,
202212548,0,2022-06-03,,SEM VÍTIMA,FINALIZADA,AREIAS,AV RECIFE,272,0,,LADO OPOSTO CIROL ROYAL,AREIAS,,,CHOQUE,1,0,0,0,0,0,0,0,0,0,0,0,0,0,0,0,0,0,0,0,0,0,Longo da via,Chuvoso,Não existe,Não existente,Molhada,Mal conservada,Não existe,Não há placas,50 km/h,Dupla,Canteiro central,,,
202212582,0,2022-06-03,,COM VÍTIMA,FINALIZADA,PRADO,AV ENGENHEIRO ABDIAS DE CARVALHO,,RUA CARLOS GOMES,CRUZAMENTO DO SEMÁFORO 057,PRADO,57,0,SUBURBIO,COLISÃO TRASEIRA,1,0,1,0,0,0,0,0,0,0,0,0,0,0,0,0,0,0,1,0,0,0,Cruzamento,Chuvoso,Sem defeito,Perfeito estado,Molhada,Perfeito estado,,,60 km/h,Única,Faixa seccionada,,,
202212594,0,2022-06-03,,COM VÍTIMA,FINALIZADA,CAMPO GRANDE,AV GOVERNADOR AGAMENON MAGALHAES,,RUA ODORICO MENDES,PRÓX À CENTRAL DE FLAGRANTES - CEPLANC,CAMPO GRANDE,49,0,CIDADE,COLISÃO TRANSVERSAL,2,0,0,0,0,0,0,0,0,0,0,0,0,0,0,0,0,0,1,0,0,0,Cruzamento,Bom,Sem defeito,Perfeito estado,Seca,Perfeito estado,Faixa de pedestre,Não há placas,60 km/h,Dupla,Faixa contínua,,,
202212621,0,2022-06-03,,SEM VÍTIMA,FINALIZADA,IMBIRIBEIRA,RUA ARQUITETO LUIZ NUNES,539,0,,COLISÃO ENTRE  AUTO  / MOTO , CONDUTOR EMBREAGADO -  FIAT / TOURO PLACA QYC1970 - HONDA / CG FAN 125 . REF. POSTO IPIRANGA,IMBIRIBEIRA,,SUBURBIO,COLISÃO TRASEIRA,1,0,1,0,0,0,0,0,0,0,0,0,0,0,0,0,0,0,0,0,0,0,,,,,,,,,,,,,
202212622,0,2022-06-03,,COM VÍTIMA,FINALIZADA,CASA FORTE,AV DEZESSETE DE AGOSTO,99,0,,LADO OPOSTO À FARMÁCIA PERMANENTE,CASA FORTE,,,COLISÃO LATERAL,1,0,1,0,0,0,0,0,0,0,0,0,0,0,0,0,0,0,1,0,0,0,Longo da via,Bom,Não existe,Perfeito estado,Seca,Perfeito estado,Outros,Outras,,Dupla,Faixa contínua,,,
202212630,0,2022-06-03,,COM VÍTIMA,FINALIZADA,TEJIPIÓ,RUA SARGENTO JUVENCIO,130,0,RUA DO SANCHO,RES. BOSQUE DAS PALMEIRAS / O ACIDENTE OCORREU NA  RUA DO SANCHO,TEJIPIÓ,,,COLISÃO LATERAL,1,0,1,0,0,0,0,0,0,0,0,0,0,0,0,0,0,0,1,0,0,0,,,,,,,,,,,,,,
202212639,0,2022-06-03,,COM VÍTIMA,FINALIZADA,CAXANGÁ,AV CAXANGA,,,EM FRENTE AO TERMINAL INTEGRADO,CAXANGÁ,,SUBURBIO,ENGAVETAMENTO,2,0,0,0,0,0,0,0,0,0,1,0,0,0,0,0,0,0,2,0,0,0,,,,,,,,,,,,,,,
202212642,0,2022-06-04,,SEM VÍTIMA,FINALIZADA,ENCRUZILHADA,AV BEBERIBE,,,AUTO ESCOLA BELÉM,ENCRUZILHADA,,,COLISÃO TRANSVERSAL,1,0,1,0,0,0,0,0,0,0,0,0,0,0,0,0,0,0,0,0,0,0,,,,,,,,,,,,,,,
202212643,0,2022-06-04,,COM VÍTIMA,FINALIZADA,CAMPO GRANDE,RUA JERONIMO VILELA,803,0,AV PROFESSOR JOSE DOS ANJOS,NO CRUZAMENTO PROXIMO AO ESPETINHO,CAMPO GRANDE,642,0,,COLISÃO LATERAL,2,0,0,0,0,0,0,0,0,0,0,0,0,0,0,0,0,0,1,0,0,0,Cruzamento,Chuvoso,Sem defeito,Perfeito estado,Molhada,Perfeito estado,Faixa de pedestre,,40 km/h,Dupla,Canteiro central,,
202212655,0,2022-06-04,,COM VÍTIMA,CANCELADA,ESPINHEIRO,RUA DR FERNANDO ALLAIN,,,AO LADO DO MARTELINHO DE OURO,ESPINHEIRO,,,COLISÃO LATERAL,1,0,1,0,0,0,0,0,0,0,0,0,0,0,0,0,0,0,1,0,0,0,,,,,,,,,,,,,,,
202212670,0,2022-06-04,,COM VÍTIMA,FINALIZADA,PINA,AV HERCULANO BANDEIRA,627,0,,PROCURADORIA REGIONAL DA UNIÃO,PINA,,SUBURBIO,COLISÃO TRASEIRA,1,0,1,0,0,0,0,0,0,0,0,0,0,0,0,0,0,0,1,0,0,0,Longo da via,Chuvoso,Não existe,Perfeito estado,Molhada,Mal conservada,Não existe,R-6a,,Única,Faixa contínua,Faixa seccionada,,
202212679,0,2022-06-04,,COM VÍTIMA,FINALIZADA,AFOGADOS,RUA SAO MIGUEL,685,0,RUA CARVALHO DE MENDONCA,SOB SEMÁFORO 391,AFOGADOS,391,0,CIDADE,COLISÃO LATERAL,1,0,1,0,0,0,0,0,0,0,0,0,0,0,0,0,0,0,1,0,0,0,Esquina,Chuvoso,Sem defeito,Perfeito estado,Molhada,Perfeito estado,Faixa de pedestre,Outras,,Dupla,Faixa contínua,,
202212685,0,2022-06-04,,SEM VÍTIMA,DATA / HORA (PREENCHER),CASA AMARELA,AV NORTE MIGUEL ARRAES DE ALENCAR,991,0,RUA MANDACARU,CASA MÃE MÓVEIS,CASA AMARELA,,CIDADE,,2,0,0,0,0,0,0,0,0,0,0,0,0,0,0,0,0,0,0,0,0,0,Longo da via,Bom,Não existe,Não existente,Seca,Perfeito estado,Não existe,Não há placas,,Única,Não existe,,,
202212686,0,2022-06-04,,COM VÍTIMA,FINALIZADA,CASA AMARELA,AV NORTE MIGUEL ARRAES DE ALENCAR,,COR DO BARTOLOMEU,,CASA AMARELA,79,0,CIDADE,COLISÃO TRANSVERSAL,0,0,2,0,0,0,0,0,0,0,0,0,0,0,0,0,0,0,2,0,0,0,Longo da via,Chuvoso,Sem defeito,Perfeito estado,Molhada,Perfeito estado,Faixa de pedestre,R-6a,,Dupla,Blocos,,,
202212711,0,2022-06-05,,COM VÍTIMA,FINALIZADA,MANGABEIRA,RUA JACOB,306,0,RUA DO CINEMA,RECANTO DA DANDA/SAPA DA DANDA,MANGABEIRA,,SUBURBIO,COLISÃO TRASEIRA,1,0,0,0,0,0,0,0,0,0,0,0,0,0,1,0,0,0,1,0,0,0,Longo da via,Chuvoso,Não existe,Incompleta,Molhada,Perfeito estado,Não existe,Outras,,Dupla,Não existe,,,
202212729,0,2022-06-05,,SEM VÍTIMA,FINALIZADA,ÁGUA FRIA,RUA SAO BENTO,325,0,EST VELHA DE AGUA FRIA,POSTO NORTE BRAZ,ÁGUA FRIA,,SUBURBIO,COLISÃO TRASEIRA,2,0,0,0,0,0,0,0,0,0,0,0,0,0,0,0,0,0,0,0,0,0,,Bom,Não existe,Incompleta,Seca,Perfeito estado,,R-6a,,Única,Outros,,,
202212739,0,2022-06-05,,COM VÍTIMA,FINALIZADA,BOA VIAGEM,RUA DEZ DE JULHO,115,0,RUA CAMBOIM,,BOA VIAGEM,,CIDADE,COLISÃO TRANSVERSAL,1,0,1,0,0,0,0,0,0,0,0,0,0,0,0,0,0,0,1,0,0,0,Cruzamento,Bom,Não existe,Perfeito estado,Seca,Perfeito estado,Faixa de pedestre,Placas Pare,,Única,Faixa seccionada,,,
202212767,0,2022-06-05,,COM VÍTIMA,FINALIZADA,ARRUDA,AV BEBERIBE,975,0,,PRÓXIMO AO CAMPO DO SANTA CRUZ / EM FRENTE AO LOJÃO DO PETRÓLEO,ARRUDA,,SUBURBIO,COLISÃO LATERAL,1,0,1,0,0,0,0,0,0,0,0,0,0,0,0,0,0,0,1,0,0,0,Longo da via,Bom,Não existe,Perfeito estado,Seca,Perfeito estado,Não existe,Não há placas,,Dupla,Faixa seccionada,,,
202212790,0,2022-06-06,,COM VÍTIMA,FINALIZADA,TEJIPIÓ,RUA GENERAL MANUEL RABELO,498,0,,EM FRENTE A PRAÇA DO PACHECO,TEJIPIÓ,,SUBURBIO,COLISÃO COM CICLISTA,1,0,1,0,0,0,1,0,0,0,0,0,0,0,0,0,0,0,3,0,0,0,Longo da via,Chuvoso,Não existe,Perfeito estado,Molhada,Perfeito estado,Não existe,Não há placas,,Dupla,Faixa contínua,,,