Protocolo,,data,hora,natureza_acidente,situacao,bairro,endereco,numero,detalhe_endereco_acidente,complemento,bairro_cruzamento,num_semaforo,sentido_via,tipo,auto,moto,ciclom,ciclista,pedestre,onibus,caminhao,viatura,outros,vitimas,vitimasfatais,acidente_verificado,tempo_clima,situacao_semaforo,sinalizacao,condicao_via,conservacao_via,ponto_controle,situacao_placa,velocidade_max_via,mao_direcao,divisao_via1,divisao_via2,divisao_via3,,,,,,,,,,,,,
202213591,0,2022-06-14,,SEM VÍTIMA,FINALIZADA,CORDEIRO,AV GENERAL SAN MARTIN,,RUA GOMES TABORDA,AO LADO DO MERCADINHO IDEAL,CORDEIRO,67,0,,COLISÃO TRASEIRA,1,0,0,0,0,0,0,0,0,0,0,0,1,0,0,0,0,0,0,0,0,0,Cruzamento,Bom,Sem defeito,Ilegível,Seca,Mal conservada,Faixa de pedestre,Não há placas,,Dupla,Não existe,,,
202213592,0,2022-06-14,,COM VÍTIMA,FINALIZADA,CORDEIRO,AV GENERAL SAN MARTIN,,,EM FRENTE AO CENTRO DE DISTRIBUIÇÃO DOS CORREIOS.,CORDEIRO,,CORDEIRO,COLISÃO TRASEIRA,0,0,2,0,0,0,0,0,0,0,0,0,0,0,0,0,0,0,1,0,0,0,Longo da via,Bom,Não existe,Perfeito estado,Seca,Perfeito estado,Não existe,Não há placas,40 km/h,Dupla,Faixa contínua,,,,
202213594,0,2022-06-14,,COM VÍTIMA,FINALIZADA,CAMPO GRANDE,RUA PROFESSOR FRANCISCO DA TRINDADE,290,0,RUA SAO CAETANO,DUAS RUAS POR TRAS DO CLUBE DAS PAZ,CAMPO GRANDE,,SUBURBIO,COLISÃO TRANSVERSAL,2,0,0,0,0,0,0,0,0,0,0,0,0,0,0,0,0,0,1,0,0,0,Não informado,Bom,Não existe,Não existente,Seca,Perfeito estado,Não existe,Não há placas,,Dupla,Não existe,,,
202213603,0,2022-06-14,,COM VÍTIMA,FINALIZADA,CORDEIRO,AV CAXANGA,,,CANAL DO CAVOUCO,CORDEIRO,,SUBURBIO,COLISÃO TRASEIRA,1,0,1,0,0,0,0,0,0,0,0,0,0,0,0,0,0,0,2,0,0,0,Longo da via,Bom,Não existe,Perfeito estado,Seca,Perfeito estado,Não existe,Não há placas,,Dupla,Canteiro central,,,,
202213618,0,2022-06-14,,COM VÍTIMA,FINALIZADA,MANGUEIRA,RUA DR JOAO ELISIO,294,0,RUA HORIZONTINA,EM FRENTE A PADARIA SANTO ANTONIO,MANGUEIRA,,SUBURBIO,COLISÃO TRANSVERSAL,0,0,2,0,0,0,0,0,0,0,0,0,0,0,0,0,0,0,2,0,0,0,Longo da via,Bom,Não existe,Ilegível,Seca,Mal conservada,Não existe,Não há placas,,Dupla,Não existe,,,
202213642,0,2022-06-15,,COM VÍTIMA,FINALIZADA,BEBERIBE,AV BEBERIBE,4024,0,,EM FRENTE AO REI DO ARRUMADINHO,BEBERIBE,,CIDADE,COLISÃO LATERAL,0,0,2,0,0,0,0,0,0,0,0,0,0,0,0,0,0,0,3,0,0,0,Longo da via,Bom,Não existe,Perfeito estado,Seca,Perfeito estado,Outros,Não há placas,,Dupla,Faixa contínua,Faixa seccionada,,
202213652,0,2022-06-15,,COM VÍTIMA,FINALIZADA,BOA VIAGEM,AV ENGENHEIRO DOMINGOS FERREIRA,,RUA CORONEL BENEDITO CHAVES,EM FRENTE AO DRIVE THRU DA MC DONALDS,BOA VIAGEM,128,0,SUBURBIO,COLISÃO TRASEIRA,1,0,1,0,0,0,0,0,0,0,0,0,0,0,0,0,0,0,1,0,0,0,Cruzamento,Bom,Sem defeito,Perfeito estado,Seca,Perfeito estado,Faixa de pedestre,Outras,60 km/h,Única,Faixa contínua,,,
202213662,0,2022-06-15,,COM VÍTIMA,FINALIZADA,MADALENA,AV CAXANGA,,RUA JOAO IVO DA SILVA,PROX AO MUSEU DA ABOLIÇÃO. BANCO BRADESCO,MADALENA,257,0,CIDADE,COLISÃO TRANSVERSAL,0,0,2,0,0,0,0,0,0,0,0,0,0,0,0,0,0,0,2,0,0,0,Cruzamento,Bom,Sem defeito,Perfeito estado,Seca,Perfeito estado,Outros,Não há placas,60 km/h,Única,Faixa contínua,,,
202213671,0,2022-06-15,,SEM VÍTIMA,FINALIZADA,CORDEIRO,RUA OCIDENTAL,109,0,RUA XAVIER DE BRITO,PROX AO CANAL DO CAVOCO,CORDEIRO,,,COLISÃO LATERAL,1,0,1,0,0,0,0,0,0,0,0,0,0,0,0,0,0,0,0,0,0,0,Cruzamento,Bom,Não existe,Não existente,Seca,Perfeito estado,Não existe,Não há placas,30KM/H,Única,Canteiro central,,,
202213674,0,2022-06-15,,SEM VÍTIMA,FINALIZADA,DERBY,PRC DO DERBY,,,PRAÇA DO DERBY - ESTAÇÃO DO BRT,DERBY,,SUBURBIO,COLISÃO LATERAL,0,0,0,0,0,0,0,0,0,0,1,0,0,0,1,0,0,0,0,0,0,0,Longo da via,Bom,Não existe,Perfeito estado,Seca,Perfeito estado,Não existe,Não há placas,50KM/H,Dupla,Canteiro central,,,,
202213675,0,2022-06-15,,COM VÍTIMA,FINALIZADA,TORRE,RUA PROFESSOR TRAJANO DE MENDONCA,200,0,,EM FRENTE AO POSTO SHEL DA REAL TORRE,TORRE,,CIDADE,COLISÃO LATERAL,2,0,1,0,0,0,0,0,0,0,0,0,0,0,0,0,0,0,1,0,0,0,Longo da via,Bom,Não existe,Perfeito estado,Seca,Perfeito estado,Não existe,R-6a,,Única,Faixa seccionada,,,
202213696,0,2022-06-15,,COM VÍTIMA,FINALIZADA,SANTO AMARO,RUA FRANCISCO JACINTO,366,0,,AO LADO DA IGREJA BATISTA CENTRAL, PRÓXIMO À DELEGACIA DE POLICIA CIVIL,SANTO AMARO,,CIDADE,COLISÃO TRANSVERSAL,1,0,1,0,0,0,0,0,0,0,0,0,0,0,0,0,0,0,1,0,0,0,Longo da via,Bom,Não existe,Não existente,Seca,Perfeito estado,Não existe,Não há placas,,Dupla,Não existe,,
202213700,0,2022-06-15,,SEM VÍTIMA,FINALIZADA,IMBIRIBEIRA,AV PRESIDENTE DUTRA,,,NA FRENTE DO SAL E BRASA,IMBIRIBEIRA,,,COLISÃO TRASEIRA,2,0,0,0,0,0,0,0,0,0,0,0,0,0,1,0,0,0,0,0,0,0,,,,,,,,,,,,,,,
202213705,0,2022-06-15,,COM VÍTIMA,FINALIZADA,SAN MARTIN,AV GENERAL SAN MARTIN,2482,0,,EM FRENTE A CLINICA AMOR DE BICHO. FERRO VELHO REI DA SUCATA.,SAN MARTIN,,SUL,COLISÃO COM CICLISTA,1,0,0,0,0,0,1,0,0,0,0,0,0,0,0,0,0,0,1,0,0,0,Longo da via,Bom,Não existe,Perfeito estado,Seca,Perfeito estado,Não existe,Não há placas,40 km/h,Dupla,Faixa seccionada,,,
202213706,0,2022-06-15,,COM VÍTIMA,FINALIZADA,GRAÇAS,AV RUI BARBOSA,,,AO LADO DO MURO DO  COLEGIO AGNES,GRAÇAS,,,COLISÃO TRASEIRA,1,0,1,0,0,0,0,0,0,0,0,0,0,0,0,0,0,0,1,0,0,0,,,,,,,,,,,,,,,
202213708,0,2022-06-15,,COM VÍTIMA,FINALIZADA,BOA VIAGEM,RUA RIBEIRO DE BRITO,1507,0,,VIADUTO TANCREDO NEVES,BOA VIAGEM,,SUBURBIO,ATROPELAMENTO DE ANIMAL,0,0,1,0,0,0,0,0,0,0,0,0,0,0,0,0,0,0,1,0,0,0,Longo da via,Bom,Não existe,Perfeito estado,Seca,Perfeito estado,Agente,Não há placas,,Única,Faixa seccionada,,,
202213728,0,2022-06-15,,SEM VÍTIMA,FINALIZADA,CAMPINA DO BARRETO,AV POETA VINICIUS DE MORAIS,,RUA NOVA ESPERANCA,EM FRENTE  A PONTE DE CAMPINA DO BARRETO SENTIDO  PARA PEIXINHOS,CAMPINA DO BARRETO,,,COLISÃO TRASEIRA,0,0,0,0,0,0,0,0,0,0,0,0,0,0,2,0,0,0,0,0,0,0,Longo da via,Bom,Não existe,Perfeito estado,Seca,Perfeito estado,Não existe,Não há placas,,Dupla,Faixa seccionada,,,,
202213731,0,2022-06-15,,SEM VÍTIMA,FINALIZADA,CAMPO GRANDE,RUA ODORICO MENDES,700,0,,NA ENTRADA DA CEPLANC,CAMPO GRANDE,,,COLISÃO LATERAL,1,0,0,0,0,0,0,0,0,0,0,0,0,0,1,0,0,0,0,0,0,0,,,,,,,,,,,,,,
202213732,0,2022-06-16,,COM VÍTIMA,FINALIZADA,BOA VIAGEM,AV ENGENHEIRO DOMINGOS FERREIRA,287,0,RUA PADRE BERNADINO PESSOA,PRÓXIMO AO CARREFOUR. EM FRENTE À PAMESA DO BRASIL, Nº 2800,BOA VIAGEM,144,0,SUBURBIO,COLISÃO TRANSVERSAL,2,0,0,0,0,0,0,0,0,0,0,0,0,0,0,0,0,0,3,0,0,0,Cruzamento,Chuvoso,Sem defeito,Perfeito estado,Molhada,Perfeito estado,Faixa de pedestre,Não há placas,,Única,Canteiro central,
202213759,0,2022-06-16,,COM VÍTIMA,FINALIZADA,SANTO AMARO,AV NORTE MIGUEL ARRAES DE ALENCAR,890A,RUA SAO SEBASTIAO,ANTES DA SUBIDA DO VIADUTO. LADO OPOSTO AO CENTRO DA JUVENTUDE DE SANTO AMARO.,SANTO AMARO,397,0,SUBURBIO,ATROPELAMENTO DE PESSOA,0,0,1,0,0,0,0,0,1,0,0,0,0,0,0,0,0,0,1,0,0,0,Longo da via,Bom,Sem defeito,Perfeito estado,Seca,Perfeito estado,Faixa de pedestre,Não há placas,60 km/h,Dupla,Canteiro central,,,
202213774,0,2022-06-16,,COM VÍTIMA,FINALIZADA,ENCRUZILHADA,AV NORTE MIGUEL ARRAES DE ALENCAR,5050,0,,PROX AO REI DA PICANHA,ENCRUZILHADA,,,COLISÃO TRASEIRA,1,0,1,0,0,0,0,0,0,0,0,0,0,0,0,0,0,0,1,0,0,0,Longo da via,Chuvoso,Não existe,Incompleta,Seca,Perfeito estado,Não existe,Não há placas,,Dupla,Blocos,,,
202213821,0,2022-06-16,,COM VÍTIMA,FINALIZADA,DERBY,AV GOVERNADOR CARLOS DE LIMA CAVALCANTI,,AV GOVERNADOR AGAMENON MAGALHAES,AO LADO DA MC DONALD,DERBY,75,0,CIDADE,ATROPELAMENTO DE PESSOA,0,0,0,0,0,0,0,0,1,0,1,0,0,0,0,0,0,0,1,0,0,0,Cruzamento,Bom,Sem defeito,Perfeito estado,Seca,Perfeito estado,Faixa de pedestre,R-25d,,Única,Canteiro central,,,
202213839,0,2022-06-17,,COM VÍTIMA,FINALIZADA,JARDIM SÃO PAULO,RUA LORENA,104,0,,APOS O VIADULTO DA JARDIM SÃO PAULO,JARDIM SÃO PAULO,,,COLISÃO FRONTAL,1,0,1,0,0,0,0,0,0,0,0,0,0,0,0,0,0,0,1,0,0,0,,,,,,,,,,,,,,
202213840,0,2022-06-17,,COM VÍTIMA,FINALIZADA,ESTÂNCIA,AV DR JOSE RUFINO,523,0,RUA BARAO DE BUIQUE,PRÓX. À LANCHONETE LANCHES DA PRAÇA. EM FRENTE A GESSO ART DECORAÇÕES.,ESTÂNCIA,,CIDADE,COLISÃO TRANSVERSAL,1,0,1,0,0,0,0,0,0,0,0,0,0,0,0,0,0,0,1,0,0,0,Cruzamento,Bom,Não existe,Incompleta,Seca,Mal conservada,Não existe,Placas Pare,60 km/h,Dupla,Faixa seccionada,,,
202213847,0,2022-06-17,,COM VÍTIMA,FINALIZADA,BOA VIAGEM,AV MARECHAL JUAREZ TAVORA,,RUA BALTAZAR PASSOS,EM FRENTE AO POSTO BR. RUA PROFESSOR AURELIO DE CASTRO CAVALCANTI.,BOA VIAGEM,556,0,CIDADE,COLISÃO FRONTAL,1,0,1,0,0,0,0,0,0,0,0,0,0,0,0,0,0,0,1,0,0,0,Cruzamento,Bom,Com defeito,Perfeito estado,Seca,Perfeito estado,Faixa de pedestre,R-24a,30 km/h,Única,Faixa contínua,Faixa seccionada,,
202213858,0,2022-06-17,,COM VÍTIMA,FINALIZADA,IBURA,AV DOIS RIOS,,RUA RIO JURUA,PRÓX. AO POSTO SHELL,IBURA,,SUBURBIO,COLISÃO LATERAL,0,0,2,0,0,0,0,0,0,0,0,0,0,0,0,0,0,0,1,0,0,0,Cruzamento,Bom,Não existe,Perfeito estado,Seca,Perfeito estado,Não existe,Outras,,Dupla,Faixa contínua,,,,
202213874,0,2022-06-17,,COM VÍTIMA,FINALIZADA,SÃO JOSÉ,C SANTA RITA,,,EM FRENTE AO ARMAZÉM 16,SÃO JOSÉ,76,0,CIDADE,QUEDA,1,0,1,0,0,0,0,0,0,0,0,0,0,0,0,0,0,0,1,0,0,0,Longo da via,Bom,Sem defeito,Perfeito estado,Seca,Perfeito estado,Não existe,Não há placas,60 km/h,Única,Faixa seccionada,,,
202213884,0,2022-06-17,,COM VÍTIMA,FINALIZADA,SÃO JOSÉ,AV DANTAS BARRETO,1326,0,RUA DO PEIXOTO,PROX AO TERMINAL DO PROGRESSO. LEOPOLDO BAR.,SÃO JOSÉ,181,0,CIDADE,COLISÃO TRANSVERSAL,0,0,1,0,0,0,0,0,0,0,1,0,0,0,0,0,0,0,1,0,0,0,Cruzamento,Bom,Sem defeito,Perfeito estado,Seca,Perfeito estado,Faixa de pedestre,Outras,60 km/h,Dupla,Faixa contínua,,
202213905,0,2022-06-17,,COM VÍTIMA,FINALIZADA,ÁGUA FRIA,RUA LADEIRA DE PEDRA,498,0,,NO TERMINAL DE ONIBUS ALTO DO PASCOAL,ÁGUA FRIA,,SUBURBIO,ATROPELAMENTO DE PESSOA,0,0,0,0,0,0,0,0,1,0,1,0,0,0,0,0,0,0,1,0,0,0,Longo da via,Bom,Não existe,Perfeito estado,Seca,Mal conservada,Não existe,Outras,,Dupla,Faixa seccionada,,,
202213916,0,2022-06-17,,COM VÍTIMA,FINALIZADA,ILHA DO LEITE,AV GOVERNADOR AGAMENON MAGALHAES,,,PROX AO EMPRESARIAL ISAAC  NILTON,ILHA DO LEITE,,SUBURBIO,QUEDA,0,0,1,0,0,0,0,0,0,0,0,0,0,0,0,0,0,0,1,0,0,0,,,,,,,,,,,,,,,
202213930,0,2022-06-17,,COM VÍTIMA,FINALIZADA,BOA VISTA,RUA DO PRINCIPE,446,0,RUA GENERAL JOSE SEMEAO,ACIDENTE ENTRE UM AUTO E MOTO,BOA VISTA,,CIDADE,COLISÃO LATERAL,1,0,1,0,0,0,0,0,0,0,0,0,0,0,0,0,0,0,1,0,0,0,Longo da via,Bom,Não existe,Perfeito estado,Seca,Perfeito estado,Não existe,Outras,,Única,Faixa seccionada,,,
202213956,0,2022-06-18,,COM VÍTIMA,FINALIZADA,MADALENA,RUA LOPES DE CARVALHO,401,0,AV VISCONDE DE ALBUQUERQUE,EM FRENTE A MADALENA CENTER,MADALENA,,SUBURBIO,COLISÃO TRANSVERSAL,1,0,1,0,0,0,0,0,0,0,0,0,0,0,0,0,0,0,1,0,0,0,Cruzamento,Bom,Não existe,Perfeito estado,Seca,Perfeito estado,Outros,Outras,,Única,Faixa seccionada,,,
202213995,0,2022-06-18,,COM VÍTIMA,CANCELADA,IMBIRIBEIRA,RUA PAMPULHA,251,0,,PRÓX. À CASA BRANCA RECEPÇÕES,IMBIRIBEIRA,,,COLISÃO LATERAL,1,0,1,0,0,0,0,0,0,0,0,0,0,0,0,0,0,0,1,0,0,0,,,,,,,,,,,,,,
202213996,0,2022-06-18,,COM VÍTIMA,CANCELADA,IMBIRIBEIRA,RUA PARIS,552,0,,ATRAS DO SUPERMERCADO AÇAI,IMBIRIBEIRA,,,COLISÃO LATERAL,1,0,1,0,0,0,0,0,0,0,0,0,0,0,0,0,0,0,1,0,0,0,,,,,,,,,,,,,,
202213999,0,2022-06-18,,COM VÍTIMA,CANCELADA,ESPINHEIRO,RUA DA HORA,,AV JOAO DE BARROS,POSTO SHELW,ESPINHEIRO,,,COLISÃO TRASEIRA,2,0,0,0,0,0,0,0,0,0,0,0,0,0,0,0,0,0,1,0,0,0,,,,,,,,,,,,,,,
202214000,0,2022-06-18,,COM VÍTIMA,FINALIZADA,IPUTINGA,RUA BOM PASTOR,126,0,RUA COMENDADOR ALVARES DE CARVALHO,EDIFÍCIO PRAÇA DOS CARVALHOS,IPUTINGA,254,0,CIDADE,COLISÃO LATERAL,1,0,1,0,0,0,0,0,0,0,0,0,0,0,0,0,0,0,1,0,0,0,Cruzamento,Bom,Sem defeito,Perfeito estado,Seca,Perfeito estado,Faixa de pedestre,R-6a,,Dupla,Faixa contínua,Faixa seccionada,
202214001,0,2022-06-18,,COM VÍTIMA,CANCELADA,CASA FORTE,AV DEZESSETE DE AGOSTO,,,NO SEMÁFORO 469,CASA FORTE,469,0,,COLISÃO COM CICLISTA,0,0,1,0,0,0,1,0,0,0,0,0,0,0,0,0,0,0,1,0,0,0,,,,,,,,,,,,,,
202214013,0,2022-06-18,,COM VÍTIMA,FINALIZADA,IPUTINGA,AV CAXANGA,,RUA MANOEL JOAQUIM DE ALMEIDA,EM FRENTE A IPUTINGA AUTOMOVEIS,IPUTINGA,533,0,CIDADE,COLISÃO LATERAL,1,0,1,0,0,0,0,0,0,0,0,0,0,0,0,0,0,0,1,0,0,0,Cruzamento,Bom,Sem defeito,Perfeito estado,Seca,Perfeito estado,Não existe,Outras,,Dupla,Canteiro central,,,
202214019,0,2022-06-18,,SEM VÍTIMA,FINALIZADA,CASA AMARELA,EST DO ARRAIAL,2626,0,RUA GOMES COUTINHO,,CASA AMARELA,,SUBURBIO,,2,0,0,0,0,0,0,0,0,0,0,0,0,0,0,0,0,0,0,0,0,0,Longo da via,Bom,Não existe,Perfeito estado,Seca,Perfeito estado,,,,Única,,,,
202214031,0,2022-06-18,,COM VÍTIMA,FINALIZADA,SANTO AMARO,AV NORTE MIGUEL ARRAES DE ALENCAR,,,EM FRENTE AO POSTO ALVORADA,SANTO AMARO,,SUBURBIO,COLISÃO TRASEIRA,1,0,1,0,0,0,0,0,0,0,0,0,0,0,0,0,0,0,2,0,0,0,Longo da via,Bom,Não existe,Perfeito estado,Seca,Perfeito estado,Não existe,R-6a,,Dupla,Canteiro central,,,,
202214032,0,2022-06-18,,COM VÍTIMA,FINALIZADA,ÁGUA FRIA,AV BEBERIBE,2175,0,RUA DA REGENERACAO,SEMÁFARO 187,ÁGUA FRIA,187,0,SUBURBIO,ATROPELAMENTO DE PESSOA,0,0,1,0,0,0,0,0,1,0,0,0,0,0,0,0,0,0,1,0,0,0,Cruzamento,Bom,Sem defeito,Perfeito estado,Seca,Perfeito estado,Faixa de pedestre,,,,,,
202214035,0,2022-06-19,,COM VÍTIMA,FINALIZADA,BOA VIAGEM,AV DES JOSE NEVES,,AV JOAQUIM RIBEIRO,PROXIMO A FERREIRA PINTO,  ANTES DO TÚNEL ALGUSTO LUCENA,BOA VIAGEM,567,0,SUBURBIO,COLISÃO TRANSVERSAL,2,0,0,0,0,0,0,0,0,0,0,0,0,0,0,0,0,0,4,0,0,0,Longo da via,Chuvoso,Sem defeito,Perfeito estado,Molhada,Mal iluminada,Faixa de pedestre,,,Única,Faixa seccionada,,
202214065,0,2022-06-19,,COM VÍTIMA,FINALIZADA,SANTO AMARO,RUA CAPITAO LIMA,,RUA DA FUNDICAO,PROX A TV GLOBO,SANTO AMARO,,,COLISÃO TRANSVERSAL,1,0,1,0,0,0,0,0,0,0,0,0,0,0,0,0,0,0,1,0,0,0,Cruzamento,Bom,Não existe,Perfeito estado,Seca,Perfeito estado,Faixa de pedestre,Placas Pare,,,Faixa contínua,Faixa seccionada,,,
202214094,0,2022-06-19,,COM VÍTIMA,FINALIZADA,JORDÃO,AV MARECHAL MASCARENHAS DE MORAES,161B,,EM FRENTE AO AEROPORTO, PRÓXIMO A ENTRADA PARA O JORDÃO,JORDÃO,,SUBURBIO,COLISÃO LATERAL,0,0,2,0,0,0,0,0,0,0,0,0,0,0,0,0,0,0,1,0,0,0,Longo da via,Bom,Não existe,Incompleta,Seca,Mal iluminada,,Não há placas,60 km/h,Dupla,,,,
202214097,0,2022-06-19,,SEM VÍTIMA,FINALIZADA,MORRO DA CONCEIÇÃO,RUA ITACOATIARA,,,PRÓXIMO A ANDRÉ GÁS,MORRO DA CONCEIÇÃO,,SUBURBIO,CHOQUE,1,0,0,0,0,0,0,0,0,0,0,0,0,0,0,0,0,0,0,0,0,0,Longo da via,Chuvoso,Não existe,Não existente,Molhada,Perfeito estado,Não existe,Não há placas,,Única,Não existe,,,,
202214099,0,2022-06-19,,COM VÍTIMA,FINALIZADA,IMBIRIBEIRA,AV MARECHAL MASCARENHAS DE MORAES,2160,0,RUA PAMPULHA,EM FRENTE A RENAULT,IMBIRIBEIRA,,SUBURBIO,COLISÃO TRASEIRA,1,0,1,0,0,0,0,0,0,0,0,0,0,0,0,0,0,0,1,0,0,0,Longo da via,Chuvoso,,,Molhada,,Não existe,,,Dupla,,,,
202214125,0,2022-06-20,,COM VÍTIMA,FINALIZADA,CAMPO GRANDE,AV GOVERNADOR AGAMENON MAGALHAES,,,LADO OPOSTO AO SHOPPING TACARUNA. FÁBRICA TACARUNA.,CAMPO GRANDE,,CIDADE,ATROPELAMENTO DE PESSOA,0,0,1,0,0,0,0,0,1,0,0,0,0,0,0,0,0,0,1,0,0,0,Longo da via,Bom,Não existe,Perfeito estado,Seca,Perfeito estado,Não existe,R-32,60 km/h,Dupla,Canteiro central,,,,
202214155,0,2022-06-20,,COM VÍTIMA,FINALIZADA,ESTÂNCIA,AV RECIFE,5520,0,,PROX. AO ARMAZEM CORAL SENT. BR. EM FRENTE A T e F DESIGN,ESTÂNCIA,,SUBURBIO,COLISÃO LATERAL,1,0,1,0,0,0,0,0,0,0,0,0,0,0,0,0,0,0,1,0,0,0,Longo da via,Bom,Não existe,Perfeito estado,Seca,Perfeito estado,Não existe,Não há placas,,Única,Faixa seccionada,,,
202214173,0,2022-06-20,,SEM VÍTIMA,FINALIZADA,AREIAS,RUA HAVAI,,,EM FRENTE AO ATACADÃO,AREIAS,,CIDADE,COLISÃO FRONTAL,1,0,0,0,0,0,0,0,0,0,0,0,1,0,0,0,0,0,0,0,0,0,Longo da via,Bom,Não existe,Não existente,Seca,Perfeito estado,Não existe,Não há placas,,Dupla,Não existe,,,,
202214179,0,2022-06-20,,COM VÍTIMA,FINALIZADA,IPSEP,RUA HELIO BRANDAO,500,0,AV GENERAL BENTO DA GAMA,RUA GAL BENTO DA GAMA,IPSEP,,CIDADE,COLISÃO TRANSVERSAL,2,0,0,0,0,0,0,0,0,0,0,0,0,0,0,0,0,0,1,0,0,0,Cruzamento,Bom,Não existe,Perfeito estado,Seca,Perfeito estado,Faixa de retenção,Placas Pare,,Dupla,Faixa seccionada,,,
202214206,0,2022-06-20,,SEM VÍTIMA,FINALIZADA,SÃO JOSÉ,AV SUL,,,AO LADO DO FORTE DAS CINCO PONTAS,SÃO JOSÉ,,,COLISÃO TRASEIRA,2,0,0,0,0,0,0,0,0,0,0,0,0,0,0,0,0,0,0,0,0,0,,,,,,,,,,,,,,,
202214220,0,2022-06-21,,COM VÍTIMA,FINALIZADA,BOA VIAGEM,RUA JOSE DA SILVA LUCENA,20,0,,EM FRENTE AO COLEGIO GGE - ACIDENTE ENVOLVENDO ORIENTADOR II  DA ARGUS THOMAZ EDSON  - COLABORADOR DA CTTU/RECIFE.,BOA VIAGEM,,SUBURBIO,COLISÃO LATERAL,1,0,1,0,0,0,0,0,0,0,0,0,0,0,0,0,0,0,1,0,0,0,Longo da via,Bom,Não existe,Perfeito estado,Seca,Perfeito estado,Faixa de pedestre,Outras,60 km/h,Dupla,Não existe,,,
202214242,0,2022-06-21,,COM VÍTIMA,FINALIZADA,TOTÓ,AV LIBERDADE,612,0,EST DO CURADO,Depois da Loterica/ Em Frente a Barraca Tenda da Liberdade,TOTÓ,,CIDADE,COLISÃO TRANSVERSAL,1,0,1,0,0,0,0,0,0,0,0,0,0,0,0,0,0,0,2,0,0,0,Longo da via,Bom,Sem defeito,Não existente,Seca,Perfeito estado,Não existe,Não há placas,,Dupla,Não existe,,,
202214267,0,2022-06-21,,COM VÍTIMA,FINALIZADA,BEBERIBE,AV BEBERIBE,,,ENTRE O CAMPO DO ARRUDA  EO ARMAZEM ACHAQUI,BEBERIBE,,,ATROPELAMENTO DE PESSOA,0,0,0,0,0,0,0,0,1,0,1,0,0,0,0,0,0,0,1,0,0,0,Longo da via,Bom,Não existe,Perfeito estado,Seca,Perfeito estado,Não existe,Não há placas,,Dupla,Faixa contínua,,,,
202214269,0,2022-06-21,,SEM VÍTIMA,FINALIZADA,JARDIM SÃO PAULO,AV LIBERDADE,525,0,,LOTERIA LIBERDADE,JARDIM SÃO PAULO,,,COLISÃO TRASEIRA,0,0,1,0,0,0,0,0,0,0,0,0,0,0,1,0,0,0,0,0,0,0,Longo da via,Bom,Não existe,Não existente,Seca,Mal conservada,Não existe,Não há placas,,Dupla,Não existe,,,
202214271,0,2022-06-21,,SEM VÍTIMA,FINALIZADA,SANTO AMARO,RUA DR CARLOS CHAGAS,,AV JOAO DE BARROS,AO LADO DA CLÍNICA ODONTOLÓGICA CIA DO SORRISO,SANTO AMARO,,CIDADE,,1,0,0,0,0,0,0,0,0,0,0,0,0,0,1,0,0,0,0,0,0,0,,Bom,Não existe,Perfeito estado,Seca,Perfeito estado,Faixa de pedestre,,,Única,Faixa seccionada,,,,
202214289,0,2022-06-21,,COM VÍTIMA,FINALIZADA,TEJIPIÓ,AV DR JOSE RUFINO,3385,0,,EM FRENTE A ESCOLA EDWIGES DE SA PEREIRA E AO LADO DO ARMAZEM CORAL,TEJIPIÓ,,SUBURBIO,ATROPELAMENTO DE PESSOA,0,0,0,0,0,0,0,0,1,0,1,0,0,0,0,0,0,0,1,0,0,0,Longo da via,Bom,Não existe,Perfeito estado,Seca,Perfeito estado,Não existe,Não há placas,60 km/h,Dupla,Faixa contínua,,,
202214292,0,2022-06-21,,COM VÍTIMA,FINALIZADA,ÁGUA FRIA,AV ANIBAL BENEVOLO,,,TERMINAL DE ÔNIBUS DO ALTO SANTA TERSINHA,ÁGUA FRIA,,,COLISÃO TRANSVERSAL,1,0,1,0,0,0,0,0,0,0,0,0,0,0,0,0,0,0,1,0,0,0,,,,,,,,,,,,,,,
202214296,0,2022-06-21,,COM VÍTIMA,FINALIZADA,IBURA,RUA RIO BRIGIDA,,,PRÓXIMO  AO SESI,IBURA,,,COLISÃO FRONTAL,0,0,2,0,0,0,0,0,0,0,0,0,0,0,0,0,0,0,1,0,0,0,,,,,,,,,,,,,,,
202214305,0,2022-06-22,,COM VÍTIMA,FINALIZADA,CIDADE UNIVERSITÁRIA,AV PROFESSOR LUIZ FREIRE,500,0,,EM FRENTE A ENTRADA PRINCPAL DO ESTACIONAMENTO DA UFPE. INSTITUTO FEDERAL DE PERNAMBUCO.,CIDADE UNIVERSITÁRIA,,SUBURBIO,COLISÃO LATERAL,1,0,1,0,0,0,0,0,0,0,0,0,0,0,0,0,0,0,1,0,0,0,Longo da via,Chuvoso,Não existe,Não existente,Molhada,Perfeito estado,Não existe,Não há placas,40 km/h,Dupla,Faixa seccionada,,,
202214306,0,2022-06-22,,COM VÍTIMA,DUPLICIDADE,CURADO,AV PROFESSOR LUIZ FREIRE,500,0,,PROX AO INSTITUTO FEDERAL DA EDUCAÇÃO,CURADO,,,COLISÃO LATERAL,1,0,1,0,0,0,0,0,0,0,0,0,0,0,0,0,0,0,1,0,0,0,,,,,,,,,,,,,,