Protocolo,,data,hora,natureza_acidente,situacao,bairro,endereco,numero,detalhe_endereco_acidente,complemento,bairro_cruzamento,num_semaforo,sentido_via,tipo,auto,moto,ciclom,ciclista,pedestre,onibus,caminhao,viatura,outros,vitimas,vitimasfatais,acidente_verificado,tempo_clima,situacao_semaforo,sinalizacao,condicao_via,conservacao_via,ponto_controle,situacao_placa,velocidade_max_via,mao_direcao,divisao_via1,divisao_via2,divisao_via3,,,,,,,,,,,,,
202215746,0,2022-07-10,,COM VÍTIMA,FINALIZADA,AFOGADOS,RUA COSME VIANA,180,0,RUA DR ADELINO,,AFOGADOS,426,0,SUBURBIO,COLISÃO LATERAL,0,0,2,0,0,0,0,0,0,0,0,0,0,0,0,0,0,0,1,0,0,0,Cruzamento,Bom,Sem defeito,Perfeito estado,Seca,Perfeito estado,Não existe,Não há placas,,Única,Não existe,,
202215786,0,2022-07-10,,COM VÍTIMA,FINALIZADA,CASA AMARELA,EST DO ARRAIAL,3310,0,RUA BELA VISTA,COM ESTRADA DO ARRAIAL,CASA AMARELA,,SUBURBIO,COLISÃO LATERAL,0,0,1,0,1,0,0,0,0,0,0,0,0,0,0,0,0,0,1,0,0,0,Esquina,Bom,Não existe,Não existente,Seca,Perfeito estado,Não existe,Não há placas,,Única,Faixa seccionada,,,
202215793,0,2022-07-11,,COM VÍTIMA,FINALIZADA,IPUTINGA,AV PROFESSOR JOAQUIM CAVALCANTI,,,PROXIMO AO VIADUTO DA CAXANGA,IPUTINGA,,SUBURBIO,CHOQUE,1,0,0,0,0,0,0,0,0,0,0,0,0,0,0,0,0,0,3,0,0,0,Outros,Chuvoso,Não existe,Incompleta,Molhada,Perfeito estado,Não existe,Não há placas,,Dupla,Canteiro central,,,,
202215805,0,2022-07-11,,COM VÍTIMA,FINALIZADA,DERBY,AV GOVERNADOR AGAMENON MAGALHAES,,,EM FRENTE A RESTAURAÇÃO, SENT. BOA VIAGEM,DERBY,650,0,,COLISÃO TRASEIRA,0,0,2,0,0,0,0,0,0,0,0,0,0,0,0,0,0,0,2,0,0,0,Longo da via,Bom,Sem defeito,,Molhada,Perfeito estado,Outros,Não há placas,60 km/h,Única,Faixa seccionada,,
202215820,0,2022-07-11,,COM VÍTIMA,FINALIZADA,AFOGADOS,EST DOS REMEDIOS,1118,0,,EM FRENTE A CUNHA PNEUS,AFOGADOS,,CIDADE,COLISÃO TRASEIRA,1,0,1,0,0,0,0,0,0,0,0,0,0,0,0,0,0,0,1,0,0,0,Longo da via,Bom,Não existe,Perfeito estado,Seca,Perfeito estado,Não existe,R-6a,,Única,Faixa contínua,Faixa seccionada,,
202215823,0,2022-07-11,,COM VÍTIMA,FINALIZADA,PINA,AV ENGENHEIRO DOMINGOS FERREIRA,210,0,,EM FRENTE AO ANTIGO CARTORIO DE REGISTRO,PINA,,SUBURBIO,COLISÃO LATERAL,1,0,1,0,0,0,0,0,0,0,0,0,0,0,0,0,0,0,1,0,0,0,Longo da via,Bom,Não existe,Incompleta,Seca,Mal iluminada,Não existe,Não há placas,,Única,Não existe,,,
202215894,0,2022-07-12,,COM VÍTIMA,FINALIZADA,AREIAS,RUA JOSE NATARIO,343,0,,PRÓX. À CBTU,AREIAS,,SUBURBIO,COLISÃO TRASEIRA,0,0,2,0,0,0,0,0,0,0,0,0,0,0,0,0,0,0,1,0,0,0,Longo da via,Bom,Não existe,Não existente,Seca,Perfeito estado,Não existe,Não há placas,,Dupla,Não existe,,,
202215898,0,2022-07-12,,COM VÍTIMA,FINALIZADA,IMBIRIBEIRA,AV MARECHAL MASCARENHAS DE MORAES,,RUA JALISCO,EM FRENTE O GERALDÃO,IMBIRIBEIRA,290,0,CIDADE,COLISÃO TRASEIRA,1,0,1,0,0,0,0,0,0,0,0,0,0,0,0,0,0,0,1,0,0,0,Longo da via,Bom,Sem defeito,Perfeito estado,Seca,Perfeito estado,Faixa de retenção,Outras,,Dupla,Canteiro central,,,
202215906,0,2022-07-12,,COM VÍTIMA,FINALIZADA,TEJIPIÓ,AV DR JOSE RUFINO,3385,0,,PROX AO ARMAZEM CORAL,TEJIPIÓ,,CIDADE,COLISÃO TRASEIRA,1,0,1,0,0,0,0,0,0,0,0,0,0,0,0,0,0,0,1,0,0,0,Longo da via,Bom,Não existe,Ilegível,Seca,Perfeito estado,Não existe,Não há placas,,Dupla,Faixa contínua,,,
202215934,0,2022-07-13,,COM VÍTIMA,FINALIZADA,DOIS UNIDOS,AV HILDEBRANDO DE VASCONCELOS,,RUA URIEL DE HOLANDA,CT DO SANTA CRUZ / ENTRADA DE DOIS UNIDOS,DOIS UNIDOS,,SUBURBIO,COLISÃO FRONTAL,1,0,1,0,0,0,0,0,0,0,0,0,0,0,0,0,0,0,1,0,0,0,Cruzamento,Chuvoso,Não existe,Não existente,Molhada,Perfeito estado,Não existe,Não há placas,,Dupla,Não existe,,,,
202215939,0,2022-07-13,,COM VÍTIMA,FINALIZADA,PINA,AV HERCULANO BANDEIRA,543,0,,EM FRENTE AO MARTELINHO DE OURO,PINA,,SUBURBIO,COLISÃO TRASEIRA,1,0,1,0,0,0,0,0,0,0,0,0,0,0,0,0,0,0,1,0,0,0,Longo da via,Chuvoso,Não existe,Perfeito estado,Molhada,Perfeito estado,Não existe,R-6a,60 km/h,Única,Faixa seccionada,,,
202215957,0,2022-07-13,,COM VÍTIMA,FINALIZADA,BOA VIAGEM,RUA WALDEMAR NERY CARNEIRO MONTEIRO,531,0,RUA SIDERAL,PRÓX. AO ESPAÇO CRIANÇAR E AO CAPS ESPAÇO LIVREMENTE,BOA VIAGEM,,SUBURBIO,COLISÃO LATERAL,2,0,1,0,0,0,0,0,0,0,0,0,0,0,0,0,0,0,1,0,0,0,Cruzamento,Bom,Não existe,Não existente,Seca,Perfeito estado,Não existe,Não há placas,,Dupla,Faixa contínua,,,
202215960,0,2022-07-13,,SEM VÍTIMA,FINALIZADA,CABANGA,AV ENGENHEIRO JOSE ESTELITA,,,APÓS O CABANGA IATE CLUBE,CABANGA,,CIDADE,,2,0,0,0,0,0,0,0,0,0,0,0,0,0,0,0,0,0,0,0,0,0,Longo da via,Bom,Não existe,Perfeito estado,Seca,Perfeito estado,Não existe,R-19,60 km/h,Dupla,Faixa seccionada,Canteiro central,,,
202215966,0,2022-07-13,,COM VÍTIMA,FINALIZADA,TORRE,AV BEIRA RIO,,RUA CONDE DE IRAJA,PRÓX. À OGREJA EXÉRCITO DE SALVAÇÃO,TORRE,630,0,SUBURBIO,COLISÃO TRANSVERSAL,1,0,1,0,0,0,0,0,0,0,0,0,0,0,0,0,0,0,1,0,0,0,Cruzamento,Bom,Sem defeito,Perfeito estado,Seca,Perfeito estado,Faixa de pedestre,Outras,,Dupla,Faixa contínua,,,
202215976,0,2022-07-13,,COM VÍTIMA,FINALIZADA,ÁGUA FRIA,RUA DA REGENERACAO,898A,RUA DEZESSEIS DE JULHO,EM FRENTE AO IRMÃO ANDRADRE BEBIDAS,ÁGUA FRIA,,,COLISÃO FRONTAL,1,0,1,0,0,0,0,0,0,0,0,0,0,0,0,0,0,0,1,0,0,0,Longo da via,Bom,Não existe,Incompleta,Seca,Perfeito estado,Não existe,Não há placas,,Dupla,Não existe,,,,
202215986,0,2022-07-13,,COM VÍTIMA,CANCELADA,IBURA,RUA IBIARA,188,0,,E/F A ANTIGA FREVO,IBURA,,,COLISÃO LATERAL,0,0,1,0,0,0,0,0,0,0,0,0,1,0,0,0,0,0,2,0,0,0,,,,,,,,,,,,,,
202215993,0,2022-07-13,,COM VÍTIMA,FINALIZADA,BOA VIAGEM,AV ENGENHEIRO DOMINGOS FERREIRA,1274,0,,EM FRENTE A CASA PRONTA,BOA VIAGEM,,,ATROPELAMENTO DE PESSOA,1,0,0,0,0,0,0,0,2,0,0,0,0,0,0,0,0,0,2,0,0,0,,,,,,,,,,,,,,
202216004,0,2022-07-13,,COM VÍTIMA,FINALIZADA,CASA AMARELA,RUA PADRE LEMOS,,RUA DR TOME DIAS,ESQUINA DA IGREJA UNIVERSAL,CASA AMARELA,,SUBURBIO,COLISÃO TRASEIRA,1,0,1,0,0,0,0,0,0,0,0,0,0,0,0,0,0,0,1,0,0,0,Longo da via,Bom,Não existe,Perfeito estado,Seca,Perfeito estado,Não existe,Outras,,Dupla,,,,,
202216007,0,2022-07-13,,SEM VÍTIMA,CANCELADA,AREIAS,AV IZABEL DE GOES,407,0,,,AREIAS,,,COLISÃO LATERAL,0,0,0,0,0,0,0,0,0,0,0,0,0,0,0,0,0,0,0,0,0,0,,,,,,,,,,,,,,
202216008,0,2022-07-13,,SEM VÍTIMA,FINALIZADA,,RUA JOAO FERNANDES VIEIRA,,PRC PARQUE AMORIM,EM FRENTE SUPER BOMPREÇO,,173,0,SUBURBIO,,1,0,0,0,0,0,0,0,0,0,1,0,0,0,0,0,0,0,0,0,0,0,Longo da via,Bom,Sem defeito,Perfeito estado,Seca,Perfeito estado,Faixa de pedestre,,,Única,Faixa seccionada,,,
202216012,0,2022-07-14,,COM VÍTIMA,FINALIZADA,IMBIRIBEIRA,RUA ARQUITETO LUIZ NUNES,438,0,RUA ARQUITETO FERNANDO ALMEIDA,PRÓXIMO A LAGOA DO ARAÇA ONDE TEM A LOMBADA ELET^RNICA,IMBIRIBEIRA,,SUBURBIO,COLISÃO LATERAL,1,0,1,0,0,0,0,0,0,0,0,0,0,0,0,0,0,0,1,0,0,0,Cruzamento,Chuvoso,Não existe,Perfeito estado,Molhada,Perfeito estado,Não existe,Não há placas,,Única,Faixa seccionada,,,
202216036,0,2022-07-14,,COM VÍTIMA,FINALIZADA,IPSEP,AV SENADOR ROBERT KENNEDY,350,0,RUA CONDESSA DE BARRAL,EM FRENTE À URB / REGIONAL SUL DA DIRCON,IPSEP,,SUBURBIO,COLISÃO FRONTAL,1,0,1,0,0,0,0,0,0,0,0,0,0,0,0,0,0,0,1,0,0,0,Cruzamento,Bom,Não existe,Não existente,Seca,Perfeito estado,Não existe,Não há placas,,Dupla,Faixa seccionada,,,
202216049,0,2022-07-14,,COM VÍTIMA,FINALIZADA,AREIAS,AV SALDANHA MARINHO,652,0,AV RECIFE,EM FRENTE AO POSTO BR,AREIAS,,SUBURBIO,COLISÃO LATERAL,1,0,1,0,0,0,0,0,0,0,0,0,0,0,0,0,0,0,2,0,0,0,,,,,,,,,,,,,,
202216058,0,2022-07-14,,SEM VÍTIMA,FINALIZADA,AFOGADOS,RUA SAO MIGUEL,,,NO SEMÁFORO 423,AFOGADOS,423,0,,COLISÃO LATERAL,2,0,0,0,0,0,0,0,0,0,0,0,0,0,0,0,0,0,0,0,0,0,Longo da via,Bom,Não existe,Perfeito estado,Seca,Perfeito estado,Não existe,Não há placas,,Dupla,Faixa contínua,,,
202216071,0,2022-07-14,,SEM VÍTIMA,FINALIZADA,IPSEP,AV SENADOR ROBERT KENNEDY,,RUA RIO OCEANICO,PROX A CLINICA MED SLIM,IPSEP,,,COLISÃO FRONTAL,1,0,0,0,0,0,0,0,0,0,0,0,1,0,0,0,0,0,0,0,0,0,,,,,,,,,,,,,,,
202216073,0,2022-07-14,,COM VÍTIMA,FINALIZADA,ILHA DO LEITE,RUA FRANCISCO ALVES,,RUA CAPITAO JOSE DA LUZ,NA FRENTE DO EMPRESARIAL RIO CAPIBARIBE,ILHA DO LEITE,107,0,,COLISÃO FRONTAL,1,0,1,0,0,0,0,0,0,0,0,0,0,0,0,0,0,0,1,0,0,0,Cruzamento,Bom,Não existe,Perfeito estado,Seca,Perfeito estado,Faixa de retenção,Placas Pare,,Dupla,Faixa contínua,,,
202216079,0,2022-07-14,,COM VÍTIMA,FINALIZADA,VASCO DA GAMA,RUA ALTO DO EUCALIPTO,283,0,,PROX A BARRACA DO SEU ALCIDES,VASCO DA GAMA,,,COLISÃO LATERAL,0,0,2,0,0,0,0,0,0,0,0,0,0,0,0,0,0,0,2,0,0,0,Longo da via,Bom,Não existe,Perfeito estado,Seca,Perfeito estado,Não existe,,30 km/h,Dupla,Não existe,,,
202216158,0,2022-07-15,,COM VÍTIMA,FINALIZADA,IPSEP,RUA ITACARI,162,0,RUA ITAJAI,RUA ITAJAI - PROX ACADEMIA XTR  -  COLISÃO ENTRE DOIS AUTO.  SAMU A CAMINHO DE LOCAL , PFF-1112 HONDA CITY CINZA/ QNG-9998 ONIX PRATA,IPSEP,,,COLISÃO FRONTAL,2,0,0,0,0,0,0,0,0,0,0,0,0,0,0,0,0,0,1,0,0,0,Cruzamento,Bom,Não existe,Perfeito estado,Seca,Perfeito estado,Faixa de pedestre,Placas Pare,40 km/h,Única,Faixa contínua,,
202216172,0,2022-07-15,,COM VÍTIMA,CANCELADA,BOA VIAGEM,RUA VISCONDE DE JEQUITINHONHA,1140,0,,PROX AO HOSPITAL ALFA,BOA VIAGEM,,,COLISÃO TRASEIRA,1,0,1,0,0,0,0,0,0,0,0,0,0,0,0,0,0,0,1,0,0,0,,,,,,,,,,,,,,
202216180,0,2022-07-15,,SEM VÍTIMA,FINALIZADA,TORRÕES,RUA GURUPI,80,0,,AO LADO DO POSTO IPIRANGA,TORRÕES,,,COLISÃO LATERAL,0,0,0,0,0,0,0,0,0,0,0,0,0,0,0,0,0,0,0,0,0,0,Longo da via,Bom,Não existe,Não existente,Seca,Perfeito estado,Não existe,Não há placas,,Dupla,Não existe,,,
202216186,0,2022-07-15,,COM VÍTIMA,FINALIZADA,IPUTINGA,AV CAXANGA,3275,0,,PROX AO SUPERMERCADO ARCO-MIX,IPUTINGA,,,QUEDA,0,0,1,0,0,0,0,0,0,0,0,0,0,0,0,0,0,0,1,0,0,0,Longo da via,Bom,Não existe,Perfeito estado,Seca,Perfeito estado,Não existe,Não há placas,,Dupla,Canteiro central,,,
202216190,0,2022-07-15,,COM VÍTIMA,FINALIZADA,SAN MARTIN,AV GENERAL SAN MARTIN,2489,0,,PRÓXIMO A RUA TENENTE MINDELO,SAN MARTIN,,SUBURBIO,COLISÃO COM CICLISTA,1,0,0,0,0,0,1,0,0,0,0,0,0,0,0,0,0,0,1,0,0,0,Longo da via,Chuvoso,Não existe,Perfeito estado,Molhada,,,,,Dupla,Não existe,,,
202216215,0,2022-07-16,,COM VÍTIMA,FINALIZADA,PINA,AV ANTONIO DE GOES,,,DNIT,PINA,103,0,CIDADE,COLISÃO TRASEIRA,1,0,1,0,0,0,0,0,0,0,0,0,0,0,0,0,0,0,1,0,0,0,Outros,Chuvoso,Sem defeito,Perfeito estado,Molhada,Perfeito estado,Faixa de pedestre,,,Única,Faixa seccionada,,,
202216251,0,2022-07-16,,COM VÍTIMA,FINALIZADA,GRAÇAS,RUA SAO SALVADOR,105,0,,PROX A UNIMED DA AGAMENON MAGALHÕES,GRAÇAS,,,COLISÃO LATERAL,1,0,1,0,0,0,0,0,0,0,0,0,0,0,0,0,0,0,1,0,0,0,Longo da via,Chuvoso,Não existe,,Molhada,Perfeito estado,,,,,,,,
202216266,0,2022-07-16,,COM VÍTIMA,FINALIZADA,CAMPO GRANDE,RUA MARQUES DE ABRANTES,124,0,RUA PRUDENTE DE MORAES,PROX AO ULTRA GAS,CAMPO GRANDE,,CIDADE,COLISÃO TRANSVERSAL,1,0,1,0,0,0,0,0,0,0,0,0,0,0,0,0,0,0,1,0,0,0,Cruzamento,Chuvoso,Não existe,Perfeito estado,Molhada,Perfeito estado,Não existe,Placas Pare,,Dupla,Faixa seccionada,,,
202216283,0,2022-07-16,,SEM VÍTIMA,FINALIZADA,ENGENHO DO MEIO,RUA PEDRO DA CUNHA ANDRADE,43,0,,RUA DO COLÉGIO DIÁRIO DE PERNAMBUCO,ENGENHO DO MEIO,,,COLISÃO TRANSVERSAL,0,0,0,0,0,0,0,0,0,0,0,0,0,0,0,0,0,0,0,0,0,0,,,,,,,,,,,,,,
202216286,0,2022-07-16,,SEM VÍTIMA,FINALIZADA,SAN MARTIN,RUA DR TELESPHORO FRAGOSO,1555,0,,NA RUA DA IGREJA NOSSA SENHORA DE FÁTIMA,SAN MARTIN,,,CHOQUE,3,0,0,0,0,0,0,0,0,0,0,0,0,0,0,0,0,0,0,0,0,0,,,,,,,,,,,,,,
202216313,0,2022-07-17,,SEM VÍTIMA,FINALIZADA,SÃO JOSÉ,RUA FLORIANO PEIXOTO,,,EM FRENTE A CASA DA CULTURA,ONIBUS ESTA PRESO A GALHOS DE UMA ÁRVORE IMPOSSIBILITADO DE SAIR DO LOCAL E COM ISSO ESTA OBSTRUINDO A VIA,SÃO JOSÉ,,,CHOQUE,0,0,0,0,0,0,0,0,0,0,1,0,0,0,0,0,0,0,0,0,0,0,,,,,,,,,,,,,,
202216315,0,2022-07-17,,SEM VÍTIMA,CANCELADA,BRASÍLIA TEIMOSA,RUA DO JAU,,RUA ALAGOINHA,CAMINHÃO DA DIRCON SE ENVOLVEU EM UMA COLISÃO COM VEÍCULO NA RUA JAÚ BRASILIA TEIMOSA.,BRASÍLIA TEIMOSA,,,COLISÃO LATERAL,1,0,0,0,0,0,0,0,0,0,0,0,1,0,0,0,0,0,0,0,0,0,,,,,,,,,,,,,,,
202216339,0,2022-07-17,,COM VÍTIMA,FINALIZADA,MADALENA,AV ENGENHEIRO ABDIAS DE CARVALHO,,,PROX AO BOBS,MADALENA,,,COLISÃO TRANSVERSAL,0,0,1,0,0,0,0,0,0,0,0,0,0,0,0,0,0,0,1,0,0,0,,,,,,,,,,,,,,,
202216340,0,2022-07-18,,SEM VÍTIMA,FINALIZADA,NOVA DESCOBERTA,AV NORTE MIGUEL ARRAES DE ALENCAR,,RUA NOVA DESCOBERTA,,NOVA DESCOBERTA,65,0,,COLISÃO TRASEIRA,2,0,0,0,0,0,0,0,0,0,0,0,0,0,0,0,0,0,0,0,0,0,,,,,,,,,,,,,,
202216341,0,2022-07-18,,COM VÍTIMA,FINALIZADA,VÁRZEA,AV CAXANGA,,RUA GASTAO VIDIGAL,EM FRENTE A UPA,VÁRZEA,281,0,SUBURBIO,COLISÃO TRANSVERSAL,1,0,1,0,0,0,0,0,0,0,0,0,0,0,0,0,0,0,2,0,0,0,Cruzamento,Bom,Sem defeito,Perfeito estado,Seca,Perfeito estado,Faixa de pedestre,,,Dupla,,,,
202216362,0,2022-07-18,,COM VÍTIMA,FINALIZADA,BOA VIAGEM,RUA PEDRO PAES MENDONCA,,AV FERNANDO SIMOES BARBOSA,BIG BOMPREÇO,BOA VIAGEM,544,0,SUBURBIO,COLISÃO TRASEIRA,1,0,1,0,0,0,0,0,0,0,0,0,0,0,0,0,0,0,1,0,0,0,Longo da via,Chuvoso,Sem defeito,Perfeito estado,Molhada,,Faixa de pedestre,,60 km/h,Única,,,,
202216371,0,2022-07-18,,COM VÍTIMA,FINALIZADA,CORDEIRO,RUA SOUZA BANDEIRA,,AV CAXANGA,,CORDEIRO,,SUBURBIO,COLISÃO TRANSVERSAL,1,0,1,0,0,0,0,0,0,0,0,0,0,0,0,0,0,0,1,0,0,0,Cruzamento,Chuvoso,Sem defeito,Perfeito estado,Molhada,Perfeito estado,Faixa de pedestre,Não há placas,60 km/h,Única,Faixa seccionada,,,,
202216392,0,2022-07-18,,SEM VÍTIMA,FINALIZADA,JARDIM SÃO PAULO,RUA OSORIO BORBA,,RUA ATOR ELPIDIO CAMARA,PROXIMO AO GIRADORO DE JARDIM SÃO PAULO,JARDIM SÃO PAULO,,,COLISÃO FRONTAL,1,0,0,0,0,0,0,0,0,0,0,0,0,0,1,0,0,0,0,0,0,0,Longo da via,Bom,Não existe,Não existente,Seca,Perfeito estado,Não existe,Outras,,Única,Não existe,,,,
202216399,0,2022-07-18,,COM VÍTIMA,CANCELADA,JARDIM SÃO PAULO,RUA EUZEBIO DE MATOS,663,0,AV PIRACICABA,ATRAS DO PAGEU,JARDIM SÃO PAULO,,,COLISÃO LATERAL,1,0,0,0,0,0,0,0,0,0,0,0,1,0,0,0,0,0,1,0,0,0,,,,,,,,,,,,,,
202216400,0,2022-07-18,,SEM VÍTIMA,FINALIZADA,BOA VISTA,AV GOVERNADOR AGAMENON MAGALHAES,,,COM RUA DOM BOSCO(PISTA LOCAL),BOA VISTA,,,COLISÃO LATERAL,1,0,0,0,0,0,0,0,0,0,1,0,0,0,0,0,0,0,0,0,0,0,Cruzamento,Bom,Sem defeito,Perfeito estado,Seca,Perfeito estado,Agente,Outras,60km/h,Dupla,Canteiro central,,,,
202216403,0,2022-07-18,,COM VÍTIMA,FINALIZADA,AFOGADOS,EST DOS REMEDIOS,,,EM FRENTE AO POSTO PETROBAHIA,AFOGADOS,,CIDADE,ATROPELAMENTO DE PESSOA,0,0,1,0,0,0,0,0,1,0,0,0,0,0,0,0,0,0,2,0,0,0,Longo da via,Bom,Não existe,Perfeito estado,Seca,Perfeito estado,Não existe,Outras,,Única,Faixa contínua,Faixa seccionada,,,
202216414,0,2022-07-19,,COM VÍTIMA,FINALIZADA,APIPUCOS,RUA DE APIPUCOS,1252,0,RUA CAETES,EM FRENTE 11° BATALHÃO DA POLICIA MILITAR, PROX. A FUNDAÇÃO JOAQUIM NABUCO,APIPUCOS,248,0,CIDADE,COLISÃO TRASEIRA,1,0,1,0,0,0,0,0,0,0,0,0,0,0,0,0,0,0,1,0,0,0,Longo da via,Bom,Sem defeito,Perfeito estado,Molhada,Perfeito estado,Não existe,Não há placas,,Dupla,Faixa contínua,
202216421,0,2022-07-19,,COM VÍTIMA,FINALIZADA,IPSEP,AV RECIFE,2528,0,,EM FRENTE AO ATACAMAX,IPSEP,,CIDADE,COLISÃO TRASEIRA,1,0,1,0,0,0,0,0,0,0,0,0,0,0,0,0,0,0,1,0,0,0,Longo da via,Bom,Não existe,Perfeito estado,Seca,Perfeito estado,Não existe,Não há placas,60 km/h,Dupla,Canteiro central,,,
202216441,0,2022-07-19,,SEM VÍTIMA,FINALIZADA,BOA VISTA,PRC PARQUE AMORIM,,,EM FRENTE AO SUPER BOMPREÇO,BOA VISTA,,,COLISÃO LATERAL,2,0,0,0,0,0,0,0,0,0,0,0,0,0,0,0,0,0,0,0,0,0,Longo da via,Bom,Não existe,Perfeito estado,Seca,Perfeito estado,Não existe,Não há placas,,Única,Faixa seccionada,,,,
202216450,0,2022-07-19,,COM VÍTIMA,FINALIZADA,BONGI,AV CONSUL VILARES FRAGOSO,60,0,RUA DR JOAO COSTA,EM FRENTE AO DEPOSITO MELHOR GÁS,BONGI,,CIDADE,COLISÃO LATERAL,0,0,1,0,0,0,0,0,0,0,1,0,0,0,0,0,0,0,1,0,0,0,Cruzamento,Bom,Não existe,Incompleta,Seca,Perfeito estado,Não existe,Não há placas,,Dupla,Não existe,,,
202216469,0,2022-07-19,,COM VÍTIMA,FINALIZADA,ESPINHEIRO,AV CONS ROSA E SILVA,,RUA AMELIA,AO LADO DA EXTRAFARMA,ESPINHEIRO,46,0,SUBURBIO,COLISÃO COM CICLISTA,0,0,1,0,0,0,1,0,0,0,0,0,0,0,0,0,0,0,1,0,0,0,Cruzamento,Bom,Sem defeito,Perfeito estado,Seca,Perfeito estado,Faixa de pedestre,Outras,,Única,Faixa contínua,,,
202216472,0,2022-07-19,,COM VÍTIMA,FINALIZADA,IBURA,AV DOIS RIOS,,,PRÓXIMO A POLICLÍNICA,IBURA,,CIDADE,COLISÃO FRONTAL,1,0,1,0,0,0,0,0,0,0,0,0,0,0,0,0,0,0,1,0,0,0,Longo da via,Bom,Não existe,Não existente,Seca,Perfeito estado,Não existe,Não há placas,,Dupla,Não existe,,,,
202216483,0,2022-07-20,,COM VÍTIMA,FINALIZADA,SANTO ANTÔNIO,RUA FLORIANO PEIXOTO,,PRC JOAQUIM NABUCO,PRÓX. AO BRADESCO,SANTO ANTÔNIO,,,COLISÃO COM CICLISTA,1,0,0,0,0,0,1,0,0,0,0,0,0,0,0,0,0,0,1,0,0,0,Cruzamento,Bom,Não existe,Ilegível,Seca,Mal conservada,Não existe,Não há placas,,Única,Faixa seccionada,,,,
202216484,0,2022-07-20,,SEM VÍTIMA,FINALIZADA,CAXANGÁ,AV CAXANGA,,,CELPE / MUSEU DA ABOLIÇÃO,CAXANGÁ,,,COLISÃO LATERAL,0,0,1,0,0,0,0,0,0,0,0,0,0,0,1,0,0,0,0,0,0,0,Longo da via,Bom,Não existe,Perfeito estado,Seca,Perfeito estado,Não existe,,,Dupla,Canteiro central,,,,
202216487,0,2022-07-20,,COM VÍTIMA,FINALIZADA,IPSEP,AV RECIFE,3460,0,AV RAIMUNDO DINIZ,SENTIDO AEROPORTO / PRÓX. À CONCESSIONÁRIA JJK AUTOS,IPSEP,247,0,CIDADE,ATROPELAMENTO DE PESSOA,0,0,1,0,0,0,0,0,1,0,0,0,0,0,0,0,0,0,1,0,0,0,Longo da via,Bom,Sem defeito,Ilegível,Molhada,Perfeito estado,Outros,,60 km/h,Dupla,Canteiro central,,
202216493,0,2022-07-20,,COM VÍTIMA,FINALIZADA,BOA VIAGEM,RUA SA E SOUZA,381,0,RUA CAPITAO ZUZINHA,,BOA VIAGEM,420,0,,ATROPELAMENTO DE PESSOA,0,0,0,0,0,0,0,0,1,0,1,0,0,0,0,0,0,0,1,0,0,0,Cruzamento,Bom,Sem defeito,Incompleta,Seca,Perfeito estado,Faixa de pedestre,Não há placas,,Única,Não existe,,
202216499,0,2022-07-20,,COM VÍTIMA,FINALIZADA,TORRÕES,AV ENGENHEIRO ABDIAS DE CARVALHO,240,0,RUA QUINZE DE MARCO,PRÓXIMO À CHESF,TORRÕES,422,0,CIDADE,COLISÃO TRASEIRA,1,0,2,0,0,0,0,0,0,0,0,0,1,0,0,0,0,0,2,0,0,0,Longo da via,Bom,Sem defeito,Perfeito estado,Seca,Perfeito estado,Agente,R-6a,,Dupla,Canteiro central,,
202216505,0,2022-07-20,,COM VÍTIMA,CANCELADA,IMBIRIBEIRA,AV MARECHAL MASCARENHAS DE MORAES,945,0,,EM FRENTE À GRILLO HOME DECOR,IMBIRIBEIRA,,,COLISÃO LATERAL,1,0,1,0,0,0,0,0,0,0,0,0,0,0,0,0,0,0,1,0,0,0,,,,,,,,,,,,,,
202216516,0,2022-07-20,,COM VÍTIMA,FINALIZADA,IPSEP,AV RECIFE,,AV DOM HELDER CAMARA,E/F AO ARMAZEM CORAL S/T BOA VIAGEM,IPSEP,55,0,,COLISÃO COM CICLISTA,1,0,0,0,0,0,1,0,0,0,0,0,0,0,0,0,0,0,1,0,0,0,Cruzamento,Bom,Sem defeito,Perfeito estado,Seca,Perfeito estado,Agente,Outras,60 km/h,Dupla,Canteiro central,,,
202216536,0,2022-07-20,,COM VÍTIMA,FINALIZADA,APIPUCOS,RUA DOIS IRMAOS,147,0,RUA DE APIPUCOS,PROX A FUNDAÇÃO JOAQUIM NABUCO,APIPUCOS,,SUBURBIO,COLISÃO TRANSVERSAL,1,0,2,0,0,0,0,0,0,0,0,0,0,0,0,0,0,0,1,0,0,0,Longo da via,Chuvoso,Não existe,Perfeito estado,Molhada,Perfeito estado,Não existe,Outras,50 km/h,Dupla,Faixa contínua,,,
202216537,0,2022-07-20,,COM VÍTIMA,FINALIZADA,IMBIRIBEIRA,RUA ANTONIO FALCAO,475,0,,APOS O LE PARC,IMBIRIBEIRA,402,0,,COLISÃO LATERAL,1,0,1,0,0,0,0,0,0,0,0,0,0,0,0,0,0,0,1,0,0,0,Longo da via,Chuvoso,Sem defeito,Perfeito estado,Molhada,Perfeito estado,Faixa de pedestre,Não há placas,,Única,Outros,,
202216554,0,2022-07-21,,VÍTIMA FATAL,FINALIZADA,MADALENA,AV CAXANGA,653,0,RUA JOSE OSORIO,CRUZAMENTO C/A RUA JOSÉ OSÓRIO - SENTIDO SUB/CID,MADALENA,489,0,CIDADE,CHOQUE,1,0,0,0,0,0,0,0,0,0,0,0,0,0,0,0,1,0,0,0,1,0,Longo da via,Chuvoso,Intermitente,Não existente,Molhada,Perfeito estado,Faixa de pedestre,Não há placas,60 km/h,,Canteiro central,,