Protocolo,,data,hora,natureza_acidente,situacao,bairro,endereco,numero,detalhe_endereco_acidente,complemento,bairro_cruzamento,num_semaforo,sentido_via,tipo,auto,moto,ciclom,ciclista,pedestre,onibus,caminhao,viatura,outros,vitimas,vitimasfatais,acidente_verificado,tempo_clima,situacao_semaforo,sinalizacao,condicao_via,conservacao_via,ponto_controle,situacao_placa,velocidade_max_via,mao_direcao,divisao_via1,divisao_via2,divisao_via3,,,,,,,,,,,,,
202217225,0,2022-07-29,,COM VÍTIMA,FINALIZADA,MANGABEIRA,AV NORTE MIGUEL ARRAES DE ALENCAR,,,EM  AO SESC  DE CASA AMARELA,MANGABEIRA,364,0,CIDADE,COLISÃO TRANSVERSAL,1,0,1,0,0,0,0,0,0,0,0,0,0,0,0,0,0,0,2,0,0,0,Longo da via,Bom,Sem defeito,Perfeito estado,Seca,Perfeito estado,Faixa de pedestre,,,Dupla,Faixa contínua,,,
202217234,0,2022-07-29,,COM VÍTIMA,FINALIZADA,IBURA,AV DOIS RIOS,883,0,RUA ECOPORANGA,EM FRENTE AO SUPERMERCADO SERVE BEM ATACAREJO E LIMA MOVEIS,IBURA,475,0,CIDADE,COLISÃO TRANSVERSAL,1,0,1,0,0,0,0,0,0,0,0,0,0,0,0,0,0,0,1,0,0,0,Cruzamento,Bom,Sem defeito,Incompleta,Seca,Perfeito estado,Não existe,Não há placas,60 km/h,Dupla,Faixa contínua,,
202217235,0,2022-07-29,,COM VÍTIMA,DUPLICIDADE,SÍTIO DOS PINTOS,,,,,SÍTIO DOS PINTOS,,,,1,0,0,0,0,0,1,0,0,0,0,0,0,0,0,0,0,0,1,0,0,0,,,,,,,,,,,,,,,
202217238,0,2022-07-29,,COM VÍTIMA,FINALIZADA,VÁRZEA,RUA RIBEIRO PESSOA,345,0,,PROX HOTEL TURQUESA,VÁRZEA,,SUBURBIO,COLISÃO COM CICLISTA,1,0,0,0,0,0,1,0,0,0,0,0,0,0,0,0,0,0,1,0,0,0,Longo da via,Bom,Não existe,Perfeito estado,Seca,Perfeito estado,Não existe,Não há placas,,Dupla,Faixa seccionada,,,
202217242,0,2022-07-29,,SEM VÍTIMA,FINALIZADA,BOA VISTA,AV GOVERNADOR AGAMENON MAGALHAES,3311,0,,PRÓXIMO AO SUPER BOMPREÇO,BOA VISTA,,SUBURBIO,,1,0,0,0,0,0,0,0,0,0,1,0,0,0,0,0,0,0,0,0,0,0,Longo da via,Bom,Não existe,Perfeito estado,Seca,Perfeito estado,Não existe,Não há placas,60 km/h,Dupla,Faixa seccionada,Canteiro central,Outros,
202217243,0,2022-07-29,,SEM VÍTIMA,FINALIZADA,SANTO AMARO,AV CRUZ CABUGA,,,AO LADO DO SHOPPING TACARUNA,SANTO AMARO,,CIDADE,COLISÃO TRASEIRA,1,0,0,0,0,0,0,0,0,0,1,0,0,0,0,0,0,0,0,0,0,0,Longo da via,Bom,Não existe,Perfeito estado,Seca,Perfeito estado,Outros,Outras,,Dupla,Canteiro central,,,,
202217263,0,2022-07-29,,COM VÍTIMA,FINALIZADA,IPUTINGA,AV MAURICIO DE NASSAU,,,EM FRENTE AO HOSPITAL ALTINO VENTURA,IPUTINGA,,CIDADE,COLISÃO LATERAL,1,0,1,0,0,0,0,0,0,0,0,0,0,0,0,0,0,0,1,0,0,0,Longo da via,Bom,Não existe,Perfeito estado,Seca,Perfeito estado,Não existe,Não há placas,,Dupla,Faixa contínua,,,,
202217271,0,2022-07-29,,SEM VÍTIMA,FINALIZADA,SANTO AMARO,AV CRUZ CABUGA,141,0,,EM FRENTE A IGREJA UNIVERSAL,SANTO AMARO,,CIDADE,COLISÃO TRANSVERSAL,0,0,0,0,0,0,0,0,0,0,1,0,0,0,1,0,0,0,0,0,0,0,Longo da via,Bom,Não existe,Perfeito estado,Seca,Perfeito estado,Não existe,Outras,,Dupla,Faixa contínua,,,
202217276,0,2022-07-29,,COM VÍTIMA,FINALIZADA,TORRE,RUA PROFESSOR TRAJANO DE MENDONCA,320,0,RUA VITORIANO PALHARES,RUA PROFESSOR TRAJANO DE MENDONÇA  /  RUA VITORIANO PALHARES - NO SENTIDO TORRE / MADALENA. -  PRÓX. AO ATACADO DOS PRESENTES, COLISÃO TRASEIRA.  SYMBOL PEP0552 / BROS MXU5017,TORRE,,,COLISÃO TRASEIRA,1,0,1,0,0,0,0,0,0,0,0,0,0,0,0,0,0,0,1,0,0,0,Longo da via,Bom,Não existe,Não existente,Seca,Perfeito estado,Não existe,Não há placas,60 km/h,Única,Não existe,,
202217280,0,2022-07-29,,SEM VÍTIMA,FINALIZADA,IMBIRIBEIRA,AV MARECHAL MASCARENHAS DE MORAES,6211,0,,EM FRENTE AO FÓRUM DESEMBARGADOR NEVES FILHO,IMBIRIBEIRA,,,,0,0,0,0,0,0,0,0,0,0,1,0,0,0,1,0,0,0,0,0,0,0,,Bom,Não existe,Perfeito estado,Seca,Perfeito estado,Não existe,Não há placas,60 km/h,Dupla,Canteiro central,,,
202217284,0,2022-07-29,,COM VÍTIMA,FINALIZADA,IPSEP,RUA ADERBAL DE MELO,135,0,RUA HELIO BRANDAO,DE ESQUINA COM RESTAURANTE CHAMBARIL E FEIJOADA DO JOÃO, MOTORISTA  COLIDIU COM UM CICLISTA E JÁ FOI ACIOANDO O SAMU, PDV4367 FIAT PRATA.,IPSEP,,SUBURBIO,COLISÃO COM CICLISTA,1,0,0,0,0,0,1,0,0,0,0,0,0,0,0,0,0,0,1,0,0,0,Cruzamento,Bom,Não existe,Incompleta,Seca,Perfeito estado,Não existe,Placas Pare,,Dupla,Não existe,
202217288,0,2022-07-29,,COM VÍTIMA,FINALIZADA,ILHA JOANA BEZERRA,VDO PAPA JOAO PAULO II,,,ACIDENTE COM VÍTIMA. SAMU NO LOCAL PRESTANDO SOCORRO. VEÍCULOS NO SENTIDO PINA / DERBY. ENVIANDO BATEDORES DA CTTU.,ILHA JOANA BEZERRA,,CIDADE,COLISÃO TRASEIRA,1,0,1,0,0,0,0,0,0,0,0,0,0,0,0,0,0,0,2,0,0,0,Viaduto,Bom,Não existe,Perfeito estado,Seca,Perfeito estado,Não existe,Não há placas,,Única,Faixa contínua,,,,
202217296,0,2022-07-29,,COM VÍTIMA,FINALIZADA,ILHA DO LEITE,AV GOVERNADOR AGAMENON MAGALHAES,1261,0,,PROX A FARMACIA PAGUE MENOS,ILHA DO LEITE,,OLINDA,COLISÃO FRONTAL,1,0,2,0,0,0,0,0,0,0,0,0,0,0,0,0,0,0,3,0,0,0,Longo da via,Bom,Não existe,Perfeito estado,Seca,Perfeito estado,Não existe,,60 km/h,Dupla,Canteiro central,,,
202217298,0,2022-07-29,,COM VÍTIMA,CANCELADA,TORRÕES,AV ENGENHEIRO ABDIAS DE CARVALHO,3068,0,,EM FRENTE AO SOS AUTO PEÇAS, ACIDENTES FLAGRADO PELO SISTEMA DE MONITORAMENTO , IMAGENS SALVAS, EQUIPE BP TRAN  PAROU NO LOCAL REALIZANDO APOIO E ACIONANDO O SOCORRO.,TORRÕES,271,0,CIDADE,COLISÃO TRASEIRA,0,0,2,0,0,0,0,0,0,0,0,0,0,0,0,0,0,0,3,0,0,0,,,,,,,,,,
202217310,0,2022-07-29,,COM VÍTIMA,FINALIZADA,CORDEIRO,AV ENGENHEIRO ABDIAS DE CARVALHO,,RUA TIJUCAS,PRÓXIMO AO ESPETINHO PRIME,CORDEIRO,422,0,,COLISÃO TRANSVERSAL,1,0,1,0,0,0,0,0,0,0,0,0,0,0,0,0,0,0,1,0,0,0,Cruzamento,Bom,Sem defeito,Perfeito estado,Seca,Perfeito estado,,,,Dupla,,,,
202217335,0,2022-07-30,,COM VÍTIMA,FINALIZADA,SANTO AMARO,AV CRUZ CABUGA,1419,0,,EM FRENTE À SEFAZ,SANTO AMARO,,CIDADE,COLISÃO LATERAL,1,0,1,0,0,0,0,0,0,0,0,0,0,0,0,0,0,0,1,0,0,0,Longo da via,Bom,Não existe,Perfeito estado,Seca,Perfeito estado,Não existe,Não há placas,40 km/h,Dupla,Faixa seccionada,,,
202217352,0,2022-07-30,,COM VÍTIMA,FINALIZADA,IPUTINGA,RUA EMILIANO BRAGA,97,0,,EM FRENTE A PB HOSPITALAR,IPUTINGA,,SUBURBIO,COLISÃO LATERAL,1,0,1,0,0,0,0,0,0,0,0,0,0,0,0,0,0,0,1,0,0,0,Cruzamento,Chuvoso,Não existe,Não existente,,Mal conservada,Não existe,Não há placas,,,,,,
202217359,0,2022-07-30,,COM VÍTIMA,CANCELADA,ARRUDA,RUA DO MACHADO,,RUA ZEFERINO AGRA,EM FRENTE A IGREJA DE SANTO ANTONIO,ARRUDA,,,COLISÃO LATERAL,1,0,1,0,0,0,0,0,0,0,0,0,0,0,0,0,0,0,1,0,0,0,,,,,,,,,,,,,,,
202217360,0,2022-07-30,,SEM VÍTIMA,CANCELADA,TORRE,AV BEIRA RIO,,,PROX A  PONTE DA TORRE,TORRE,,,COLISÃO LATERAL,2,0,0,0,0,0,0,0,0,0,0,0,0,0,0,0,0,0,0,0,0,0,,,,,,,,,,,,,,,
202217369,0,2022-07-30,,SEM VÍTIMA,CANCELADA,BOA VIAGEM,AV BOA VIAGEM,3232,0,,EM FRENTE AO EDF. ACAIACA,BOA VIAGEM,,,COLISÃO LATERAL,2,0,0,0,0,0,0,0,0,0,0,0,0,0,0,0,0,0,0,0,0,0,,,,,,,,,,,,,,
202217372,0,2022-07-30,,COM VÍTIMA,CANCELADA,VÁRZEA,AV JOAQUIM RIBEIRO,867,0,,PRÓXIMO AO POSTO DISLUB / RESIDENCIAL MARCOS FREIRE,VÁRZEA,,,COLISÃO LATERAL,1,0,1,0,0,0,0,0,0,0,0,0,0,0,0,0,0,0,1,0,0,0,,,,,,,,,,,,,,
202217374,0,2022-07-31,,SEM VÍTIMA,FINALIZADA,AREIAS,AV RECIFE,,,ALTURA DA PONTE DO CAÇOTE - SENTIDO CEASA,AREIAS,,,ATROPELAMENTO DE ANIMAL,1,0,0,0,0,0,0,0,0,0,0,0,0,0,0,0,1,0,0,0,0,0,,,,,,,,,,,,,,,
202217381,0,2022-07-31,,SEM VÍTIMA,FINALIZADA,AREIAS,AV RECIFE,,,ALTURA DA PONTE DO CAÇOTE - SENTIDO CEASA,AREIAS,,,ATROPELAMENTO DE ANIMAL,0,0,0,0,0,0,0,0,0,0,0,0,0,0,0,0,0,0,0,0,0,0,,,,,,,,,,,,,,,
202217389,0,2022-07-31,,SEM VÍTIMA,FINALIZADA,CORDEIRO,AV ENGENHEIRO ABDIAS DE CARVALHO,,AV GENERAL SAN MARTIN,COLISÃO ATÍPICA : ENGAVETAMENTO ENTRE TRÊS VEÍCULOS, IMOBILAZADO POR ESTAR COM COMBUSTÍVEL  ( GÁS VEÍCULAR )  -  ORIENTADO A TIRA FOTOS DA DINÂMICA DO ACIDENTE, RETIRA OS VEÍCULOS PARA LOCAL SEGURO E POSTERIOR REALIZAR O BATE PRONTO.,CORDEIRO,,SUBURBIO,ENGAVETAMENTO,3,0,0,0,0,0,0,0,0,0,0,0,0,0,0,0,0,0,0,0,0,0,,,,,,,,,,,,,
202217392,0,2022-07-31,,COM VÍTIMA,FINALIZADA,CASA AMARELA,RUA PADRE LEMOS,,RUA SURUBIM,KINITOS / ENTRADA VASCO DA GAMA ,  CLINICA ODONTOLOGICA,CASA AMARELA,,CIDADE,COLISÃO FRONTAL,0,0,2,0,0,0,0,0,0,0,0,0,0,0,0,0,0,0,2,0,0,0,Longo da via,Bom,Não existe,Incompleta,Seca,Mal conservada,Não existe,R-6a,,Dupla,Não existe,,,
202217398,0,2022-07-31,,SEM VÍTIMA,FINALIZADA,MANGABEIRA,AV PROFESSOR JOSE DOS ANJOS,45,0,,PRÓXIMO DIGO POR TRÁS DO MOTEL.  UM EQUINO FOI ATROPELADO ESTAR AO SOLO VERIFICAR SE AINDA VIVE E E OU ESTAR COM A PATA QUEBRADA. ACIONANDO O GERENTE A  E  O CVA.,MANGABEIRA,,,ATROPELAMENTO DE ANIMAL,0,0,0,0,0,0,0,0,0,0,0,0,0,0,0,0,0,0,0,0,0,0,,,,,,,,,,,,,,
202217404,0,2022-07-31,,COM VÍTIMA,FINALIZADA,BOA VIAGEM,RUA VISCONDE DE JEQUITINHONHA,1418,0,,ANTES DO POSTO SHELL,  EM FRENTE AO EDIFICIL CARAVELAS,BOA VIAGEM,,SUBURBIO,COLISÃO LATERAL,1,0,1,0,0,0,0,0,0,0,1,0,0,0,0,0,0,0,1,0,0,0,Viaduto,Chuvoso,Não existe,Perfeito estado,Molhada,Perfeito estado,Não existe,Outras,60 km/h,Única,Faixa contínua,Faixa seccionada,
202217438,0,2022-07-31,,SEM VÍTIMA,FINALIZADA,ILHA JOANA BEZERRA,AV ADVOGADO JOSE PAULO CAVALCANTI,,VDO PAPA JOAO PAULO II,UM EQUINO FOI ATROPELADO E VEIO A ÓBITO EM HORÁRIO NÃO INFORMADO, PORÉM AO AMANHECER POR CONTA DE UMA OBRA DA EMLURB FOI CONSTATADO O FATO. REPASSADO A GERENCIA CTTU PARA EFETIVAR A REMOÇÃO DO CORCEL.,ILHA JOANA BEZERRA,,CIDADE,ATROPELAMENTO DE ANIMAL,0,0,0,0,0,0,0,0,0,0,0,0,0,0,0,0,0,0,0,0,0,0,,,,,,,,,,,,,,
202217447,0,2022-07-31,,SEM VÍTIMA,FINALIZADA,TORRE,RUA JOSE BONIFACIO,,,EM FRENTE A PADARIA NOVA ARMADA,TORRE,191,0,SUBURBIO,CHOQUE,1,0,0,0,0,0,0,0,0,0,0,0,0,0,0,0,0,0,0,0,0,0,Longo da via,Nublado,Sem defeito,Incompleta,Seca,Perfeito estado,Faixa de pedestre,R-6a,,Única,Faixa seccionada,,,
202217462,0,2022-07-31,,SEM VÍTIMA,FINALIZADA,COHAB,RUA JOAO CORDEIRO DE SOUZA,,,EM FRENTE AO Nº 97,COHAB,,CIDADE,COLISÃO FRONTAL,2,0,0,0,0,0,0,0,0,0,0,0,0,0,0,0,0,0,0,0,0,0,Longo da via,Bom,Não existe,Perfeito estado,Seca,Perfeito estado,Não existe,Não há placas,,Dupla,Não existe,,,,
202217489,0,2022-08-01,,COM VÍTIMA,FINALIZADA,BARRO,AV DR JOSE RUFINO,,,PRÓXIMO À RUA PADRE NÓBREGA,BARRO,,CIDADE,COLISÃO LATERAL,0,0,0,0,0,0,0,0,0,0,0,0,0,0,0,0,0,0,1,0,0,0,,,,,,,,,,,,,,,
202217521,0,2022-08-01,,COM VÍTIMA,CANCELADA,BOA VISTA,RUA HENRIQUE DIAS,,AV GOVERNADOR AGAMENON MAGALHAES,APÓS A PRAÇA DO DERBY,BOA VISTA,,CIDADE,QUEDA,0,0,1,0,0,0,0,0,0,0,0,0,0,0,0,0,0,0,1,0,0,0,,,,,,,,,,,,,,,
202217529,0,2022-08-01,,COM VÍTIMA,FINALIZADA,BOA VIAGEM,RUA MARIA CAROLINA,,RUA MINISTRO NELSON HUNGRIA,E/F AO HOTEL BEACH CLASS  RESIDENCE,BOA VIAGEM,,,ATROPELAMENTO DE PESSOA,1,0,0,0,0,0,0,0,1,0,0,0,0,0,0,0,0,0,1,0,0,0,Cruzamento,Bom,Não existe,Perfeito estado,Seca,Perfeito estado,Não existe,Não há placas,,Única,Não existe,,,,
202217552,0,2022-08-02,,COM VÍTIMA,FINALIZADA,SÃO JOSÉ,AV SUL,,,SEMAFORO Nº 076,SÃO JOSÉ,76,0,SUBURBIO,COLISÃO TRANSVERSAL,1,0,0,0,0,0,0,0,0,0,1,0,0,0,0,0,0,0,1,0,0,0,Esquina,Chuvoso,Intermitente,Perfeito estado,Molhada,Perfeito estado,Não existe,Não há placas,,Dupla,Canteiro central,,,
202217606,0,2022-08-02,,COM VÍTIMA,FINALIZADA,ESPINHEIRO,AV JOAO DE BARROS,1629,0,RUA ALFREDO DE CASTRO,EM FRENTE AO BANCO ITAU,  FEDERAÇÃO ESPIRITA PERNAMBUCANA,ESPINHEIRO,,SUBURBIO,COLISÃO TRASEIRA,1,0,0,0,1,0,0,0,0,0,0,0,0,0,0,0,0,0,1,0,0,0,,,,,,,,,,,,,
202217619,0,2022-08-02,,SEM VÍTIMA,FINALIZADA,BOA VIAGEM,AV ENGENHEIRO DOMINGOS FERREIRA,1350,0,,EM FRENTE  CONJUNTO PERNAMBUCANO,BOA VIAGEM,,SUBURBIO,COLISÃO TRASEIRA,2,0,0,0,0,0,0,0,0,0,0,0,0,0,0,0,0,0,0,0,0,0,Longo da via,Bom,Não existe,Perfeito estado,Seca,Perfeito estado,Não existe,Não há placas,,Única,Faixa seccionada,,,
202217622,0,2022-08-02,,SEM VÍTIMA,FINALIZADA,DERBY,RUA JENER DE SOUZA,,PRC DO DERBY,PÇ DO DERBY,DERBY,,CIDADE,,1,0,0,0,0,0,0,0,0,0,0,0,0,0,1,0,0,0,0,0,0,0,Cruzamento,Bom,Não existe,Incompleta,Seca,Perfeito estado,Faixa de pedestre,R-6c,,Única,Faixa seccionada,,,,
202217630,0,2022-08-02,,COM VÍTIMA,FINALIZADA,SANTO AMARO,AV NORTE MIGUEL ARRAES DE ALENCAR,866,0,,EM FRENTE A RECIFE TONNER, GRAFICA E ASSISTÊNCIA TÉCNICA,SANTO AMARO,397,0,SUBURBIO,COLISÃO TRASEIRA,1,0,1,0,0,0,0,0,0,0,0,0,0,0,0,0,0,0,1,0,0,0,Longo da via,Bom,Desligado,Perfeito estado,Seca,Perfeito estado,Faixa de pedestre,Outras,60 km/h,Dupla,Faixa seccionada,Canteiro central
202217638,0,2022-08-02,,COM VÍTIMA,FINALIZADA,MADALENA,AV CAXANGA,,RUA JOAO IVO DA SILVA,PRÓXIMO AO TÚNEL DA ABOLIÇÃO,MADALENA,257,0,CIDADE,COLISÃO COM CICLISTA,0,0,1,0,0,0,1,0,0,0,0,0,0,0,0,0,0,0,2,0,0,0,Longo da via,Bom,Sem defeito,Perfeito estado,Seca,Perfeito estado,Faixa de pedestre,Outras,,Dupla,Faixa contínua,,,
202217648,0,2022-08-03,,COM VÍTIMA,FINALIZADA,CAXANGÁ,AV CAXANGA,1221,0,,DROGASIL,CAXANGÁ,,CIDADE,COLISÃO FRONTAL,1,0,1,0,0,0,0,0,0,0,0,0,0,0,0,0,0,0,1,0,0,0,,,,,,,,,,,,,,
202217657,0,2022-08-03,,SEM VÍTIMA,FINALIZADA,SANTO AMARO,RUA COELHO LEITE,,RUA ARTUR COUTINHO,,SANTO AMARO,,CIDADE,,1,0,0,0,0,0,0,0,0,0,0,0,0,0,1,0,0,0,0,0,0,0,Cruzamento,Chuvoso,Não existe,Não existente,Molhada,Perfeito estado,Não existe,Não há placas,30 km/h,Dupla,Não existe,,,,
202217670,0,2022-08-03,,SEM VÍTIMA,FINALIZADA,BOA VIAGEM,RUA ANTONIO FALCAO,55,0,,EM FRENTE AO RESTAURANTE ILHA CAMARÕES,BOA VIAGEM,,,COLISÃO FRONTAL,2,0,0,0,0,0,0,0,0,0,0,0,0,0,0,0,0,0,0,0,0,0,,,,,,,,,,,,,,
202217695,0,2022-08-03,,SEM VÍTIMA,FINALIZADA,ESPINHEIRO,RUA DO ESPINHEIRO,360,0,,,ESPINHEIRO,,SUBURBIO,COLISÃO TRASEIRA,2,0,0,0,0,0,0,0,0,0,0,0,0,0,0,0,0,0,0,0,0,0,Longo da via,Chuvoso,Não existe,Perfeito estado,Molhada,Perfeito estado,Não existe,Outras,40 km/h,Única,Não existe,,,
202217696,0,2022-08-03,,COM VÍTIMA,FINALIZADA,MADALENA,RUA BENFICA,,RUA JOAO IVO DA SILVA,EM FRENTE AO MUSEU DA ABOLIÇÃO, SENT. DERBY,MADALENA,257,0,CIDADE,COLISÃO LATERAL,0,0,1,0,0,0,0,0,0,0,0,0,0,0,1,0,0,0,1,0,0,0,Longo da via,Chuvoso,Sem defeito,Perfeito estado,Molhada,Perfeito estado,Faixa de pedestre,Outras,,Única,Faixa contínua,,
202217706,0,2022-08-03,,COM VÍTIMA,FINALIZADA,BOA VIAGEM,RUA TENENTE JOAO CICERO,833,0,AVENIDA CELSO FURTADO (VIA MANGUE),FABRICA DE SORVETE MILET,BOA VIAGEM,,CIDADE,COLISÃO LATERAL,1,0,1,0,0,0,0,0,0,0,0,0,0,0,0,0,0,0,1,0,0,0,Cruzamento,Chuvoso,Não existe,Perfeito estado,Molhada,Perfeito estado,Faixa de retenção,Placas Pare,60 km/h,Única,Faixa contínua,,,
202217709,0,2022-08-03,,COM VÍTIMA,FINALIZADA,IPSEP,RUA PINTOR ANTONIO ALBUQUERQUE,51,0,RUA PROFESSOR JOSE VICENTE,MERCADINHO CONVENÇÃO,IPSEP,,SUBURBIO,COLISÃO TRANSVERSAL,1,0,1,0,0,0,0,0,0,0,0,0,0,0,0,0,0,0,1,0,0,0,Cruzamento,Chuvoso,Não existe,Perfeito estado,Molhada,Perfeito estado,Faixa de pedestre,Placas Pare,40 km/h,Única,Faixa seccionada,,,
202217732,0,2022-08-03,,COM VÍTIMA,FINALIZADA,DERBY,AV GOVERNADOR AGAMENON MAGALHAES,,AV GOVERNADOR CARLOS DE LIMA CAVALCANTI,LADO OPOSTO À PRAÇA DO DERBY, SENTIDO OLINDA,DERBY,75,0,SUBURBIO,COLISÃO TRASEIRA,1,0,0,0,0,0,0,0,0,0,1,0,0,0,0,0,0,0,1,0,0,0,Cruzamento,Chuvoso,Sem defeito,Perfeito estado,Molhada,Perfeito estado,,R-26,60 km/h,Única,Faixa contínua,,
202217751,0,2022-08-04,,SEM VÍTIMA,FINALIZADA,ILHA JOANA BEZERRA,AV DES GUERRA BARRETO,,,FÓRUM DESEMBARGADOR RODOLFO AURELIANO,ILHA JOANA BEZERRA,,,COLISÃO FRONTAL,0,0,0,0,0,0,0,0,0,0,0,0,0,0,0,0,0,0,0,0,0,0,,,,,,,,,,,,,,,
202217776,0,2022-08-04,,COM VÍTIMA,FINALIZADA,ARRUDA,AV PROFESSOR JOSE DOS ANJOS,159B,RUA DESENHISTA EULINO SANTOS,SEMÁFORO 642,ARRUDA,642,0,CIDADE,COLISÃO LATERAL,0,0,1,0,0,0,0,0,0,0,0,0,1,0,0,0,0,0,1,0,0,0,Esquina,Bom,Sem defeito,,Seca,Perfeito estado,Não existe,Outras,40 km/h,Dupla,Canal,,,
202217777,0,2022-08-04,,COM VÍTIMA,FINALIZADA,ROSARINHO,RUA DES MARTINS PEREIRA,475,0,RUA TELES JUNIOR,POR TRÁS DO BIG BOMPREÇO,ROSARINHO,,,COLISÃO LATERAL,1,0,1,0,0,0,0,0,0,0,0,0,0,0,0,0,0,0,1,0,0,0,Cruzamento,Bom,Não existe,Perfeito estado,Seca,Perfeito estado,Faixa de pedestre,Placas Pare,30 km/h,Única,Faixa contínua,,,
202217785,0,2022-08-04,,COM VÍTIMA,FINALIZADA,JIQUIÁ,AV DR JOSE RUFINO,13,0,,FABRICA DA IOLANDA,JIQUIÁ,,CIDADE,COLISÃO FRONTAL,0,0,1,0,0,0,0,0,0,0,0,0,0,0,1,0,0,0,1,0,0,0,Cruzamento,Bom,Não existe,Incompleta,Seca,Perfeito estado,Não existe,R-19,60 km/h,Dupla,Faixa contínua,Faixa seccionada,,
202217796,0,2022-08-04,,SEM VÍTIMA,FINALIZADA,AFOGADOS,RUA PEDRO CABRAL DE OLIVEIRA,97,0,RUA SAO MIGUEL,AO LADO DA ESCOLA,AFOGADOS,,CIDADE,CHOQUE,2,0,0,0,0,0,0,0,0,0,0,0,1,0,0,0,0,0,0,0,0,0,Cruzamento,Bom,Não existe,Perfeito estado,Seca,Perfeito estado,Não existe,Não há placas,,Única,Não existe,,,
202217803,0,2022-08-04,,COM VÍTIMA,FINALIZADA,CORDEIRO,EST DO FORTE DO ARRAIAL N. DO B. JESUS,922,0,,EM FRENTE A PEIXARIA  PAPESCANDO,CORDEIRO,,,COLISÃO COM CICLISTA,1,0,0,0,0,0,1,0,0,0,0,0,0,0,0,0,0,0,1,0,0,0,Longo da via,Bom,Não existe,Perfeito estado,Seca,Perfeito estado,Não existe,Não há placas,40 km/h,Dupla,Faixa contínua,,,
202217832,0,2022-08-04,,SEM VÍTIMA,FINALIZADA,SANTO AMARO,RUA BARROS BARRETO,23,0,AV GOVERNADOR AGAMENON MAGALHAES,,SANTO AMARO,,CIDADE,CHOQUE,0,0,0,0,0,0,0,0,0,0,0,0,0,0,1,0,0,0,0,0,0,0,Longo da via,Bom,Não existe,Não existente,Seca,Perfeito estado,Faixa de pedestre,Placas Pare,,Dupla,Não existe,,,
202217838,0,2022-08-04,,COM VÍTIMA,FINALIZADA,DOIS IRMÃOS,RUA DOIS IRMAOS,,,EM FRENTE AO LAFEPE,DOIS IRMÃOS,,SUBURBIO,COLISÃO TRASEIRA,1,0,1,0,0,0,0,0,0,0,0,0,0,0,0,0,0,0,1,0,0,0,Longo da via,Bom,Não existe,Perfeito estado,Seca,Perfeito estado,,,,Dupla,Faixa seccionada,,,,
202217847,0,2022-08-04,,COM VÍTIMA,FINALIZADA,TEJIPIÓ,AV DR JOSE RUFINO,,,ALÇA DA BR 101 SUL,TEJIPIÓ,,CIDADE,COLISÃO TRANSVERSAL,1,0,1,0,0,0,0,0,0,0,0,0,0,0,0,0,0,0,1,0,0,0,Esquina,Bom,Não existe,Perfeito estado,Seca,Perfeito estado,Não existe,Outras,,Dupla,Faixa seccionada,,,,
202217865,0,2022-08-05,,COM VÍTIMA,FINALIZADA,IPUTINGA,AV CAXANGA,,,EM FRENTE AO GOLF CLUB, SENT. CIDADE,IPUTINGA,,,COLISÃO LATERAL,0,0,1,0,0,0,0,0,0,0,1,0,0,0,0,0,0,0,1,0,0,0,Longo da via,Chuvoso,Não existe,Perfeito estado,Molhada,Perfeito estado,Não existe,Não há placas,60 km/h,Dupla,Canteiro central,,,
202217886,0,2022-08-05,,COM VÍTIMA,FINALIZADA,BOA VIAGEM,RUA ERNESTO DE PAULA SANTOS,1277,0,,EM FRENTE AOS CORREIOS,BOA VIAGEM,,SUBURBIO,COLISÃO TRASEIRA,1,0,1,0,0,0,0,0,0,0,0,0,0,0,0,0,0,0,2,0,0,0,Longo da via,Bom,Não existe,Perfeito estado,Seca,Perfeito estado,Não existe,R-6a,,Única,Faixa seccionada,,,
202217903,0,2022-08-05,,SEM VÍTIMA,FINALIZADA,BOA VISTA,RUA JOAQUIM FELIPE,200,0,,PROX. AO POSTO SHELL,BOA VISTA,,CIDADE,,1,0,0,0,0,0,0,0,0,0,1,0,0,0,0,0,0,0,0,0,0,0,Longo da via,Bom,Não existe,Perfeito estado,Seca,Perfeito estado,Não existe,Não há placas,60 km/h,Única,Não existe,,,
202217908,0,2022-08-05,,COM VÍTIMA,FINALIZADA,SANTO ANTÔNIO,AV DOM PEDRO I - IMPERADOR,100,0,,POR TRÁS DO FPORUM THOMAZ DE AQUINO,SANTO ANTÔNIO,,,COLISÃO LATERAL,2,0,1,0,0,0,0,0,0,0,0,0,0,0,0,0,0,0,1,0,0,0,Longo da via,Bom,Não existe,Perfeito estado,Seca,Perfeito estado,Não existe,Não há placas,60 km/h,Única,Faixa seccionada,,,
202217912,0,2022-08-05,,COM VÍTIMA,FINALIZADA,BOA VIAGEM,AV DOM JOAO VI,,RUA JOSE DA SILVA LUCENA,PRÓX.  AO COLÉGIO GGE,BOA VIAGEM,,,COLISÃO LATERAL,1,0,1,0,0,0,0,0,0,0,0,0,0,0,0,0,0,0,1,0,0,0,Longo da via,Bom,Não existe,Ilegível,Seca,Mal iluminada,Não existe,Não há placas,,Única,Não existe,,,,
202217922,0,2022-08-05,,COM VÍTIMA,FINALIZADA,IPUTINGA,AV MAURICIO DE NASSAU,,,EM FRENTE AO HOSPITAL ALTINO VENTURA,IPUTINGA,645,0,SUBURBIO,COLISÃO TRANSVERSAL,1,0,1,0,0,0,0,0,0,0,0,0,0,0,0,0,0,0,1,0,0,0,Longo da via,Bom,Sem defeito,Perfeito estado,Seca,Perfeito estado,Faixa de pedestre,Não há placas,40 km/h,Dupla,Faixa contínua,,,