Protocolo,,data,hora,natureza_acidente,situacao,bairro,endereco,numero,detalhe_endereco_acidente,complemento,bairro_cruzamento,num_semaforo,sentido_via,tipo,auto,moto,ciclom,ciclista,pedestre,onibus,caminhao,viatura,outros,vitimas,vitimasfatais,acidente_verificado,tempo_clima,situacao_semaforo,sinalizacao,condicao_via,conservacao_via,ponto_controle,situacao_placa,velocidade_max_via,mao_direcao,divisao_via1,divisao_via2,divisao_via3,,,,,,,,,,,,,
202217945,0,2022-08-05,,COM VÍTIMA,FINALIZADA,CABANGA,AV ENGENHEIRO JOSE ESTELITA,,,APOS O CABANGA IATE CLUBE  S/T CID,CABANGA,,CIDADE,COLISÃO LATERAL,1,0,1,0,0,0,0,0,0,0,0,0,0,0,0,0,0,0,1,0,0,0,Longo da via,Bom,Não existe,Perfeito estado,Seca,Perfeito estado,Não existe,Não há placas,60 km/h,Dupla,Canteiro central,,,,
202217948,0,2022-08-05,,COM VÍTIMA,FINALIZADA,ARRUDA,RUA DESENHISTA EULINO SANTOS,169,0,,,ARRUDA,,CIDADE,ATROPELAMENTO DE ANIMAL,0,0,1,0,0,0,0,0,1,0,0,0,0,0,0,0,1,0,3,0,0,0,Longo da via,Bom,Não existe,Perfeito estado,Seca,Perfeito estado,Não existe,Não há placas,40 km/h,Dupla,Canteiro central,,,
202217969,0,2022-08-05,,SEM VÍTIMA,CANCELADA,BREJO DA GUABIRABA,RUA SENHOR DO BONFIM,60,0,,EM FRENTE A GARAGEM DE ONIBUS DA GLOBO,BREJO DA GUABIRABA,,,COLISÃO LATERAL,1,0,0,0,0,0,0,0,0,0,1,0,0,0,0,0,0,0,0,0,0,0,,,,,,,,,,,,,,
202217978,0,2022-08-05,,COM VÍTIMA,FINALIZADA,AREIAS,AV RECIFE,,,EM FERNTE AO BIG BOMPREÇO DA AV RECIFE - SENTIDO CEASA,AREIAS,,SUBURBIO,COLISÃO TRASEIRA,2,0,1,0,0,0,0,0,0,0,0,0,0,0,0,0,0,0,2,0,0,0,Longo da via,Bom,Sem defeito,Perfeito estado,Seca,Perfeito estado,,,60 km/h,Única,Faixa seccionada,,,,
202217984,0,2022-08-05,,COM VÍTIMA,FINALIZADA,AREIAS,RUA AURORA CACOTE,775,0,RUA DONA ANA AURORA,EM FRENTE AO FRIGORIFICO BOI QUENTE,AREIAS,,,COLISÃO FRONTAL,1,0,1,0,0,0,0,0,0,0,0,0,0,0,0,0,0,0,2,0,0,0,Longo da via,Bom,Não existe,Perfeito estado,Seca,Perfeito estado,Não existe,Não há placas,,Dupla,Não existe,,,
202218002,0,2022-08-06,,COM VÍTIMA,FINALIZADA,BOA VIAGEM,AV BOA VIAGEM,998,0,,PRÓXIMO AO EDIFÍCIO ENGENHEIRO JULIO MARANHÃO FILHO,BOA VIAGEM,,,COLISÃO TRASEIRA,2,0,0,0,0,0,0,0,0,0,0,0,0,0,0,0,0,0,1,0,0,0,,,,,,,,,,,,,,
202218003,0,2022-08-06,,SEM VÍTIMA,CANCELADA,MADALENA,RUA JOSE OSORIO,,RUA REAL DA TORRE,PROX. AO MERCADO DA MADALENA E POSTO BR,MADALENA,,,COLISÃO LATERAL,2,0,0,0,0,0,0,0,0,0,0,0,0,0,0,0,0,0,0,0,0,0,,,,,,,,,,,,,,,
202218012,0,2022-08-06,,SEM VÍTIMA,FINALIZADA,CASA AMARELA,AV NORTE MIGUEL ARRAES DE ALENCAR,4750,0,,LADO OPOSTO AO ARMAZÉM CORAL,CASA AMARELA,,,COLISÃO TRASEIRA,1,0,0,0,0,0,0,0,0,0,0,0,0,0,1,0,0,0,0,0,0,0,Longo da via,Bom,Não existe,Incompleta,Seca,Mal conservada,Outros,Outras,,Dupla,Canteiro central,,,
202218031,0,2022-08-06,,COM VÍTIMA,FINALIZADA,IMBIRIBEIRA,AV MARECHAL MASCARENHAS DE MORAES,,RUA PAMPULHA,Mitsubishi,IMBIRIBEIRA,534,0,,COLISÃO LATERAL,1,0,1,0,0,0,0,0,0,0,0,0,0,0,0,0,0,0,1,0,0,0,Longo da via,Bom,Sem defeito,Perfeito estado,Seca,Perfeito estado,,,,Única,,,,
202218060,0,2022-08-06,,COM VÍTIMA,FINALIZADA,IPSEP,RUA ITAJAI,246,0,,AO LADO DO BANCO ITAU,IPSEP,,SUBURBIO,COLISÃO TRANSVERSAL,2,0,0,0,0,0,0,0,0,0,0,0,0,0,0,0,0,0,2,0,0,0,Cruzamento,Bom,Não existe,Perfeito estado,Seca,Perfeito estado,Faixa de pedestre,Outras,40 km/h,Única,Não existe,,,
202218075,0,2022-08-06,,COM VÍTIMA,FINALIZADA,APIPUCOS,RUA DE APIPUCOS,,,E/F AO PARQUE DE APIPUCOS,APIPUCOS,,SUBURBIO,CHOQUE,0,0,1,0,0,0,0,0,0,0,0,0,0,0,0,0,0,0,1,0,0,0,Longo da via,Bom,Não existe,Incompleta,Seca,Perfeito estado,Não existe,Outras,,Dupla,Faixa contínua,Faixa seccionada,,,
202218093,0,2022-08-06,,COM VÍTIMA,FINALIZADA,IMBIRIBEIRA,RUA JOAQUIM BANDEIRA,,RUA SARGENTO SILVINO DE MACEDO,MOTEL PRAIA SUL,IMBIRIBEIRA,,SUBURBIO,COLISÃO TRASEIRA,2,0,0,0,0,0,0,0,0,0,0,0,0,0,0,0,0,0,1,0,0,0,Cruzamento,Bom,Não existe,Incompleta,Seca,Mal iluminada,Não existe,Não há placas,,Dupla,Não existe,,,,
202218096,0,2022-08-07,,COM VÍTIMA,FINALIZADA,SANTO AMARO,AV MARIO MELO,,AV CRUZ CABUGA,EM FRENTE A IGREJA ASSEMBLÉIA DE DEUS,SANTO AMARO,,,COLISÃO TRANSVERSAL,0,0,2,0,0,0,0,0,0,0,0,0,0,0,0,0,0,0,2,0,0,0,Cruzamento,Chuvoso,Sem defeito,Perfeito estado,Molhada,Perfeito estado,Faixa de pedestre,Não há placas,,Dupla,Canteiro central,,,,
202218098,0,2022-08-07,,COM VÍTIMA,FINALIZADA,CAMPO GRANDE,RUA PROFESSOR FRANCISCO DA TRINDADE,481,0,RUA CATULO DA PAIXAO CEARENSE,,CAMPO GRANDE,,CIDADE,COLISÃO TRANSVERSAL,2,0,0,0,0,0,0,0,0,0,0,0,0,0,0,0,0,0,3,0,0,0,Cruzamento,Chuvoso,Não existe,Perfeito estado,Molhada,,Faixa de pedestre,Placas Pare,40 km/h,Dupla,Faixa seccionada,,,
202218114,0,2022-08-07,,COM VÍTIMA,FINALIZADA,GRAÇAS,AV RUI BARBOSA,,RUA CARDEAL ARCOVERDE,PRÓX. AO SUPERMERCADO RECIBOM / RESTAURANTE ILHA DA KOSTA,GRAÇAS,126,0,,COLISÃO LATERAL,1,0,1,0,0,0,0,0,0,0,0,0,0,0,0,0,0,0,1,0,0,0,Cruzamento,Chuvoso,Sem defeito,Perfeito estado,Molhada,Perfeito estado,Faixa de pedestre,Não há placas,,Única,Não existe,,,
202218126,0,2022-08-07,,COM VÍTIMA,FINALIZADA,BONGI,AV ENGENHEIRO ABDIAS DE CARVALHO,,,APOS O NOVO ATACAREJO,BONGI,,CIDADE,ATROPELAMENTO DE PESSOA,1,0,0,0,0,0,0,0,1,0,0,0,0,0,0,0,0,0,1,0,0,0,Longo da via,Bom,Não existe,Não existente,Seca,Perfeito estado,Não existe,Não há placas,,Dupla,,,,,
202218166,0,2022-08-07,,COM VÍTIMA,FINALIZADA,FUNDÃO,AV BEBERIBE,,RUA CORONEL URBANO RIBEIRO DE SENA,PRÓXIMO AO PAGODE DA PRESSÃO,FUNDÃO,307,0,CIDADE,COLISÃO TRANSVERSAL,1,0,1,0,0,0,0,0,0,0,0,0,0,0,0,0,0,0,1,0,0,0,Cruzamento,Bom,Sem defeito,Perfeito estado,Seca,Mal conservada,Faixa de pedestre,Outras,,Dupla,Faixa contínua,Faixa seccionada,,
202218179,0,2022-08-08,,SEM VÍTIMA,FINALIZADA,IMBIRIBEIRA,AV MARECHAL MASCARENHAS DE MORAES,,VIADUTO TANCREDO NEVES,PROXIMO AO VIADUTO TANCREDO NEVES,IMBIRIBEIRA,,,COLISÃO FRONTAL,0,0,0,0,0,0,0,0,0,0,2,0,0,0,0,0,0,0,0,0,0,0,,,,,,,,,,,,,,,
202218187,0,2022-08-08,,COM VÍTIMA,FINALIZADA,BOA VIAGEM,AV DOM JOAO VI,,,EM FRENTE AO COLEGIO MOTIVO,BOA VIAGEM,,SUBURBIO,COLISÃO LATERAL,1,0,0,0,0,0,0,0,1,0,0,0,1,0,0,0,0,0,1,0,0,0,Longo da via,Bom,Não existe,Perfeito estado,Seca,Perfeito estado,,Não há placas,50 km/h,Única,Canal,,,,
202218189,0,2022-08-08,,COM VÍTIMA,FINALIZADA,SÃO JOSÉ,RUA IMPERIAL,981,0,TRV DO RAPOSO,PROX AO HOTEL CRISTAL,SÃO JOSÉ,510,0,SUBURBIO,COLISÃO TRANSVERSAL,1,0,1,0,0,0,0,0,0,0,0,0,0,0,0,0,0,0,1,0,0,0,Cruzamento,Bom,Sem defeito,Incompleta,Seca,Mal conservada,Faixa de pedestre,R-6a,,Única,Faixa seccionada,,
202218198,0,2022-08-08,,COM VÍTIMA,FINALIZADA,ENCRUZILHADA,AV NORTE MIGUEL ARRAES DE ALENCAR,2991,0,,EM FRENTE À EXTRAFARMA,ENCRUZILHADA,,CIDADE,ATROPELAMENTO DE PESSOA,0,0,1,0,0,0,0,0,1,0,0,0,0,0,0,0,0,0,2,0,0,0,Longo da via,Bom,Não existe,Perfeito estado,Seca,Perfeito estado,Faixa de pedestre,Outras,,Dupla,Canteiro central,,,
202218211,0,2022-08-08,,COM VÍTIMA,FINALIZADA,JIQUIÁ,RUA SAO MIGUEL,1294,0,,AFOGADOS ALUMINIO,JIQUIÁ,,SUBURBIO,COLISÃO LATERAL,1,0,1,0,0,0,0,0,0,0,0,0,0,0,0,0,0,0,1,0,0,0,Longo da via,Bom,Não existe,Perfeito estado,Seca,Perfeito estado,Não existe,Não há placas,,Dupla,Faixa seccionada,,,
202218237,0,2022-08-08,,COM VÍTIMA,FINALIZADA,JORDÃO,AV MARIA IRENE,500,0,,EM FRENTE A NUE SUPERFICIES,JORDÃO,,,COLISÃO LATERAL,1,0,1,0,0,0,0,0,0,0,0,0,0,0,0,0,0,0,1,0,0,0,Longo da via,Bom,Não existe,Incompleta,Seca,Perfeito estado,Não existe,Não há placas,,Dupla,Faixa contínua,,,
202218270,0,2022-08-08,,COM VÍTIMA,FINALIZADA,CABANGA,AV ANTONIO DE GOES,,,AO LADO DO CABANGA IATE CLUBE,CABANGA,,CIDADE,COLISÃO LATERAL,1,0,1,0,0,0,0,0,0,0,1,0,0,0,0,0,0,0,2,0,0,0,Ponte,Bom,Não existe,Perfeito estado,Seca,Perfeito estado,Não existe,Não há placas,60 km/h,Única,Faixa contínua,,,,
202218301,0,2022-08-09,,COM VÍTIMA,FINALIZADA,IPUTINGA,AV CAXANGA,3666,0,,PROX AO HOSPITAL BARÃO DE LUCENA,IPUTINGA,8,0,SUBURBIO,COLISÃO LATERAL,1,0,1,0,0,0,0,0,0,0,0,0,0,0,0,0,0,0,1,0,0,0,Cruzamento,Bom,Sem defeito,Perfeito estado,Seca,Perfeito estado,Faixa de pedestre,Outras,,Dupla,Canteiro central,,
202218312,0,2022-08-09,,COM VÍTIMA,FINALIZADA,PINA,RUA AMAZONAS,196,0,RUA TOME GIBSON,EDF. PARQUE AMAZONAS E EDF. ENCANTA MOÇA,PINA,,SUBURBIO,COLISÃO LATERAL,5,0,0,0,0,0,0,0,0,0,0,0,0,0,0,0,0,0,1,0,0,0,Cruzamento,Bom,Não existe,Perfeito estado,Seca,Perfeito estado,Faixa de pedestre,Placas Pare,,Única,Faixa seccionada,,,
202218319,0,2022-08-09,,COM VÍTIMA,FINALIZADA,PINA,AVENIDA CELSO FURTADO (VIA MANGUE),,,PROX. AOS RESIDENCIAIS, NO FINAL DA VIA MANGUE SENT. PINA,PINA,,CIDADE,CHOQUE,1,0,1,0,0,0,0,0,0,0,0,0,0,0,0,0,0,0,1,0,0,0,Longo da via,Bom,Não existe,Perfeito estado,Seca,Perfeito estado,,,,Dupla,Canteiro central,,,
202218341,0,2022-08-09,,COM VÍTIMA,FINALIZADA,BOA VIAGEM,AV ENGENHEIRO DOMINGOS FERREIRA,1537,0,,E/F A CERPE,BOA VIAGEM,,SUBURBIO,COLISÃO TRASEIRA,1,0,1,0,0,0,0,0,0,0,0,0,0,0,0,0,0,0,1,0,0,0,Longo da via,Bom,Sem defeito,Perfeito estado,Seca,Perfeito estado,Faixa de pedestre,R-6a,60 km/h,Única,Canteiro central,,,
202218345,0,2022-08-09,,COM VÍTIMA,FINALIZADA,SANTO AMARO,RUA DOS PALMARES,225,0,RUA ARNOBIO MARQUES,EM FRENTE AO JULIÃO,SANTO AMARO,,SUBURBIO,COLISÃO COM CICLISTA,1,0,0,0,0,0,1,0,0,0,0,0,0,0,0,0,0,0,1,0,0,0,Cruzamento,Bom,Não existe,Perfeito estado,Seca,Perfeito estado,Faixa de pedestre,Outras,,Única,Faixa seccionada,,,
202218349,0,2022-08-09,,COM VÍTIMA,FINALIZADA,ILHA DO LEITE,RUA MINAS GERAIS,,RUA MARQUES AMORIM,POR TRÁS DA UNIMEDE 3,ILHA DO LEITE,,,COLISÃO FRONTAL,1,0,1,0,0,0,0,0,0,0,0,0,0,0,0,0,0,0,1,0,0,0,Longo da via,Bom,Não existe,Perfeito estado,Seca,Perfeito estado,Não existe,Não há placas,60 km/h,Única,Faixa seccionada,,,,
202218350,0,2022-08-09,,COM VÍTIMA,FINALIZADA,SÃO JOSÉ,RUA TOBIAS BARRETO,460,0,,PROX  MS  ELETRONICA E/F AO EDF MONTANHA,SÃO JOSÉ,,CIDADE,ATROPELAMENTO DE PESSOA,1,0,0,0,0,0,0,0,1,0,0,0,0,0,0,0,0,0,1,0,0,0,Longo da via,Bom,Não existe,Perfeito estado,Seca,Perfeito estado,Não existe,Outras,,Única,Não existe,,,
202218373,0,2022-08-09,,COM VÍTIMA,FINALIZADA,TAMARINEIRA,RUA PADRE ROMA,,RUA DO FUTURO,EM FRENTE AO HOSPITAL ALBERT SABIN,TAMARINEIRA,,,COLISÃO COM CICLISTA,0,0,1,0,0,0,1,0,0,0,0,0,0,0,0,0,0,0,1,0,0,0,Cruzamento,Bom,Sem defeito,Perfeito estado,Seca,Perfeito estado,Faixa de pedestre,Não há placas,40 km/h,Única,Faixa seccionada,,,,
202218380,0,2022-08-10,,COM VÍTIMA,FINALIZADA,CIDADE UNIVERSITÁRIA,RUA PROFESSOR ANTONIO COELHO,70,0,,COLÉGIO E CURSO DESAFIO,CIDADE UNIVERSITÁRIA,,,ATROPELAMENTO DE PESSOA,0,0,0,0,0,0,0,0,1,0,1,0,0,0,0,0,0,0,1,0,0,0,,,,,,,,,,,,,,
202218389,0,2022-08-10,,COM VÍTIMA,FINALIZADA,IBURA,AV DOIS RIOS,1091,0,RUA JORNALISTA EDSON REGIS,EM FRENTE AO POSTO BR,IBURA,,CIDADE,COLISÃO TRASEIRA,1,0,1,0,0,0,0,0,0,0,0,0,0,0,0,0,0,0,1,0,0,0,Longo da via,Bom,Sem defeito,Perfeito estado,Seca,Perfeito estado,Faixa de retenção,R-6a,,Dupla,Faixa contínua,,,
202218397,0,2022-08-10,,COM VÍTIMA,FINALIZADA,IMBIRIBEIRA,AV MARECHAL MASCARENHAS DE MORAES,4514,0,,EMFRENTE AO FÓRUM TRABALHISTA,IMBIRIBEIRA,,,COLISÃO LATERAL,1,0,1,0,0,0,0,0,0,0,0,0,0,0,0,0,0,0,1,0,0,0,Longo da via,Bom,Sem defeito,Perfeito estado,Seca,Perfeito estado,Não existe,R-6a,60 km/h,Dupla,Canteiro central,,,
202218407,0,2022-08-10,,COM VÍTIMA,FINALIZADA,GRAÇAS,RUA DAS CREOULAS,268,0,,EM FRENTE AO MACUNAÍMA,GRAÇAS,,,CHOQUE,1,0,0,0,0,0,0,0,0,0,0,0,0,0,0,0,0,0,1,0,0,0,Longo da via,Bom,Não existe,Perfeito estado,Seca,Perfeito estado,Não existe,R-6a,60 km/h,Única,Faixa seccionada,,,
202218440,0,2022-08-10,,COM VÍTIMA,FINALIZADA,JOANA BEZERRA,RUA IMPERIAL,4217,0,RUA BOM SUCESSO,PROX AO VIADUTO CAPITÃO TEMUDO,JOANA BEZERRA,,SUBURBIO,COLISÃO TRANSVERSAL,1,0,1,0,0,0,0,0,0,0,0,0,0,0,0,0,0,0,1,0,0,0,Cruzamento,Bom,Não existe,Incompleta,Seca,Perfeito estado,Não existe,Não há placas,,Única,Faixa seccionada,,,
202218445,0,2022-08-10,,COM VÍTIMA,FINALIZADA,MADALENA,AV JOSE GONCALVES DE MEDEIROS,2019,0,RUA COMENDADOR BENTO AGUIAR,EM FRENTE AO PAGUE MENOS,MADALENA,,SUBURBIO,COLISÃO LATERAL,1,0,1,0,0,0,0,0,0,0,0,0,0,0,0,0,0,0,1,0,0,0,Cruzamento,Bom,Não existe,Não existente,Seca,Mal conservada,Não existe,Não há placas,,Única,,,,
202218448,0,2022-08-10,,COM VÍTIMA,FINALIZADA,AREIAS,AV CAPITAO GREGORIO DE CALDAS,266,0,,EM FRENTE AO RESTAURANTE DO BATATA,AREIAS,,,ATROPELAMENTO DE PESSOA,0,0,1,0,0,0,0,0,1,0,0,0,0,0,0,0,0,0,1,0,0,0,Longo da via,Bom,Não existe,Incompleta,Seca,Mal conservada,Não existe,Placas Pare,,Dupla,Não existe,,,
202218461,0,2022-08-11,,COM VÍTIMA,FINALIZADA,SAN MARTIN,AV ENGENHEIRO ABDIAS DE CARVALHO,,AV GENERAL SAN MARTIN,NOVO ATACAREJO,SAN MARTIN,58,0,SUBURBIO,COLISÃO LATERAL,1,0,1,0,0,0,0,0,0,0,0,0,0,0,0,0,0,0,1,0,0,0,Cruzamento,Bom,Sem defeito,Perfeito estado,Seca,Perfeito estado,Faixa de pedestre,Não há placas,60 km/h,Dupla,Canteiro central,,,
202218473,0,2022-08-11,,COM VÍTIMA,FINALIZADA,AFOGADOS,RUA SAO MIGUEL,1694,0,,CHURRASCARIA CHARQUE NA BRASA,AFOGADOS,,CIDADE,COLISÃO FRONTAL,2,0,1,0,0,0,0,0,0,0,0,0,0,0,0,0,0,0,1,0,0,0,Longo da via,Chuvoso,Sem defeito,Perfeito estado,Molhada,Perfeito estado,Outros,Outras,,Dupla,Faixa contínua,,,
202218483,0,2022-08-11,,SEM VÍTIMA,FINALIZADA,BOA VISTA,RUA PRINCESA IZABEL,,RUA SETE DE SETEMBRO,FACULDADE DE DIREITO,BOA VISTA,,CIDADE,COLISÃO TRANSVERSAL,0,0,0,0,0,0,0,0,0,0,1,0,0,0,1,0,0,0,0,0,0,0,Cruzamento,Bom,Não existe,Perfeito estado,Seca,Perfeito estado,Faixa de pedestre,Placas Pare,,,Não existe,,,,
202218492,0,2022-08-11,,COM VÍTIMA,FINALIZADA,ARRUDA,AV BEBERIBE,1745,0,RUA ZEFERINO AGRA,PROX A DELEGACIA DE ÁGUA FRIA,ARRUDA,,CIDADE,COLISÃO TRANSVERSAL,1,0,1,0,0,0,0,0,0,0,0,0,0,0,0,0,0,0,2,0,0,0,,Bom,Não existe,,Seca,Perfeito estado,Faixa de pedestre,,40 km/h,Única,Faixa contínua,,,
202218510,0,2022-08-11,,COM VÍTIMA,FINALIZADA,SÃO JOSÉ,AV SUL,488,0,RUA PADRE JOSE DE SA LEITAO,PROXIMO AO SEMAFORO  509,SÃO JOSÉ,509,0,CIDADE,COLISÃO TRASEIRA,1,0,1,0,0,0,0,0,0,0,0,0,0,0,0,0,0,0,1,0,0,0,Cruzamento,Bom,Sem defeito,Perfeito estado,Seca,Perfeito estado,Faixa de pedestre,Não há placas,,Única,Faixa contínua,,
202218512,0,2022-08-11,,COM VÍTIMA,FINALIZADA,MADALENA,RUA REAL DA TORRE,478,0,RUA JOSE OSORIO,EM FRENTE AO MERCADO DA MADALENA,MADALENA,,,COLISÃO LATERAL,1,0,1,0,0,0,0,0,0,0,0,0,0,0,0,0,0,0,1,0,0,0,Longo da via,Bom,Não existe,Perfeito estado,Seca,Perfeito estado,Não existe,Outras,,Única,Faixa seccionada,,,
202218531,0,2022-08-11,,COM VÍTIMA,FINALIZADA,ÁGUA FRIA,RUA DA REGENERACAO,363,0,,PROX A LEO CHOP,ÁGUA FRIA,,SUBURBIO,COLISÃO FRONTAL,0,0,2,0,0,0,0,0,0,0,0,0,0,0,0,0,0,0,1,0,0,0,Longo da via,Bom,Não existe,Não existente,Molhada,Mal conservada,Não existe,Outras,40 km/h,Dupla,Não existe,,,
202218555,0,2022-08-11,,SEM VÍTIMA,FINALIZADA,IPUTINGA,RUA CAPITAO AURELIO DE ARAUJO,58,0,,LADO OPOSTO AO RESTAURANTE BODE DO PRIMO,IPUTINGA,,,CHOQUE,2,0,0,0,0,0,0,0,0,0,0,0,0,0,0,0,0,0,0,0,0,0,Longo da via,Bom,Não existe,,Seca,Perfeito estado,Não existe,Não há placas,,Dupla,Não existe,,,
202218567,0,2022-08-12,,COM VÍTIMA,FINALIZADA,ROSARINHO,AV NORTE MIGUEL ARRAES DE ALENCAR,2944,0,,EM FRENTE A EXTRA FARMA,ROSARINHO,,SUBURBIO,QUEDA,0,0,1,0,0,0,0,0,0,0,0,0,0,0,0,0,0,0,1,0,0,0,,,,,,,,,,,,,,
202218582,0,2022-08-12,,COM VÍTIMA,FINALIZADA,SANTO AMARO,AV GOVERNADOR AGAMENON MAGALHAES,,,EM FRENTE A UPE, SENT. OLINDA,SANTO AMARO,,SUBURBIO,COLISÃO LATERAL,1,0,1,0,0,0,0,0,0,0,0,0,0,0,0,0,0,0,1,0,0,0,Longo da via,Bom,Sem defeito,Perfeito estado,Seca,Perfeito estado,Outros,Outras,,Única,Faixa seccionada,,,
202218600,0,2022-08-12,,SEM VÍTIMA,FINALIZADA,SAN MARTIN,RUA VINTE E UM DE ABRIL,,,EM FRENTE A PADARIA PARIS,SAN MARTIN,,CIDADE,,1,0,0,0,0,0,0,0,0,0,0,0,0,0,0,0,0,0,0,0,0,0,Longo da via,Bom,Não existe,Incompleta,Seca,Perfeito estado,Não existe,Não há placas,,Dupla,Faixa seccionada,,,,
202218610,0,2022-08-12,,COM VÍTIMA,FINALIZADA,CORDEIRO,AV CAXANGA,,AV GENERAL SAN MARTIN,EM FRENTE AO T.I. DA CAXANGÁ,CORDEIRO,80,0,CIDADE,COLISÃO TRASEIRA,1,0,1,0,0,0,0,0,0,0,0,0,0,0,0,0,0,0,1,0,0,0,Longo da via,Bom,Sem defeito,Perfeito estado,Seca,Perfeito estado,Faixa de pedestre,Não há placas,60 km/h,Única,,,,
202218614,0,2022-08-12,,COM VÍTIMA,DUPLICIDADE,VÁRZEA,AV CAXANGA,,,EM FRENTE AO T.I. DA CAXANGÁ,VÁRZEA,,,COLISÃO TRASEIRA,1,0,1,0,0,0,0,0,0,0,0,0,0,0,0,0,0,0,1,0,0,0,,,,,,,,,,,,,,,
202218617,0,2022-08-12,,COM VÍTIMA,FINALIZADA,VÁRZEA,AV AFONSO OLINDENSE,700,0,,DEPÓSITO SÓ BEBIDAS,VÁRZEA,,,COLISÃO LATERAL,1,0,1,0,0,0,0,0,0,0,0,0,0,0,0,0,0,0,1,0,0,0,Longo da via,Bom,Não existe,Perfeito estado,Seca,Perfeito estado,Não existe,Outras,30 km/h,Dupla,Faixa contínua,,,
202218629,0,2022-08-12,,SEM VÍTIMA,CANCELADA,ROSARINHO,AV NORTE MIGUEL ARRAES DE ALENCAR,3652,0,,E/F ALARME CENTER PROX  VISTORIA DO DETRAN  S/T  CID,ROSARINHO,,,COLISÃO FRONTAL,1,0,2,0,0,0,0,0,0,0,0,0,0,0,0,0,0,0,0,0,0,0,,,,,,,,,,,,,,
202218638,0,2022-08-12,,COM VÍTIMA,FINALIZADA,COQUEIRAL,RUA LINHA NOVA,22,0,,EM FRENTE A VADO RECICLAGEM,COQUEIRAL,,,COLISÃO LATERAL,0,0,1,0,0,0,0,0,0,0,0,0,1,0,0,0,0,0,1,0,0,0,Esquina,Bom,Não existe,Perfeito estado,Seca,Perfeito estado,Não existe,Não há placas,,Dupla,Não existe,,,
202218649,0,2022-08-12,,COM VÍTIMA,FINALIZADA,SANTO AMARO,RUA FREI CASSIMIRO,,RUA COELHO LEITE,AO LADO DO SENAI,SANTO AMARO,,SUBURBIO,COLISÃO TRANSVERSAL,1,0,1,0,0,0,0,0,0,0,0,0,0,0,0,0,0,0,1,0,0,0,Cruzamento,Bom,Não existe,Perfeito estado,Seca,Perfeito estado,Não existe,Não há placas,,Dupla,Faixa contínua,Faixa seccionada,,,
202218662,0,2022-08-12,,COM VÍTIMA,CANCELADA,IPSEP,AV RECIFE,,,PRÓXIMO AO ARMAZEM CORAL,IPSEP,,,ATROPELAMENTO DE PESSOA,0,0,0,0,0,0,0,0,0,0,0,0,0,0,0,0,0,0,1,0,0,0,,,,,,,,,,,,,,,
202218663,0,2022-08-12,,SEM VÍTIMA,FINALIZADA,IBURA,,,,FICA NA RUA  AZEITONA, PRÓXIMO A FÁBRICA DA FREVO,IBURA,,SUBURBIO,CHOQUE,0,0,0,0,0,0,0,0,0,0,0,0,0,0,1,0,0,0,0,0,0,0,Longo da via,Bom,Não existe,Incompleta,Seca,Mal iluminada,Não existe,Não há placas,,Dupla,Não existe,,,
202218677,0,2022-08-13,,SEM VÍTIMA,FINALIZADA,BOA VIAGEM,AV CONSELHEIRO AGUIAR,4252,0,,HABIBS,BOA VIAGEM,,,COLISÃO FRONTAL,2,0,0,0,0,0,0,0,0,0,0,0,0,0,0,0,0,0,0,0,0,0,,,,,,,,,,,,,,
202218712,0,2022-08-13,,COM VÍTIMA,FINALIZADA,VÁRZEA,AV AFONSO OLINDENSE,895,0,,EM FRENTE A  DELICIA DO TRIGO,VÁRZEA,,SUBURBIO,COLISÃO TRASEIRA,1,0,1,0,0,0,0,0,0,0,0,0,0,0,0,0,0,0,1,0,0,0,Longo da via,Bom,Sem defeito,Perfeito estado,Seca,Perfeito estado,Não existe,,40 km/h,Dupla,Faixa contínua,,,
202218714,0,2022-08-13,,COM VÍTIMA,FINALIZADA,AREIAS,AV DR JOSE RUFINO,955,0,RUA COSTA HONORATO,EM FRENTE A HONDA,AREIAS,,SUBURBIO,COLISÃO TRANSVERSAL,1,0,1,0,0,0,0,0,0,0,0,0,0,0,0,0,0,0,2,0,0,0,Cruzamento,Bom,Não existe,Perfeito estado,Seca,Perfeito estado,Outros,Outras,50 km/h,Dupla,Faixa contínua,,,
202218720,0,2022-08-13,,COM VÍTIMA,FINALIZADA,IMBIRIBEIRA,AV GENERAL MAC ARTHUR,,,EM FRENTE AO LE PARC,IMBIRIBEIRA,673,0,SUBURBIO,COLISÃO TRANSVERSAL,1,0,1,0,0,0,0,0,0,0,0,0,0,0,0,0,0,0,1,0,0,0,Longo da via,Bom,Sem defeito,Perfeito estado,Seca,Perfeito estado,Faixa de pedestre,Não há placas,40 km/h,Única,Faixa seccionada,,,
202218722,0,2022-08-13,,COM VÍTIMA,FINALIZADA,BOA VIAGEM,RUA DR LUIZ INACIO PESSOA DE MELO,342,0,,E/F AO SUPERMERCADO TREVO,BOA VIAGEM,,CIDADE,COLISÃO FRONTAL,1,0,1,0,0,0,0,0,0,0,0,0,0,0,0,0,0,0,1,0,0,0,Longo da via,Bom,Não existe,Perfeito estado,Seca,Perfeito estado,Não existe,Outras,,Dupla,Faixa seccionada,,,
202218724,0,2022-08-13,,COM VÍTIMA,FINALIZADA,BOA VISTA,AV GOVERNADOR AGAMENON MAGALHAES,,,EM FRENTE AO COLEGIO AMERICANO BATISTA,BOA VISTA,37,0,SUBURBIO,COLISÃO TRASEIRA,1,0,1,0,0,0,0,0,0,0,0,0,0,0,0,0,0,0,1,0,0,0,Longo da via,Bom,Sem defeito,Perfeito estado,Seca,Perfeito estado,Faixa de pedestre,R-6a,,Dupla,Canteiro central,,,