Protocolo,,data,hora,natureza_acidente,situacao,bairro,endereco,numero,detalhe_endereco_acidente,complemento,bairro_cruzamento,num_semaforo,sentido_via,tipo,auto,moto,ciclom,ciclista,pedestre,onibus,caminhao,viatura,outros,vitimas,vitimasfatais,acidente_verificado,tempo_clima,situacao_semaforo,sinalizacao,condicao_via,conservacao_via,ponto_controle,situacao_placa,velocidade_max_via,mao_direcao,divisao_via1,divisao_via2,divisao_via3,,,,,,,,,,,,,
202218726,0,2022-08-13,,COM VÍTIMA,FINALIZADA,SANTO AMARO,RUA TREZE DE MAIO,914A,RUA FREI CASSIMIRO,,SANTO AMARO,,SUBURBIO,COLISÃO LATERAL,1,0,1,0,0,0,0,0,0,0,0,0,0,0,0,0,0,0,2,0,0,0,Cruzamento,Bom,Não existe,Perfeito estado,Seca,Perfeito estado,Faixa de pedestre,Outras,,Dupla,Faixa contínua,,,,
202218748,0,2022-08-14,,COM VÍTIMA,CANCELADA,DERBY,AV GOVERNADOR AGAMENON MAGALHAES,,PRC DO DERBY,PRAÇA DO DERBY,DERBY,75,0,,COLISÃO TRANSVERSAL,1,0,1,0,0,0,0,0,0,0,0,0,0,0,0,0,0,0,1,0,0,0,,,,,,,,,,,,,,
202218751,0,2022-08-14,,COM VÍTIMA,FINALIZADA,BARRO,AV DR JOSE RUFINO,1897,0,,EM FRENTE A GALERIA BARRO, PROX. AO POSTO DE GASOLINA IMPERIO,BARRO,,CIDADE,CHOQUE,1,0,0,0,0,0,0,0,0,0,0,0,0,0,0,0,0,0,1,0,0,0,Longo da via,Bom,Não existe,Perfeito estado,Seca,Perfeito estado,Não existe,Não há placas,40 km/h,,Faixa contínua,,
202218764,0,2022-08-14,,COM VÍTIMA,FINALIZADA,CAJUEIRO,AV BEBERIBE,,RUA MAJOR DAVINO,NA ESQUINA DA PIZZARIA VICIOS,CAJUEIRO,307,0,,COLISÃO TRANSVERSAL,1,0,1,0,0,0,0,0,0,0,0,0,0,0,0,0,0,0,1,0,0,0,Cruzamento,Bom,Sem defeito,Perfeito estado,Seca,Perfeito estado,Faixa de pedestre,Não há placas,,Dupla,Faixa contínua,,,
202218767,0,2022-08-14,,COM VÍTIMA,FINALIZADA,ALTO SANTA TERESINHA,AV ANIBAL BENEVOLO,636,0,,EM FRENTE AO CLUBE BELA VISTA,ALTO SANTA TERESINHA,,CIDADE,COLISÃO LATERAL,1,0,0,0,1,0,0,0,0,0,0,0,0,0,0,0,0,0,1,0,0,0,Longo da via,Bom,Não existe,Perfeito estado,Seca,Perfeito estado,Não existe,Outras,30 km/h,Dupla,Não existe,,,
202218771,0,2022-08-14,,COM VÍTIMA,FINALIZADA,ESPINHEIRO,RUA DO ESPINHEIRO,,RUA SANTO ELIAS,DE FRENTE AO POSTO IPIRANGA,ESPINHEIRO,,CIDADE,COLISÃO TRANSVERSAL,2,0,0,0,0,0,0,0,0,0,0,0,0,0,0,0,0,0,1,0,0,0,Cruzamento,Bom,Não existe,Incompleta,Seca,Perfeito estado,Faixa de pedestre,Placas Pare,,Única,Faixa seccionada,,,,
202218776,0,2022-08-14,,COM VÍTIMA,FINALIZADA,ÁGUA FRIA,AV BEBERIBE,2584,0,,PROX AO PAGODE DA PRESSÃO,ÁGUA FRIA,,SUBURBIO,COLISÃO COM CICLISTA,0,0,0,0,0,0,1,0,0,0,1,0,0,0,0,0,0,0,1,0,0,0,Longo da via,Bom,Não existe,Perfeito estado,Seca,Perfeito estado,Não existe,R-6a,,Dupla,Faixa seccionada,,,
202218802,0,2022-08-15,,SEM VÍTIMA,FINALIZADA,IMBIRIBEIRA,AV MARECHAL MASCARENHAS DE MORAES,,,LADO OPOSTO AO Nº 4890 / EM FRENTE AO MARTELINHO DE OURO,IMBIRIBEIRA,,CIDADE,COLISÃO TRASEIRA,2,0,0,0,0,0,0,0,0,0,0,0,0,0,0,0,0,0,0,0,0,0,Longo da via,Bom,Não existe,Perfeito estado,Seca,Perfeito estado,Não existe,R-6a,60 km/h,Única,Faixa seccionada,,,,
202218821,0,2022-08-15,,COM VÍTIMA,FINALIZADA,IMBIRIBEIRA,RUA ITACARI,162,0,RUA ITAJAI,EM FRENTE À YNOVE,IMBIRIBEIRA,,,COLISÃO LATERAL,1,0,1,0,0,0,0,0,0,0,0,0,0,0,0,0,0,0,1,0,0,0,Cruzamento,Bom,Não existe,Perfeito estado,Seca,Perfeito estado,Faixa de pedestre,Outras,,Dupla,Faixa contínua,,,
202218828,0,2022-08-15,,SEM VÍTIMA,FINALIZADA,IMBIRIBEIRA,AV MARECHAL MASCARENHAS DE MORAES,2657,0,,EM FRENTE A IMBIRIBEIRA DIESEL,IMBIRIBEIRA,7,0,CIDADE,COLISÃO TRASEIRA,1,0,0,0,0,0,0,0,0,0,0,0,0,0,0,0,1,0,0,0,0,0,Cruzamento,Bom,Sem defeito,Incompleta,Seca,Perfeito estado,Faixa de pedestre,R-6a,,Dupla,Canteiro central,,
202218855,0,2022-08-15,,SEM VÍTIMA,CANCELADA,ALTO DO MANDU,RUA TRAMANDAI,175,0,,PROX AO POSTO DE SAUDE,ALTO DO MANDU,,,COLISÃO LATERAL,1,0,0,0,0,0,0,0,0,0,0,0,1,0,0,0,0,0,0,0,0,0,,,,,,,,,,,,,,
202218856,0,2022-08-15,,SEM VÍTIMA,FINALIZADA,ESTÂNCIA,RUA JOAO TEIXEIRA,601,0,,NO FINAL DA RUA DO COLEGIO VISAO,ESTÂNCIA,,,COLISÃO FRONTAL,2,0,0,0,0,0,0,0,0,0,0,0,0,0,0,0,0,0,0,0,0,0,,,,,,,,,,,,,,
202218858,0,2022-08-15,,COM VÍTIMA,FINALIZADA,MADALENA,RUA REAL DA TORRE,332,0,,EM FRENTE DA MARCOS EQUIPADORA,MADALENA,,SUBURBIO,ATROPELAMENTO DE PESSOA,0,0,1,0,0,0,0,0,1,0,0,0,0,0,0,0,0,0,1,0,0,0,Longo da via,Bom,Não existe,Perfeito estado,Seca,Perfeito estado,Não existe,Outras,50 km/h,,Faixa seccionada,,,
202218861,0,2022-08-15,,COM VÍTIMA,FINALIZADA,SANTO AMARO,AV GOVERNADOR AGAMENON MAGALHAES,465,0,,EM FRENTE A UPE/ SENTIDO OLINDA,SANTO AMARO,,SUBURBIO,COLISÃO LATERAL,1,0,1,0,0,0,0,0,0,0,0,0,0,0,0,0,0,0,1,0,0,0,Longo da via,Bom,Sem defeito,Perfeito estado,Seca,Perfeito estado,Faixa de pedestre,Não há placas,,Dupla,Canal,,,
202218872,0,2022-08-15,,COM VÍTIMA,FINALIZADA,SANTO AMARO,AV NORTE MIGUEL ARRAES DE ALENCAR,637,0,,APOS O SEMAFORO DA RUA 13 DE MAIO,SANTO AMARO,,CIDADE,ATROPELAMENTO DE PESSOA,0,0,1,0,0,0,0,0,1,0,0,0,0,0,0,0,0,0,1,0,0,0,Longo da via,Bom,Não existe,Perfeito estado,Seca,Perfeito estado,Não existe,Não há placas,60 km/h,Dupla,Canteiro central,,,
202218904,0,2022-08-16,,COM VÍTIMA,FINALIZADA,PINA,AV ANTONIO DE GOES,742,0,RUA MANOEL DE BRITO,EM FRENTE AO EMPRESARIAL JOPIN,PINA,103,0,,ATROPELAMENTO DE ANIMAL,0,0,1,0,0,0,0,0,0,0,0,0,0,0,0,0,1,0,2,0,0,0,Cruzamento,Bom,Sem defeito,Perfeito estado,Seca,Perfeito estado,Faixa de pedestre,R-25b,60 km/h,Única,Canteiro central,,
202218943,0,2022-08-16,,SEM VÍTIMA,FINALIZADA,JAQUEIRA,RUA PADRE ROMA,149,0,AV CONS ROSA E SILVA,APÓS HOSPITAL CORREIA PICANÇO,JAQUEIRA,61,0,SUBURBIO,COLISÃO TRASEIRA,2,0,0,0,0,0,0,0,0,0,0,0,0,0,1,0,0,0,0,0,0,0,Cruzamento,Bom,Sem defeito,Perfeito estado,Seca,Perfeito estado,Faixa de pedestre,R-6a,,Dupla,Faixa contínua,Faixa seccionada,
202218958,0,2022-08-16,,COM VÍTIMA,FINALIZADA,ESPINHEIRO,RUA CONS PORTELA,676,0,AV JOAO DE BARROS,PROXIMO AO ITAU,ESPINHEIRO,,,ATROPELAMENTO DE PESSOA,1,0,0,0,0,0,0,0,1,0,0,0,0,0,0,0,0,0,1,0,0,0,Longo da via,Bom,Não existe,Perfeito estado,Seca,Perfeito estado,Faixa de pedestre,R-6a,,Única,Faixa,,,
202219004,0,2022-08-17,,COM VÍTIMA,FINALIZADA,VASCO DA GAMA,RUA CORREGO DO OURO,352,0,,PANIFICADORA VITOR,VASCO DA GAMA,,,COLISÃO LATERAL,1,0,0,0,0,0,0,0,0,0,0,0,1,0,0,0,0,0,1,0,0,0,Longo da via,Bom,Não existe,Não existente,Seca,Perfeito estado,Não existe,Não há placas,,Dupla,Não existe,,,
202219006,0,2022-08-17,,COM VÍTIMA,FINALIZADA,DOIS IRMÃOS,RUA MANUEL DE MEDEIROS,,,EM FRENTE À UFRPE,DOIS IRMÃOS,,,COLISÃO FRONTAL,1,0,1,0,0,0,0,0,0,0,0,0,0,0,0,0,0,0,1,0,0,0,Cruzamento,Chuvoso,Sem defeito,Perfeito estado,Molhada,Perfeito estado,Não existe,Não há placas,,Dupla,Faixa seccionada,,,,
202219030,0,2022-08-17,,SEM VÍTIMA,FINALIZADA,IMBIRIBEIRA,RUA JOAQUIM BANDEIRA,374,0,AV SUL,EM FRENTE A MAFEMA E AO LADO DA ESTAÇÃO ANTÔNIO FALCÃO ( METRÔ),IMBIRIBEIRA,,CIDADE,,1,0,0,0,0,0,0,0,0,0,0,0,0,0,1,0,0,0,0,0,0,0,Longo da via,Bom,Não existe,Perfeito estado,Seca,Perfeito estado,Não existe,Outras,,Única,Faixa seccionada,,,
202219046,0,2022-08-17,,COM VÍTIMA,CANCELADA,SANTO ANTÔNIO,PRC DA REPUBLICA,,AV DANTAS BARRETO,EM FRENTE AO TEATRO SANTA  ISABEL,SANTO ANTÔNIO,,,COLISÃO LATERAL,1,0,1,0,0,0,0,0,0,0,0,0,0,0,0,0,0,0,1,0,0,0,,,,,,,,,,,,,,,
202219064,0,2022-08-17,,COM VÍTIMA,FINALIZADA,BOA VISTA,RUA DO HOSPICIO,,RUA PRINCESA IZABEL,CAMERA DOS VEREADOPRES,BOA VISTA,31,0,,ATROPELAMENTO DE PESSOA,1,0,0,0,0,0,0,0,1,0,0,0,0,0,0,0,0,0,1,0,0,0,Cruzamento,Bom,Sem defeito,Perfeito estado,Seca,Perfeito estado,Faixa de pedestre,Outras,,Dupla,Faixa contínua,,,
202219085,0,2022-08-17,,COM VÍTIMA,FINALIZADA,BOA VISTA,AV CONDE DA BOA VISTA,1288,0,,PRÓXIMO AO BRADESCO,BOA VISTA,,SUBURBIO,COLISÃO TRASEIRA,1,0,1,0,0,0,0,0,0,0,0,0,0,0,0,0,0,0,1,0,0,0,Longo da via,Chuvoso,Sem defeito,Perfeito estado,Molhada,Perfeito estado,Outros,Não há placas,,Dupla,Canteiro central,,,
202219088,0,2022-08-17,,COM VÍTIMA,FINALIZADA,DERBY,AV GOVERNADOR AGAMENON MAGALHAES,,,PRÓXIMO AO BURGUER KING - SENTIDO BOA VIAGEM,DERBY,,,COLISÃO LATERAL,0,0,1,0,0,0,0,0,0,0,1,0,0,0,0,0,0,0,1,0,0,0,Longo da via,Bom,Sem defeito,Perfeito estado,Seca,Perfeito estado,Faixa de pedestre,Outras,60 km/h,Dupla,Canal,,,,
202219108,0,2022-08-18,,COM VÍTIMA,FINALIZADA,AFOGADOS,RUA SAO MIGUEL,469,0,,EM FRENTE AO POSTO DE GASOLINA DISLUB,AFOGADOS,,,COLISÃO FRONTAL,1,0,1,0,0,0,0,0,0,0,0,0,0,0,0,0,0,0,1,0,0,0,Longo da via,Bom,Não existe,Perfeito estado,Seca,Perfeito estado,Não existe,Outras,50 km/h,Dupla,Faixa contínua,,,
202219119,0,2022-08-18,,COM VÍTIMA,FINALIZADA,IPSEP,AV RECIFE,1810,0,RUA JEAN EMILE FAVRE,,IPSEP,130,0,IMBIRIBEIRA,COLISÃO TRASEIRA,0,0,1,0,0,0,0,0,0,0,0,0,0,0,0,0,0,0,1,0,0,0,Cruzamento,Bom,Sem defeito,Perfeito estado,,Perfeito estado,Faixa de pedestre,R-5a,,,Faixa contínua,,
202219123,0,2022-08-18,,COM VÍTIMA,FINALIZADA,IMBIRIBEIRA,RUA JACI,136,0,RUA JOAQUIM BANDEIRA,APOS A FERREIRA COSTA,IMBIRIBEIRA,534,0,CIDADE,COLISÃO LATERAL,0,0,1,0,0,0,0,0,0,0,1,0,0,0,0,0,0,0,1,0,0,0,Cruzamento,Bom,Não existe,Não existente,Molhada,Perfeito estado,Não existe,Não há placas,60 km/h,Única,Não existe,,
202219135,0,2022-08-18,,COM VÍTIMA,FINALIZADA,TEJIPIÓ,AV LIBERDADE,,,EM FENTE AO CEMITÉRIO PARQUE DAS FLORES,TEJIPIÓ,,,COLISÃO LATERAL,1,0,1,0,0,0,0,0,0,0,0,0,0,0,0,0,0,0,1,0,0,0,Longo da via,Bom,Não existe,Não existente,Seca,Perfeito estado,Não existe,,30 km/h,Dupla,Não existe,,,,
202219146,0,2022-08-18,,SEM VÍTIMA,FINALIZADA,AFOGADOS,RUA SANTOS ARAUJO,320,0,RUA SAO MIGUEL,POSTO DE COMBUS BRAZ PETRO,AFOGADOS,333,0,SUBURBIO,,0,0,0,0,0,0,0,0,0,0,0,0,1,0,0,0,0,0,0,0,0,0,Longo da via,Bom,Sem defeito,Perfeito estado,Seca,Perfeito estado,Não existe,Não há placas,,Única,Faixa seccionada,,
202219165,0,2022-08-18,,COM VÍTIMA,FINALIZADA,SANTO ANTÔNIO,RUA IMPERADOR PEDRO SEGUNDO,447,0,RUA PRIMEIRO DE MARCO,PROX AO BANCO ITAU,SANTO ANTÔNIO,18,0,CI,COLISÃO FRONTAL,0,0,2,0,0,0,0,0,0,0,0,0,0,0,0,0,0,0,2,0,0,0,Cruzamento,Bom,Sem defeito,Perfeito estado,Seca,Perfeito estado,Faixa de pedestre,R-6a,,Única,Faixa contínua,Faixa seccionada,
202219170,0,2022-08-18,,COM VÍTIMA,FINALIZADA,PINA,AV HERCULANO BANDEIRA,673,0,,,PINA,,,COLISÃO TRASEIRA,1,0,1,0,0,0,0,0,0,0,0,0,0,0,0,0,0,0,2,0,0,0,Longo da via,Bom,Sem defeito,Perfeito estado,Seca,Perfeito estado,Não existe,R-6a,,Única,Faixa seccionada,,,
202219171,0,2022-08-18,,SEM VÍTIMA,FINALIZADA,DERBY,AV GOVERNADOR AGAMENON MAGALHAES,,,EM FRENTE AO HOSPITAL DA RESTAURAÇÃO,DERBY,,,,1,0,0,0,0,0,0,0,0,0,0,0,0,0,1,0,0,0,0,0,0,0,Longo da via,Bom,Não existe,Perfeito estado,Seca,Perfeito estado,Agente,Não há placas,,Única,Faixa seccionada,,,,
202219172,0,2022-08-18,,COM VÍTIMA,FINALIZADA,BOA VIAGEM,RUA DOM JOSE LOPES,57,0,,EM FRENTE AO BAR SÃO BUTIQUIM,BOA VIAGEM,,,COLISÃO FRONTAL,1,0,1,0,0,0,0,0,0,0,0,0,0,0,0,0,0,0,1,0,0,0,Cruzamento,Bom,Não existe,Perfeito estado,Seca,Perfeito estado,Faixa de pedestre,Placas Pare,,Dupla,Não existe,,,
202219175,0,2022-08-18,,COM VÍTIMA,FINALIZADA,IPSEP,AV RECIFE,2670,0,,PROXIMO AO SEMAFORO 55,IPSEP,,,COLISÃO TRASEIRA,1,0,1,0,0,0,0,0,0,0,0,0,0,0,0,0,0,0,1,0,0,0,Longo da via,Bom,Sem defeito,Perfeito estado,Seca,Perfeito estado,Agente,R-6a,60 km/h,Única,Faixa seccionada,,,
202219178,0,2022-08-18,,COM VÍTIMA,FINALIZADA,IMBIRIBEIRA,AV MARECHAL MASCARENHAS DE MORAES,,,EM FRENTE A LASER ELETRO, SENTIDO AFOGADOS,IMBIRIBEIRA,,,COLISÃO TRASEIRA,1,0,1,0,0,0,0,0,0,0,0,0,0,0,0,0,0,0,1,0,0,0,Longo da via,Bom,Sem defeito,Perfeito estado,Seca,Perfeito estado,Não existe,Outras,,Dupla,Faixa seccionada,Canteiro central,,
202219180,0,2022-08-18,,COM VÍTIMA,FINALIZADA,IPSEP,AV RECIFE,,,LADO OPOSTO AO RESIDENCIAL IGNEZ ANDREAZZA,IPSEP,494,0,CIDADE,COLISÃO TRASEIRA,1,0,1,0,0,0,0,0,0,0,0,0,0,0,0,0,0,0,1,0,0,0,Longo da via,Bom,Sem defeito,Perfeito estado,Seca,Perfeito estado,Não existe,Não há placas,60 km/h,Única,Faixa seccionada,,,
202219188,0,2022-08-18,,COM VÍTIMA,FINALIZADA,JORDÃO,RUA DR ALVARO FERRAZ,53,0,,PROXIMA A PRAÇA DO JORDÃO BAIXO,JORDÃO,,,COLISÃO LATERAL,0,0,2,0,0,0,0,0,0,0,0,0,0,0,0,0,0,0,1,0,0,0,Longo da via,Bom,Não existe,Perfeito estado,Seca,Perfeito estado,Não existe,Outras,,,Não existe,,,
202219196,0,2022-08-18,,COM VÍTIMA,CANCELADA,CÓRREGO DO JENIPAPO,RUA ERUNDINA NEGREIROS DE ARAUJO,,,EM FRENTE A ASSEMBLÉIA DE DEUS,CÓRREGO DO JENIPAPO,,,ATROPELAMENTO DE PESSOA,0,0,1,0,0,0,0,0,1,0,0,0,0,0,0,0,0,0,1,0,0,0,,,,,,,,,,,,,,,
202219202,0,2022-08-18,,COM VÍTIMA,FINALIZADA,ESPINHEIRO,RUA SANTO ELIAS,,RUA DO ESPINHEIRO,ESQUINA DO POSTO IPIRANGA,ESPINHEIRO,,,COLISÃO TRANSVERSAL,0,0,1,0,0,0,0,0,0,0,0,0,0,0,1,0,0,0,1,0,0,0,Cruzamento,Chuvoso,Não existe,Perfeito estado,Molhada,Perfeito estado,Faixa de pedestre,,,Dupla,,,,,
202219216,0,2022-08-19,,SEM VÍTIMA,FINALIZADA,IMBIRIBEIRA,AV MARECHAL MASCARENHAS DE MORAES,161,0,,EM FRENTE À PREMIER PRODUTOS ALIMENTÍCIOS,IMBIRIBEIRA,,SUBURBIO,COLISÃO TRASEIRA,1,0,0,0,0,0,0,0,0,0,1,0,0,0,0,0,0,0,0,0,0,0,Longo da via,Chuvoso,Não existe,Perfeito estado,Molhada,Perfeito estado,Outros,R-32,,Dupla,Canteiro central,,,
202219222,0,2022-08-19,,COM VÍTIMA,FINALIZADA,AREIAS,RUA AURORA CACOTE,121,0,,PROX AO  GALETUS,AREIAS,,,COLISÃO FRONTAL,1,0,1,0,0,0,0,0,0,0,0,0,0,0,0,0,0,0,1,0,0,0,Longo da via,Bom,Não existe,Perfeito estado,Seca,Perfeito estado,Não existe,Não há placas,,Dupla,Não existe,,,
202219253,0,2022-08-19,,COM VÍTIMA,FINALIZADA,ROSARINHO,AV NORTE MIGUEL ARRAES DE ALENCAR,,,PROX. A PADARIA ROSARINHO,ROSARINHO,,SUBURBIO,COLISÃO TRASEIRA,1,0,1,0,0,0,0,0,0,0,0,0,0,0,0,0,0,0,1,0,0,0,Longo da via,Bom,Sem defeito,Perfeito estado,Seca,Perfeito estado,Outros,R-6a,,Dupla,Blocos,,,,
202219323,0,2022-08-19,,COM VÍTIMA,FINALIZADA,TORRE,RUA JOSE BONIFACIO,894,0,,EM FRENTE A HONDA,TORRE,,,COLISÃO TRASEIRA,2,0,1,0,0,0,0,0,0,0,0,0,0,0,0,0,0,0,1,0,0,0,Longo da via,Bom,Sem defeito,Perfeito estado,Seca,Perfeito estado,Não existe,R-6a,,Única,Faixa seccionada,,,
202219329,0,2022-08-20,,SEM VÍTIMA,FINALIZADA,MADALENA,RUA CARLOS GOMES,339,0,RUA GOMES TABORDA,PROX. AO BAILE PERFUMADO,MADALENA,348,0,,CHOQUE,1,0,0,0,0,0,0,0,0,0,0,0,0,0,0,0,0,0,0,0,0,0,,,,,,,,,,,,,
202219336,0,2022-08-20,,COM VÍTIMA,FINALIZADA,MADALENA,RUA REAL DA TORRE,,RUA JOSE OSORIO,PROX. A PRAÇA DA MADALENA,MADALENA,179,0,SUL,COLISÃO LATERAL,1,0,1,0,0,0,0,0,0,0,0,0,0,0,0,0,0,0,1,0,0,0,Cruzamento,Bom,Sem defeito,Perfeito estado,Seca,Perfeito estado,Faixa de pedestre,Não há placas,50 km/h,Única,Faixa seccionada,,,
202219343,0,2022-08-20,,COM VÍTIMA,FINALIZADA,BOA VIAGEM,RUA CAMBOIM,,RUA DEZ DE JULHO,PROX. A ESTAÇÃO AEROPORTO,BOA VIAGEM,,,COLISÃO LATERAL,1,0,1,0,0,0,0,0,0,0,0,0,0,0,0,0,0,0,1,0,0,0,Cruzamento,Bom,Não existe,Perfeito estado,Seca,Perfeito estado,Faixa de pedestre,Placas Pare,30 km/h,Única,Faixa contínua,,,,
202219369,0,2022-08-20,,COM VÍTIMA,FINALIZADA,AFOGADOS,RUA IMPERIAL,,,PROX AO FERRO E AÇO,AFOGADOS,510,0,,COLISÃO FRONTAL,1,0,1,0,0,0,0,0,0,0,0,0,0,0,0,0,0,0,1,0,0,0,Cruzamento,Bom,Sem defeito,Perfeito estado,Seca,Perfeito estado,Faixa de retenção,R-6a,,Única,Faixa seccionada,,,
202219371,0,2022-08-20,,COM VÍTIMA,FINALIZADA,IMBIRIBEIRA,AV GENERAL MAC ARTHUR,125,0,,EM FRENTE A LOJA MUNDO DO CABELEIREIRO,IMBIRIBEIRA,,,CHOQUE,1,0,0,0,0,0,0,0,0,0,0,0,0,0,0,0,0,0,5,0,0,0,Longo da via,Bom,Não existe,Perfeito estado,Seca,Perfeito estado,,Placas Pare,40 km/h,Única,Faixa seccionada,,,
202219385,0,2022-08-20,,COM VÍTIMA,FINALIZADA,SAN MARTIN,RUA QUINZE DE MARCO,,RUA DELMIRO GOUVEIA,CRUZAMENTO COM A RUA DELMIRO GOUVÉIA, EM FRENTE A CHESF,SAN MARTIN,,SUBURBIO,COLISÃO TRASEIRA,0,0,2,0,0,0,0,0,0,0,0,0,0,0,0,0,0,0,1,0,0,0,Cruzamento,Bom,Não existe,Incompleta,Seca,Perfeito estado,Não existe,Não há placas,,Única,Não existe,,,
202219400,0,2022-08-20,,COM VÍTIMA,FINALIZADA,AREIAS,AV DR JOSE RUFINO,1545,0,,EM FRENTE AO COLEGIO INCENTIVO,AREIAS,,,COLISÃO TRASEIRA,0,0,1,0,0,0,0,0,0,0,1,0,0,0,0,0,0,0,1,0,0,0,Longo da via,Bom,Não existe,Perfeito estado,Seca,Perfeito estado,Não existe,R-6a,60 km/h,Dupla,Faixa contínua,Faixa seccionada,,
202219405,0,2022-08-20,,SEM VÍTIMA,CANCELADA,BOA VIAGEM,RUA RIBEIRO DE BRITO,,RUA DOS NAVEGANTES,EDIFICIO HOLIDAY,BOA VIAGEM,,,COLISÃO LATERAL,2,0,0,0,0,0,0,0,0,0,0,0,0,0,0,0,0,0,0,0,0,0,,,,,,,,,,,,,,,
202219414,0,2022-08-20,,COM VÍTIMA,FINALIZADA,PINA,AV ENGENHEIRO DOMINGOS FERREIRA,1097,0,,,PINA,200,0,SUBURBIO,COLISÃO COM CICLISTA,0,0,1,0,0,0,1,0,0,0,0,0,0,0,0,0,0,0,1,0,0,0,Cruzamento,Bom,Sem defeito,Perfeito estado,Seca,Perfeito estado,Não existe,R-6a,60 km/h,Única,Canteiro central,,
202219415,0,2022-08-20,,SEM VÍTIMA,FINALIZADA,JOANA BEZERRA,RUA IMPERIAL,,RUA BOM SUCESSO,APÓS A ESCOLA,JOANA BEZERRA,,,COLISÃO TRANSVERSAL,2,0,0,0,0,0,0,0,0,0,0,0,0,0,0,0,0,0,0,0,0,0,,,,,,,,,,,,,,,
202219420,0,2022-08-21,,COM VÍTIMA,FINALIZADA,CAMPO GRANDE,RUA MARECHAL DEODORO,603,0,,EM FRENTE AO EDF. TOPAZIO,CAMPO GRANDE,,,COLISÃO TRASEIRA,1,0,1,0,0,0,0,0,0,0,0,0,0,0,0,0,0,0,1,0,0,0,Longo da via,Chuvoso,Não existe,Não existente,Molhada,Perfeito estado,Não existe,Não há placas,,Dupla,Não existe,,,
202219432,0,2022-08-21,,COM VÍTIMA,FINALIZADA,PARNAMIRIM,RUA SEBASTIAO MALTA ARCOVERDE,223,0,AV PARNAMIRIM,EDF. GENIPABU,PARNAMIRIM,,,COLISÃO TRASEIRA,5,0,0,0,0,0,0,0,0,0,0,0,0,0,0,0,0,0,1,0,0,0,Longo da via,Bom,Sem defeito,Perfeito estado,Seca,Perfeito estado,Faixa de retenção,Não há placas,,Única,Faixa contínua,,,
202219438,0,2022-08-21,,COM VÍTIMA,FINALIZADA,DERBY,AV GOVERNADOR AGAMENON MAGALHAES,4481,0,,APOS O HOSPITAL PORTUGUES E/F AO BRADESCO S/T OLINDA,DERBY,,OLINDA,COLISÃO LATERAL,1,0,1,0,0,0,0,0,0,0,0,0,0,0,0,0,0,0,1,0,0,0,Longo da via,Bom,Não existe,Perfeito estado,Seca,Perfeito estado,Não existe,Não há placas,60 km/h,Dupla,Canteiro central,,,
202219441,0,2022-08-21,,COM VÍTIMA,FINALIZADA,GRAÇAS,RUA DA AMIZADE,67,0,,EM FRENTE A PADARIA VILA DA AMIZADE,GRAÇAS,,,COLISÃO COM CICLISTA,1,0,0,0,0,0,1,0,0,0,0,0,0,0,0,0,0,0,1,0,0,0,Longo da via,Bom,Não existe,Perfeito estado,Seca,Perfeito estado,Não existe,Não há placas,30 km/h,Única,Não existe,,,
202219445,0,2022-08-21,,COM VÍTIMA,FINALIZADA,ILHA DO RETIRO,RUA SPORT CLUBE DO RECIFE,,,E/F A FACULDADE UPE  AO LADO DO SPORT,ILHA DO RETIRO,,,COLISÃO LATERAL,1,0,0,0,0,0,0,0,0,0,0,0,1,0,0,0,0,0,1,0,0,0,,,,,,,,,,,,,,,
202219464,0,2022-08-21,,SEM VÍTIMA,FINALIZADA,BOA VIAGEM,AV ENGENHEIRO DOMINGOS FERREIRA,,RUA PROFESSOR ALOISIO PESSOA DE ARAUJO,,BOA VIAGEM,,CIDADE,,2,0,0,0,0,0,0,0,0,0,0,0,0,0,0,0,0,0,0,0,0,0,Longo da via,Chuvoso,Não existe,Incompleta,Molhada,Mal iluminada,Não existe,Não há placas,,Única,Faixa seccionada,,,,
202219465,0,2022-08-21,,COM VÍTIMA,FINALIZADA,MADALENA,RUA JOSE OSORIO,,,BEIRA DO CANAL,MADALENA,,SUBURBIO,COLISÃO LATERAL,1,0,1,0,0,0,0,0,0,0,0,0,0,0,0,0,0,0,1,0,0,0,,,,,,,,,,,,,,,
202219466,0,2022-08-21,,SEM VÍTIMA,CANCELADA,ALTO DO MANDU,RUA MANDACARU,469,0,,PRÓXIMO A ESCOLA VILA SESAMO,ALTO DO MANDU,,,COLISÃO TRASEIRA,2,0,0,0,0,0,0,0,0,0,0,0,0,0,0,0,0,0,0,0,0,0,,,,,,,,,,,,,,
202219467,0,2022-08-21,,COM VÍTIMA,FINALIZADA,BOA VIAGEM,RUA BALTAZAR PASSOS,,RUA COSMORAMA,POSTO BR,BOA VIAGEM,556,0,LESTE,COLISÃO COM CICLISTA,1,0,0,0,0,0,1,0,0,0,0,0,0,0,0,0,0,0,1,0,0,0,Cruzamento,Bom,Sem defeito,Perfeito estado,Seca,Perfeito estado,Faixa de pedestre,Não há placas,,Única,Faixa contínua,,,