Protocolo,,data,hora,natureza_acidente,situacao,bairro,endereco,numero,detalhe_endereco_acidente,complemento,bairro_cruzamento,num_semaforo,sentido_via,tipo,auto,moto,ciclom,ciclista,pedestre,onibus,caminhao,viatura,outros,vitimas,vitimasfatais,acidente_verificado,tempo_clima,situacao_semaforo,sinalizacao,condicao_via,conservacao_via,ponto_controle,situacao_placa,velocidade_max_via,mao_direcao,divisao_via1,divisao_via2,divisao_via3,,,,,,,,,,,,,
202219468,0,2022-08-21,,COM VÍTIMA,FINALIZADA,SANTO ANTÔNIO,RUA PRIMEIRO DE MARCO,,RUA IMPERADOR PEDRO SEGUNDO,CRUZAMENTO C/A RUA DO IMPERADOR,SANTO ANTÔNIO,,,COLISÃO TRASEIRA,0,0,0,0,0,0,0,0,0,0,2,0,0,0,0,0,0,0,1,0,0,0,Cruzamento,Bom,Sem defeito,Perfeito estado,Seca,Perfeito estado,Faixa de pedestre,Não há placas,,Única,Não existe,,,,
202219479,0,2022-08-22,,SEM VÍTIMA,FINALIZADA,APIPUCOS,RUA DE APIPUCOS,455,0,,EM FRENTE AO NÚMERO 455,APIPUCOS,,CIDADE,CHOQUE,1,0,0,0,0,0,0,0,0,0,0,0,0,0,0,0,0,0,0,0,0,0,Longo da via,Chuvoso,Não existe,Perfeito estado,Molhada,Perfeito estado,Não existe,R-6a,,Dupla,Faixa contínua,,,
202219487,0,2022-08-22,,COM VÍTIMA,FINALIZADA,BOA VIAGEM,RUA ANTONIO DE SA LEITAO,229,0,RUA PROFESSOR JOSE BRANDAO,COLÉGIO BOA VIAGEM,BOA VIAGEM,,,COLISÃO FRONTAL,1,0,1,0,0,0,0,0,0,0,0,0,0,0,0,0,0,0,1,0,0,0,Cruzamento,Chuvoso,Não existe,Ilegível,Molhada,Mal conservada,Não existe,Placas Pare,,Dupla,Faixa seccionada,,,
202219494,0,2022-08-22,,SEM VÍTIMA,CANCELADA,SANTO AMARO,AV CRUZ CABUGA,,RUA FREI CASSIMIRO,,SANTO AMARO,,,COLISÃO FRONTAL,0,0,1,0,0,0,0,0,0,0,0,0,0,0,0,0,0,0,0,0,0,0,,,,,,,,,,,,,,,
202219502,0,2022-08-22,,COM VÍTIMA,FINALIZADA,BONGI,TRV ESTRADA DO BONGI,99,0,AV MANOEL GONCALVES DA LUZ,MULTI POSTOS,BONGI,,,COLISÃO LATERAL,1,0,1,0,0,0,0,0,0,0,0,0,0,0,0,0,0,0,1,0,0,0,Cruzamento,Bom,Não existe,Ilegível,Seca,Mal conservada,Não existe,Placas Pare,30 km/h,Dupla,Faixa contínua,Faixa seccionada,,
202219509,0,2022-08-22,,COM VÍTIMA,FINALIZADA,CABANGA,RUA CAPITAO TEMUDO,282,0,,ADVOGADOS ASSOCIADOS MARCO TAFUR,CABANGA,,SUBURBIO,COLISÃO LATERAL,1,0,1,0,0,0,0,0,0,0,0,0,0,0,0,0,0,0,1,0,0,0,Longo da via,Bom,Não existe,Incompleta,Seca,Perfeito estado,Não existe,Outras,,Única,Canteiro central,,,
202219539,0,2022-08-22,,COM VÍTIMA,FINALIZADA,ENCRUZILHADA,EST DE BELEM,190,0,RUA DONA JULIETA,E/F A IGREJA MATRIZ DE BELEM,ENCRUZILHADA,,CIDADE,COLISÃO LATERAL,1,0,1,0,0,0,0,0,0,0,0,0,0,0,0,0,0,0,2,0,0,0,Esquina,Bom,Não existe,Perfeito estado,Seca,Perfeito estado,Não existe,R-6a,,Dupla,Faixa contínua,Faixa seccionada,,
202219555,0,2022-08-22,,COM VÍTIMA,FINALIZADA,BARRO,AV DR JOSE RUFINO,2612,0,,EM FRENTE A HIPER MOTOS,BARRO,,CIDADE,COLISÃO TRASEIRA,0,0,2,0,0,0,0,0,0,0,0,0,0,0,0,0,0,0,1,0,0,0,Longo da via,Chuvoso,Não existe,Perfeito estado,Molhada,Perfeito estado,Não existe,Não há placas,60 km/h,Dupla,Faixa contínua,,,
202219557,0,2022-08-22,,COM VÍTIMA,FINALIZADA,SÃO JOSÉ,AV DANTAS BARRETO,1330,0,RUA DO PEIXOTO,PROX AO TERMINAL DE ONIBUS 1002,SÃO JOSÉ,181,0,CIDADE,COLISÃO LATERAL,0,0,1,0,0,0,0,0,0,0,1,0,0,0,0,0,0,0,1,0,0,0,Cruzamento,Chuvoso,Sem defeito,Perfeito estado,Molhada,Perfeito estado,Não existe,Placas Pare,,Única,Não existe,,
202219565,0,2022-08-22,,COM VÍTIMA,CANCELADA,CASA FORTE,AV DEZESSETE DE AGOSTO,,RUA PIAUI,POSTO DE GASOLIZA DESLUMBRE,CASA FORTE,,,COLISÃO LATERAL,1,0,1,0,0,0,0,0,0,0,0,0,0,0,0,0,0,0,1,0,0,0,,,,,,,,,,,,,,,
202219566,0,2022-08-22,,COM VÍTIMA,FINALIZADA,COHAB,AV CHAPADA DO ARARIPE,52,0,,EM FRENTE A IGREJA ASSEMBLÉIA DE DEUS,COHAB,,SUBURBIO,ATROPELAMENTO DE PESSOA,0,0,1,0,0,0,0,0,1,0,0,0,0,0,0,0,0,0,1,0,0,0,Longo da via,Chuvoso,Não existe,Incompleta,Molhada,Perfeito estado,Faixa de pedestre,Não há placas,,Dupla,Canal,,,
202219574,0,2022-08-22,,SEM VÍTIMA,CANCELADA,LINHA DO TIRO,RUA PROFESSOR JOSE AMARINO DOS REIS,2349,0,,,LINHA DO TIRO,,,COLISÃO LATERAL,1,0,1,0,0,0,0,0,0,0,0,0,0,0,0,0,0,0,0,0,0,0,,,,,,,,,,,,,,
202219596,0,2022-08-23,,COM VÍTIMA,FINALIZADA,ENCRUZILHADA,RUA DR JOSE MARIA,48,0,RUA GOMES DE MATOS JUNIOR,POR TRÁS DO HOSPITAL JORGE DE MEDEIROS / CLUBE DE TÊNIS BEAT TÊNIS,ENCRUZILHADA,,SUBURBIO,COLISÃO LATERAL,1,0,1,0,0,0,0,0,0,0,0,0,0,0,0,0,0,0,1,0,0,0,Cruzamento,Chuvoso,Não existe,Perfeito estado,Molhada,Perfeito estado,Faixa de retenção,Placas Pare,,Dupla,Faixa seccionada,,,
202219597,0,2022-08-23,,SEM VÍTIMA,CANCELADA,TORRE,RUA JOSE BONIFACIO,1099,0,,EM FRENTE A GALERIA VITRINE DA TORRE,TORRE,,,COLISÃO LATERAL,1,0,0,0,0,0,0,0,0,0,0,0,1,0,0,0,0,0,0,0,0,0,,,,,,,,,,,,,,
202219611,0,2022-08-23,,SEM VÍTIMA,FINALIZADA,IPSEP,RUA PINTOR ANTONIO ALBUQUERQUE,24,0,RUA DR RAPOSO PINTO,EM FRENTE À IGREJA DO EVANGELHO QUADRANGULAR DO IPSEP,IPSEP,,SUBURBIO,,0,0,1,0,0,0,0,0,0,0,0,0,0,0,1,0,0,0,0,0,0,0,Cruzamento,Chuvoso,Não existe,Perfeito estado,Molhada,Perfeito estado,Faixa de pedestre,R-6a,20 km/h,Dupla,Faixa seccionada,,,
202219613,0,2022-08-23,,SEM VÍTIMA,FINALIZADA,DERBY,AV GOVERNADOR AGAMENON MAGALHAES,,AV GOVERNADOR CARLOS DE LIMA CAVALCANTI,PRÓX. À WIZARD,DERBY,75,0,,COLISÃO TRASEIRA,1,0,0,0,0,0,0,0,0,0,0,0,0,0,1,0,0,0,0,0,0,0,,,,,,,,,,,,,,
202219615,0,2022-08-23,,COM VÍTIMA,CANCELADA,IMBIRIBEIRA,AV MARECHAL MASCARENHAS DE MORAES,,,EM FRENTE AO GERALDÃO,IMBIRIBEIRA,,,COLISÃO TRASEIRA,1,0,1,0,0,0,0,0,0,0,0,0,0,0,0,0,0,0,1,0,0,0,,,,,,,,,,,,,,,
202219617,0,2022-08-20,,COM VÍTIMA,FINALIZADA,NOVA DESCOBERTA,AV VEREADOR OTACILIO AZEVEDO,730,0,,PROX UPA DE NOVA DESCOBERTA,NOVA DESCOBERTA,,CIDADE,COLISÃO TRANSVERSAL,0,0,1,0,0,0,0,0,0,0,0,0,0,0,0,0,1,0,2,0,0,0,Longo da via,Bom,Não existe,Perfeito estado,Seca,Perfeito estado,Não existe,Não há placas,60 km/h,,Não existe,,,
202219620,0,2022-08-23,,COM VÍTIMA,FINALIZADA,PAISSANDU,RUA FRANCISCO ALVES,326,0,RUA CAPITAO JOSE DA LUZ,PRÓX. À ESCOLA MUNICIPAL DOS COELHOS,PAISSANDU,,SUBURBIO,COLISÃO LATERAL,0,0,1,0,0,0,0,0,0,0,0,0,1,0,0,0,0,0,1,0,0,0,Cruzamento,Chuvoso,Não existe,Perfeito estado,Seca,Perfeito estado,Não existe,R-4b,,Dupla,Faixa seccionada,,,
202219625,0,2022-08-23,,SEM VÍTIMA,FINALIZADA,CORDEIRO,EST DO FORTE DO ARRAIAL N. DO B. JESUS,1615,0,RUA ONZE DE FEVEREIRO,,CORDEIRO,,,,0,0,1,0,0,0,0,0,0,0,0,0,0,0,1,0,0,0,0,0,0,0,Cruzamento,Nublado,Não existe,Incompleta,Molhada,Perfeito estado,Não existe,Não há placas,,Dupla,Não existe,,,
202219643,0,2022-08-23,,COM VÍTIMA,FINALIZADA,CAXANGÁ,AV CAXANGA,3943,0,,EM FRENTE A AGENCIA DO BRADESCO,CAXANGÁ,,SUBURBIO,COLISÃO TRASEIRA,0,0,2,0,0,0,0,0,0,0,0,0,0,0,0,0,0,0,1,0,0,0,Longo da via,Bom,Não existe,Perfeito estado,Seca,Mal conservada,Não existe,Não há placas,60 km/h,Dupla,Canteiro central,,,
202219698,0,2022-08-24,,COM VÍTIMA,FINALIZADA,AREIAS,AV DR JOSE RUFINO,308,0,,PRÓX. AO COLÉGIO VISÃO,AREIAS,,,COLISÃO TRASEIRA,1,0,2,0,0,0,0,0,0,0,0,0,0,0,0,0,0,0,1,0,0,0,Longo da via,Bom,Sem defeito,Incompleta,Seca,Mal conservada,Não existe,R-6a,60 km/h,Dupla,Faixa contínua,,,
202219715,0,2022-08-24,,COM VÍTIMA,FINALIZADA,BOMBA DO HEMETÉRIO,COR DO BARTOLOMEU,498,0,,ROTATÓRIA,BOMBA DO HEMETÉRIO,,SUBURBIO,ATROPELAMENTO DE PESSOA,0,0,1,0,0,0,0,0,1,0,0,0,0,0,0,0,0,0,1,0,0,0,Longo da via,Bom,Não existe,Perfeito estado,Seca,Perfeito estado,Faixa de pedestre,R-6a,40 km/h,Dupla,Faixa contínua,,,
202219722,0,2022-08-24,,SEM VÍTIMA,FINALIZADA,ESPINHEIRO,RUA QUARENTA E OITO,347,0,RUA DA HORA,CERPE,ESPINHEIRO,,,COLISÃO TRASEIRA,4,0,0,0,0,0,0,0,0,0,0,0,0,0,0,0,0,0,0,0,0,0,Longo da via,Bom,Sem defeito,Perfeito estado,Seca,Perfeito estado,Outros,Outras,,Única,Faixa seccionada,,,
202219725,0,2022-08-24,,SEM VÍTIMA,FINALIZADA,IPUTINGA,AV MAURICIO DE NASSAU,184,0,,PRÓX. AO BERÇÁRIO E HOTELZINHO ESPAÇO KIDS,IPUTINGA,,,COLISÃO TRASEIRA,2,0,0,0,0,0,0,0,0,0,0,0,0,0,0,0,0,0,0,0,0,0,,,,,,,,,,,,,,
202219730,0,2022-08-24,,COM VÍTIMA,FINALIZADA,MADALENA,AV CAXANGA,990,0,,EM FRENTE À FACULDADE SANTA HELENA,MADALENA,,SUBURBIO,COLISÃO TRASEIRA,1,0,1,0,0,0,0,0,0,0,0,0,0,0,0,0,0,0,1,0,0,0,Longo da via,Bom,Não existe,Perfeito estado,Seca,Perfeito estado,Não existe,Não há placas,60 km/h,Única,Faixa seccionada,,,
202219738,0,2022-08-24,,SEM VÍTIMA,FINALIZADA,PARNAMIRIM,AV DEZESSETE DE AGOSTO,295,0,,GALERIA PARNAMIRIM / SENTIDO TORRE,PARNAMIRIM,,,COLISÃO LATERAL,1,0,0,0,0,0,0,0,0,0,0,0,0,0,1,0,0,0,0,0,0,0,,,,,,,,,,,,,,
202219774,0,2022-08-24,,COM VÍTIMA,FINALIZADA,IMBIRIBEIRA,AV MARECHAL MASCARENHAS DE MORAES,294,0,,MORELATE DISTRIBUIDORA DE AUTO PEÇAS.,IMBIRIBEIRA,,CIDADE,ATROPELAMENTO DE PESSOA,0,0,1,0,0,0,0,0,1,0,0,0,0,0,0,0,0,0,2,0,0,0,Longo da via,Bom,Não existe,Perfeito estado,Seca,Perfeito estado,Não existe,Outras,60 km/h,Única,Faixa seccionada,,,
202219777,0,2022-08-24,,COM VÍTIMA,FINALIZADA,CAMPO GRANDE,RUA CATULO DA PAIXAO CEARENSE,,RUA PROFESSOR FRANCISCO DA TRINDADE,ANTES DO SEMAFORO DO CLUBE DAS PÁS,CAMPO GRANDE,,SUBURBIO,COLISÃO FRONTAL,1,0,1,0,0,0,0,0,0,0,0,0,0,0,0,0,0,0,1,0,0,0,Cruzamento,Bom,Não existe,Incompleta,Seca,Perfeito estado,Não existe,Não há placas,,Dupla,Faixa seccionada,,,,
202219780,0,2022-08-24,,COM VÍTIMA,FINALIZADA,MUSTARDINHA,AV MANOEL GONCALVES DA LUZ,441,0,,EM FRENTE AO SUPEMERCADO TEM,MUSTARDINHA,,SUBURBIO,ATROPELAMENTO DE PESSOA,0,0,1,0,0,0,0,0,1,0,0,0,0,0,0,0,0,0,1,0,0,0,Longo da via,Bom,Não existe,Perfeito estado,Seca,Perfeito estado,Não existe,Não há placas,40 km/h,Dupla,Faixa seccionada,,,
202219787,0,2022-08-24,,COM VÍTIMA,FINALIZADA,APIPUCOS,RUA MANDACARU,84,0,RUA BARAUNA,PROX AO AÇUDE DE APIPUCOS,APIPUCOS,,,COLISÃO FRONTAL,1,0,1,0,0,0,0,0,0,0,0,0,0,0,0,0,0,0,2,0,0,0,Esquina,Bom,Não existe,Incompleta,Seca,Perfeito estado,Não existe,Outras,,Dupla,Não existe,,,
202219799,0,2022-08-24,,COM VÍTIMA,FINALIZADA,BEBERIBE,RUA TAGUATINGA,41,0,,EM FRENTE AO REI DOS SALGADOS/ LADEIRA DA VAN,BEBERIBE,,SUBURBIO,ATROPELAMENTO DE PESSOA,0,0,1,0,0,0,0,0,1,0,0,0,0,0,0,0,0,0,1,0,0,0,Longo da via,Bom,Não existe,Não existente,Seca,Perfeito estado,Não existe,Outras,30 km/h,Dupla,Não existe,,,
202219806,0,2022-08-24,,COM VÍTIMA,FINALIZADA,CORDEIRO,AV CAXANGA,1953,0,,DEPOIS DA EXPOSIÇÃO DE ANIMAIS,CORDEIRO,268,0,CIDADE,COLISÃO FRONTAL,1,0,1,0,0,0,0,0,0,0,0,0,0,0,0,0,0,0,2,0,0,0,Longo da via,Bom,Sem defeito,Perfeito estado,Seca,Perfeito estado,Faixa de pedestre,Não há placas,,Única,Faixa seccionada,Canteiro central,Blocos
202219828,0,2022-08-25,,COM VÍTIMA,FINALIZADA,SANTO AMARO,RUA ALVARES DE AZEVEDO,93,0,RUA PALMARES,CENTRO EDUCACIONAL ULISSES PERNAMBUCANO,SANTO AMARO,93,0,CIDADE,COLISÃO LATERAL,1,0,1,0,0,0,0,0,0,0,0,0,0,0,0,0,0,0,1,0,0,0,Cruzamento,Bom,Sem defeito,Perfeito estado,Seca,Perfeito estado,Faixa de pedestre,Outras,,Única,Faixa contínua,,
202219830,0,2022-08-25,,COM VÍTIMA,FINALIZADA,BOA VIAGEM,RUA PROFESSOR MARIO CASTRO,451,0,RUA SA E SOUZA,EM FRENTE À CAFETERIA THE BAKER CHEF / PRÓX. À ESCOLA AMERICANA,BOA VIAGEM,,SUBURBIO,ATROPELAMENTO DE PESSOA,1,0,0,0,0,0,0,0,2,0,0,0,0,0,0,0,0,0,2,0,0,0,Longo da via,Bom,Não existe,Perfeito estado,Seca,Perfeito estado,Faixa de pedestre,Placas Pare,30 km/h,Dupla,Faixa seccionada,,,
202219834,0,2022-08-25,,COM VÍTIMA,FINALIZADA,SANTO AMARO,AV GOVERNADOR AGAMENON MAGALHAES,4318,0,,EM FRENTE AO EMPRESARIAL RENATO DIAS,SANTO AMARO,,CIDADE,COLISÃO FRONTAL,2,0,1,0,0,0,0,0,0,0,0,0,0,0,0,0,0,0,1,0,0,0,Longo da via,Bom,Não existe,Perfeito estado,Seca,Perfeito estado,Não existe,Não há placas,60 km/h,Dupla,Canteiro central,,,
202219856,0,2022-08-25,,COM VÍTIMA,FINALIZADA,CAMPO GRANDE,AV GOVERNADOR AGAMENON MAGALHAES,,RUA ODORICO MENDES,SENT. BOA VIAGEM SEMAFORO 049,CAMPO GRANDE,,,COLISÃO TRASEIRA,1,0,1,0,0,0,0,0,0,0,0,0,0,0,0,0,0,0,1,0,0,0,,,,,,,,,,,,,,,
202219862,0,2022-08-25,,SEM VÍTIMA,FINALIZADA,APIPUCOS,RUA DE APIPUCOS,600,0,RUA DR PEDRO CORREA,,APIPUCOS,,SUBURBIO,COLISÃO TRASEIRA,0,0,1,0,0,0,0,0,0,0,0,0,1,0,0,0,0,0,0,0,0,0,Longo da via,Bom,Não existe,Não existente,Seca,Perfeito estado,Não existe,Não há placas,60 km/h,Dupla,Faixa contínua,,,
202219918,0,2022-08-25,,COM VÍTIMA,FINALIZADA,IMBIRIBEIRA,AV MARECHAL MASCARENHAS DE MORAES,,,SOB A ALÇA DE RETORNO - E/F AO AEROPORTO,IMBIRIBEIRA,,SUBURBIO,COLISÃO TRASEIRA,0,0,1,0,0,0,0,0,0,0,0,0,1,0,0,0,0,0,2,0,0,0,Longo da via,Bom,Não existe,Não existente,Seca,Perfeito estado,Não existe,Não há placas,,Única,Faixa seccionada,,,,
202219919,0,2022-08-26,,SEM VÍTIMA,FINALIZADA,SAN MARTIN,AV GENERAL SAN MARTIN,375,0,,EM FRENTE 375,SAN MARTIN,,CIDADE,COLISÃO TRASEIRA,2,0,0,0,0,0,0,0,0,0,0,0,0,0,0,0,0,0,0,0,0,0,Longo da via,Bom,Não existe,Incompleta,Seca,Mal iluminada,Não existe,Não há placas,,Dupla,Faixa seccionada,,,
202219926,0,2022-08-26,,COM VÍTIMA,FINALIZADA,IBURA,AV PRESIDENTE DUTRA,,,APÓS O SAL E BRASA / PRÓX. À SUBIDA DO VIADUTO TANCREDO NEVES / SENTIDO BOA VIAGEM,IBURA,,,COLISÃO TRASEIRA,1,0,1,0,0,0,0,0,0,0,0,0,0,0,0,0,0,0,2,0,0,0,,,,,,,,,,,,,,,
202219932,0,2022-08-26,,COM VÍTIMA,FINALIZADA,JARDIM SÃO PAULO,AV LIBERDADE,824,0,,PROX A DELEGACIA DE ROUBOS E FURTOS,JARDIM SÃO PAULO,,SUBURBIO,COLISÃO LATERAL,1,0,1,0,0,0,0,0,0,0,0,0,0,0,0,0,0,0,1,0,0,0,Cruzamento,Bom,Não existe,Perfeito estado,Seca,Perfeito estado,Não existe,Não há placas,,Dupla,Não existe,,,
202219939,0,2022-08-26,,COM VÍTIMA,FINALIZADA,ESTÂNCIA,AV DR JOSE RUFINO,892,0,,EM FRENTE AO COLÉGIO JOSÉ MARIANO,ESTÂNCIA,,SUBURBIO,ATROPELAMENTO DE PESSOA,0,0,1,0,0,0,0,0,1,0,0,0,0,0,0,0,0,0,1,0,0,0,Longo da via,Bom,Não existe,Perfeito estado,Seca,Perfeito estado,Faixa de pedestre,Outras,50 km/h,Dupla,Faixa seccionada,,,
202219941,0,2022-08-26,,COM VÍTIMA,FINALIZADA,MADALENA,RUA JOSE BONIFACIO,401,0,,EDF. MADALENA CENTER,MADALENA,,SUBURBIO,COLISÃO LATERAL,1,0,1,0,0,0,0,0,0,0,0,0,0,0,0,0,0,0,2,0,0,0,Cruzamento,Bom,Não existe,Incompleta,Seca,Perfeito estado,Outros,Outras,,Única,Faixa seccionada,,,
202219944,0,2022-08-26,,SEM VÍTIMA,FINALIZADA,BOA VISTA,RUA DO HOSPICIO,687,0,,CÂMARA DOS VEREADORES,BOA VISTA,,CIDADE,,1,0,0,0,0,0,0,0,0,0,0,0,0,0,1,0,0,0,0,0,0,0,,Bom,Não existe,Incompleta,Seca,Perfeito estado,Não existe,Outras,40 km/h,Dupla,Faixa contínua,,,
202219950,0,2022-08-26,,COM VÍTIMA,FINALIZADA,BOA VISTA,RUA DO PRINCIPE,,RUA GERVASIO PIRES,HOSPITAL DO EXÉRCITO,BOA VISTA,41,0,,ATROPELAMENTO DE PESSOA,1,0,0,0,0,0,0,0,1,0,0,0,0,0,0,0,0,0,1,0,0,0,Cruzamento,Bom,Sem defeito,Perfeito estado,Seca,Perfeito estado,Faixa de pedestre,R-6a,,Única,Faixa seccionada,,,
202219952,0,2022-08-26,,COM VÍTIMA,FINALIZADA,DOIS IRMÃOS,RUA CORONEL SILVESTRE BASTOS,122,0,RUA LUIZ DA MOTTA SILVEIRA,PROX. A COLISEU VIGILANCIA,DOIS IRMÃOS,,CIDADE,COLISÃO LATERAL,1,0,1,0,0,0,0,0,0,0,0,0,0,0,0,0,0,0,1,0,0,0,Esquina,Bom,Não existe,Incompleta,Seca,Mal conservada,Não existe,Outras,,Dupla,Não existe,,,
202219957,0,2022-08-26,,SEM VÍTIMA,FINALIZADA,CASA AMARELA,AV NORTE MIGUEL ARRAES DE ALENCAR,4555,0,AV PROFESSOR JOSE DOS ANJOS,SESC CASA AMARELA,CASA AMARELA,364,0,SUBURBIO,CHOQUE,1,0,0,0,0,0,0,0,0,0,0,0,0,0,0,0,0,0,0,0,0,0,Cruzamento,Bom,Sem defeito,Perfeito estado,Seca,,Faixa de pedestre,Outras,,Dupla,Canteiro central,,
202219991,0,2022-08-26,,COM VÍTIMA,FINALIZADA,SÃO JOSÉ,AV SUL,488,0,,PROXIMO A DANTAS MAQUINAS/ PROXIMO AO SEMÁFORO 509,SÃO JOSÉ,,CIDADE,COLISÃO TRASEIRA,1,0,1,0,0,0,0,0,0,0,0,0,0,0,0,0,0,0,1,0,0,0,Longo da via,Bom,Não existe,Incompleta,Seca,Perfeito estado,Não existe,Não há placas,,Dupla,Canteiro central,,,
202220000,0,2022-08-26,,COM VÍTIMA,FINALIZADA,BOA VIAGEM,RUA COPACABANA,36,0,RUA WALDEMAR NERY CARNEIRO MONTEIRO,PROX A BANCA DE REVISTA ALTERNATIVA,BOA VIAGEM,,CIDADE,COLISÃO FRONTAL,0,0,1,0,0,0,0,0,0,0,1,0,0,0,0,0,0,0,1,0,0,0,Cruzamento,Bom,Não existe,Perfeito estado,Seca,Perfeito estado,Não existe,Não há placas,,Dupla,Não existe,,,
202220001,0,2022-08-26,,COM VÍTIMA,FINALIZADA,TORRE,PRC PROFESSOR BARRETO CAMPELLO,1183,0,,EM FRENTE AO EDIFICIO PRAÇA DAS MARGARIDAS,TORRE,,SUBURBIO,COLISÃO TRASEIRA,1,0,1,0,0,0,0,0,0,0,0,0,0,0,0,0,0,0,1,0,0,0,Longo da via,Bom,Não existe,Incompleta,Seca,Perfeito estado,Outros,Outras,,Única,Faixa seccionada,,,
202220003,0,2022-08-26,,COM VÍTIMA,FINALIZADA,JOANA BEZERRA,VIADUTO CAPITAO TEMUDO,,,EM CIMA DO VIADUTO PAPA JOÃO PAULO II /  SENTIDO BOA VIAGEM,JOANA BEZERRA,,,COLISÃO TRASEIRA,1,0,1,0,0,0,0,0,0,0,0,0,0,0,0,0,0,0,1,0,0,0,Viaduto,Bom,Não existe,Perfeito estado,Seca,Perfeito estado,Não existe,Não há placas,,Única,Faixa seccionada,,,,
202220015,0,2022-08-26,,COM VÍTIMA,FINALIZADA,AFOGADOS,RUA SAO MIGUEL,1331,0,,DROGARIA BONGI,AFOGADOS,,SUBURBIO,COLISÃO LATERAL,1,0,1,0,0,0,0,0,0,0,0,0,0,0,0,0,0,0,1,0,0,0,Longo da via,Bom,Não existe,Incompleta,Seca,Mal conservada,Não existe,Não há placas,60 km/h,Dupla,Faixa contínua,Faixa seccionada,,
202220018,0,2022-08-26,,COM VÍTIMA,FINALIZADA,CASA AMARELA,EST DAS UBAIAS,147,0,RUA DR GENARO GUIMARAES,DEPOIS DO BOMPREÇO, SENTIDO ESTRADA DO ENCANAMENTO,CASA AMARELA,,,COLISÃO FRONTAL,1,0,1,0,0,0,0,0,0,0,0,0,0,0,0,0,0,0,2,0,0,0,Longo da via,Chuvoso,Não existe,Perfeito estado,Molhada,Perfeito estado,Não existe,Outras,40 km/h,Dupla,Não existe,,
202220030,0,2022-08-27,,COM VÍTIMA,FINALIZADA,DOIS UNIDOS,AV HILDEBRANDO DE VASCONCELOS,968,0,,APÓS O CANIL , EM FRENTE AO RESTAURANTE FAMILIAR,DOIS UNIDOS,,CIDADE,COLISÃO FRONTAL,1,0,1,0,0,0,0,0,0,0,0,0,0,0,0,0,0,0,1,0,0,0,Longo da via,Chuvoso,Não existe,Perfeito estado,Molhada,Perfeito estado,Não existe,R-6a,,Dupla,Faixa contínua,,
202220031,0,2022-08-27,,COM VÍTIMA,CANCELADA,CAXANGÁ,AV CAXANGA,,AV AFONSO OLINDENSE,ESTAÇÃO BRT E INTEGRAÇÃO CAXANGÁ,CAXANGÁ,,,QUEDA,0,0,1,0,0,0,0,0,0,0,0,0,0,0,0,0,0,0,1,0,0,0,,,,,,,,,,,,,,,
202220071,0,2022-08-27,,COM VÍTIMA,FINALIZADA,MADALENA,AV VISCONDE DE ALBUQUERQUE,,RUA JOSE OSORIO,EM FRENTE A EXTRAFARMA,MADALENA,,SUBURBIO,COLISÃO LATERAL,1,0,1,0,0,0,0,0,0,0,0,0,0,0,0,0,0,0,1,0,0,0,Cruzamento,Chuvoso,Sem defeito,Perfeito estado,Molhada,Perfeito estado,Faixa de pedestre,Outras,,Única,Faixa contínua,Faixa seccionada,,,
202220098,0,2022-08-28,,COM VÍTIMA,FINALIZADA,BONGI,RUA SANTA EDWIRGES,468,0,,FACULDADE SANTA EDWIRGES,BONGI,,,QUEDA,0,0,1,0,0,0,0,0,0,0,0,0,0,0,0,0,0,0,1,0,0,0,Longo da via,Bom,Não existe,Não existente,Seca,Mal conservada,Não existe,Não há placas,,Dupla,Não existe,,,
202220102,0,2022-08-28,,COM VÍTIMA,FINALIZADA,SÃO JOSÉ,C SANTA RITA,,,TERMINAL CAIS SANTA RITA,SÃO JOSÉ,,CIDADE,ATROPELAMENTO DE PESSOA,0,0,0,0,0,0,0,0,1,0,1,0,0,0,0,0,0,0,1,0,0,0,Outros,Bom,Não existe,Não existente,Seca,Perfeito estado,Não existe,Não há placas,,Única,Não existe,,,,
202220117,0,2022-08-28,,COM VÍTIMA,FINALIZADA,ÁGUA FRIA,RUA LADEIRA DE PEDRA,108,0,,SUBIDA DA LADEIRA DE PEDRA,ÁGUA FRIA,,SUBURBIO,COLISÃO TRASEIRA,1,0,1,0,0,0,0,0,0,0,0,0,0,0,0,0,0,0,1,0,0,0,Longo da via,Bom,Não existe,Perfeito estado,Seca,Mal conservada,Não existe,R-6a,,Dupla,Não existe,,,
202220126,0,2022-08-28,,COM VÍTIMA,FINALIZADA,BOA VIAGEM,RUA JOSE MARIA DE MIRANDA,299,0,,NA FRENTE DO HOSPITAL SEMUB,BOA VIAGEM,,,COLISÃO LATERAL,1,0,1,0,0,0,0,0,0,0,0,0,0,0,0,0,0,0,1,0,0,0,Cruzamento,Bom,Não existe,Incompleta,Seca,Perfeito estado,Faixa de pedestre,Placas Pare,,Única,Não existe,,,
202220136,0,2022-08-28,,COM VÍTIMA,FINALIZADA,IPSEP,AV RECIFE,,RUA GONCALVES DE MAGALHAES,PROX AO SAL E BRASA  E/F AO POSTO BR S/T BOA VIAGEM,IPSEP,393,0,,COLISÃO LATERAL,1,0,1,0,0,0,0,0,0,0,0,0,0,0,0,0,0,0,1,0,0,0,Cruzamento,Bom,Sem defeito,Perfeito estado,Seca,Perfeito estado,Faixa de pedestre,R-4a,60 km/h,Dupla,Canteiro central,,,
202220139,0,2022-08-28,,COM VÍTIMA,FINALIZADA,ILHA DO LEITE,VDO PAPA JOAO PAULO II,,,PROX AO HOSPITAL ESPERANÇA  S/T OLINDA,ILHA DO LEITE,,,COLISÃO FRONTAL,0,0,2,0,0,0,0,0,0,0,0,0,0,0,0,0,0,0,1,0,0,0,Viaduto,Bom,Não existe,Incompleta,Seca,Perfeito estado,Não existe,Não há placas,,Dupla,Canteiro central,,,,