Protocolo,,data,hora,natureza_acidente,situacao,bairro,endereco,numero,detalhe_endereco_acidente,complemento,bairro_cruzamento,num_semaforo,sentido_via,tipo,auto,moto,ciclom,ciclista,pedestre,onibus,caminhao,viatura,outros,vitimas,vitimasfatais,acidente_verificado,tempo_clima,situacao_semaforo,sinalizacao,condicao_via,conservacao_via,ponto_controle,situacao_placa,velocidade_max_via,mao_direcao,divisao_via1,divisao_via2,divisao_via3,,,,,,,,,,,,,
202220756,0,2022-09-03,,COM VÍTIMA,FINALIZADA,CASA AMARELA,AV NORTE MIGUEL ARRAES DE ALENCAR,,RUA VASCO DA GAMA,ENTRADA DO VASCO DA GAMA,CASA AMARELA,66,0,SUBURBIO,COLISÃO FRONTAL,0,0,1,0,0,0,0,0,0,0,1,0,0,0,0,0,0,0,2,0,0,0,Cruzamento,Bom,Sem defeito,Perfeito estado,Seca,Perfeito estado,Faixa de pedestre,Não há placas,60 km/h,Dupla,Canteiro central,,,
202220759,0,2022-09-03,,COM VÍTIMA,FINALIZADA,CAXANGÁ,AV CAXANGA,,,PRÓXIMO AO TERMINAL INTEGRADO DA CAXANGÁ ( GETÚLIO VARGAS),CAXANGÁ,80,0,CIDADE,ATROPELAMENTO DE PESSOA,0,0,1,0,0,0,0,0,1,0,0,0,0,0,0,0,0,0,1,0,0,0,Cruzamento,Bom,Sem defeito,Perfeito estado,Seca,Perfeito estado,Faixa de pedestre,Outras,,Dupla,Canteiro central,,,
202220763,0,2022-09-03,,SEM VÍTIMA,FINALIZADA,MADALENA,AV ENGENHEIRO ABDIAS DE CARVALHO,,,PRÓXIMO A FACULDADE ESTÁCIO,MADALENA,,CIDADE,CHOQUE,0,0,0,0,0,0,0,0,0,0,0,0,0,0,0,0,0,0,0,0,0,0,Longo da via,Bom,Desligado,Perfeito estado,Seca,Perfeito estado,Faixa de pedestre,R-6a,,Única,Faixa seccionada,,,,
202220765,0,2022-09-04,,COM VÍTIMA,FINALIZADA,CAXANGÁ,AV JOAQUIM RIBEIRO,,RUA RIBEIRO PESSOA,UPA DA CAXANGA,CAXANGÁ,281,0,,COLISÃO FRONTAL,1,0,1,0,0,0,0,0,0,0,0,0,0,0,0,0,0,0,1,0,0,0,,,,,,,,,,,,,,
202220769,0,2022-09-04,,COM VÍTIMA,FINALIZADA,JARDIM SÃO PAULO,AV RECIFE,449,0,,EM FRENTE A PICANHA REAL / HOTEL ESTORIL,JARDIM SÃO PAULO,704,0,,COLISÃO TRASEIRA,1,0,1,0,0,0,0,0,0,0,0,0,0,0,0,0,0,0,1,0,0,0,Longo da via,Bom,Sem defeito,Perfeito estado,Seca,Perfeito estado,Faixa de pedestre,Não há placas,60 km/h,Dupla,Canteiro central,,
202220787,0,2022-09-04,,COM VÍTIMA,FINALIZADA,MANGUEIRA,RUA DR JOAO ELISIO,247,0,,PRÓX. AO MERCADINHO SANTO ANTÔNIO,MANGUEIRA,,CIDADE,COLISÃO LATERAL,1,0,1,0,0,0,0,0,0,0,0,0,0,0,0,0,0,0,1,0,0,0,Longo da via,Bom,Não existe,Perfeito estado,Seca,Perfeito estado,Não existe,Não há placas,30 km/h,Dupla,Não existe,,,
202220809,0,2022-09-04,,SEM VÍTIMA,FINALIZADA,BONGI,EST DO BONGI,,,EM FRENTE A IGREJA DO BONGI,BONGI,,,COLISÃO LATERAL,0,0,0,0,0,0,0,0,0,0,0,0,0,0,0,0,0,0,0,0,0,0,,,,,,,,,,,,,,,
202220814,0,2022-09-04,,COM VÍTIMA,FINALIZADA,MADALENA,AV CAXANGA,,RUA JOAO IVO DA SILVA,PROX A CELPE DA CAXANGA,MADALENA,257,0,CIDADE,COLISÃO FRONTAL,1,0,1,0,0,0,0,0,0,0,0,0,0,0,0,0,0,0,1,0,0,0,Cruzamento,Nublado,Sem defeito,Perfeito estado,Seca,Perfeito estado,Faixa de pedestre,R-26,40 km/h,Dupla,Faixa contínua,,,
202220821,0,2022-09-04,,COM VÍTIMA,FINALIZADA,CASA AMARELA,RUA NOVA DESCOBERTA,144,0,RUA BUJARU,PROX AO CENTRO DE SAUDE MARIO MONTEIRO DE MELO,CASA AMARELA,,SUBURBIO,COLISÃO FRONTAL,1,0,1,0,0,0,0,0,0,0,0,0,0,0,0,0,0,0,1,0,0,0,Esquina,Bom,Não existe,Perfeito estado,Seca,Perfeito estado,,Outras,30 km/h,Dupla,,Faixa seccionada,,
202220835,0,2022-09-04,,COM VÍTIMA,FINALIZADA,ENCRUZILHADA,AV NORTE MIGUEL ARRAES DE ALENCAR,,AV JOAO DE BARROS,CRUZAMENTO COM JOOÃO DE BARROS,ENCRUZILHADA,43,0,SUBURBIO,COLISÃO LATERAL,1,0,1,0,0,0,0,0,0,0,0,0,0,0,0,0,0,0,2,0,0,0,Cruzamento,Chuvoso,Sem defeito,Perfeito estado,Molhada,Perfeito estado,Faixa de pedestre,R-6a,,Dupla,Canteiro central,,,
202220842,0,2022-09-05,,SEM VÍTIMA,FINALIZADA,BOA VIAGEM,AVENIDA CELSO FURTADO (VIA MANGUE),,,APÓS SUPERMERCADO EXTRA,BOA VIAGEM,,CIDADE,CHOQUE,0,0,0,0,0,0,0,0,0,0,0,0,0,0,0,0,0,0,0,0,0,0,,,,,,,,,,,,,,,
202220849,0,2022-09-05,,COM VÍTIMA,FINALIZADA,IMBIRIBEIRA,AV MARECHAL MASCARENHAS DE MORAES,2662,0,,SENT. AEROPORTO, EM FRENTE AO IMBIRIBEIRA DIESEL,IMBIRIBEIRA,7,0,SUBURBIO,COLISÃO TRASEIRA,1,0,1,0,0,0,0,0,0,0,0,0,0,0,0,0,0,0,1,0,0,0,Longo da via,Chuvoso,Sem defeito,Não existente,Molhada,Perfeito estado,Não existe,Não há placas,60 km/h,Única,Não existe,
202220857,0,2022-09-05,,COM VÍTIMA,FINALIZADA,MADALENA,RUA JOSE BONIFACIO,125,0,RUA URIEL PAES BARRETO,EM FRENTE A ANTIGA AMPLA, AGORA ESCOLA CULTURA INGLESA,MADALENA,,SUBURBIO,COLISÃO LATERAL,2,0,0,0,0,0,0,0,0,0,0,0,0,0,0,0,0,0,1,0,0,0,Cruzamento,Chuvoso,Não existe,Perfeito estado,Molhada,Perfeito estado,Não existe,Placas Pare,,Única,Faixa seccionada,,
202220860,0,2022-09-05,,SEM VÍTIMA,FINALIZADA,IMBIRIBEIRA,AV MARECHAL MASCARENHAS DE MORAES,,,PROXIMO A FACULDADE DE SAUDE,IMBIRIBEIRA,,,COLISÃO TRASEIRA,1,0,1,0,0,0,0,0,0,0,0,0,0,0,0,0,0,0,0,0,0,0,,,,,,,,,,,,,,,
202220862,0,2022-09-05,,COM VÍTIMA,FINALIZADA,AREIAS,RUA IPOJUCA,274,0,RUA CARUARU,PRÓX. À ESCOLA MUNICIPAL DE AREIAS,AREIAS,,CIDADE,COLISÃO LATERAL,1,0,1,0,0,0,0,0,0,0,0,0,0,0,0,0,0,0,1,0,0,0,Cruzamento,Chuvoso,Não existe,Perfeito estado,Molhada,Perfeito estado,Não existe,Placas Pare,30 km/h,Dupla,Não existe,,,
202220871,0,2022-09-05,,SEM VÍTIMA,FINALIZADA,BOA VIAGEM,RUA RIBEIRO DE BRITO,,AV CONSELHEIRO AGUIAR,SOB O SEMÁFORO,BOA VIAGEM,147,0,,CHOQUE,0,0,0,0,0,0,0,0,0,0,1,0,0,0,0,0,0,0,0,0,0,0,,,,,,,,,,,,,,
202220878,0,2022-09-05,,COM VÍTIMA,FINALIZADA,CABANGA,RUA GENERAL ESTILAC LEAL,439,0,,EM FRENTE AO 7º DEP.  SUP,CABANGA,,CIDADE,QUEDA,0,0,1,0,0,0,0,0,0,0,0,0,0,0,0,0,0,0,2,0,0,0,Longo da via,Bom,Não existe,Não existente,Oleosa,Perfeito estado,Não existe,Não há placas,,Dupla,Não existe,,,
202220879,0,2022-09-05,,COM VÍTIMA,FINALIZADA,TAMARINEIRA,AV CONS ROSA E SILVA,149,0,,APÓS O CORREIA PICANÇO,TAMARINEIRA,61,0,SUBURBIO,COLISÃO LATERAL,2,0,1,0,0,0,0,0,0,0,0,0,0,0,0,0,0,0,1,0,0,0,Longo da via,,Sem defeito,Perfeito estado,,Perfeito estado,Faixa de pedestre,R-6a,,Única,Canteiro central,,
202220915,0,2022-09-05,,COM VÍTIMA,FINALIZADA,JARDIM SÃO PAULO,RUA LEANDRO BARRETO,685,0,AV SAO PAULO,,JARDIM SÃO PAULO,507,0,SUBURBIO,COLISÃO TRASEIRA,1,0,2,0,0,0,0,0,0,0,0,0,0,0,0,0,0,0,1,0,0,0,Longo da via,Chuvoso,Sem defeito,Perfeito estado,Molhada,Perfeito estado,Faixa de pedestre,Não há placas,,Dupla,Não existe,,
202220920,0,2022-09-05,,COM VÍTIMA,CANCELADA,BOA VIAGEM,AV BOA VIAGEM,,,EM FRENTE A PRACINHA,BOA VIAGEM,,,COLISÃO TRASEIRA,1,0,1,0,0,0,0,0,0,0,0,0,0,0,0,0,0,0,1,0,0,0,,,,,,,,,,,,,,,
202220925,0,2022-09-05,,COM VÍTIMA,FINALIZADA,DERBY,RUA JENER DE SOUZA,,RUA AMAURI DE MEDEIROS,PRÓXIMO A ESCOLA MILITAR,DERBY,,,COLISÃO FRONTAL,1,0,1,0,0,0,0,0,0,0,0,0,0,0,0,0,0,0,1,0,0,0,Cruzamento,Chuvoso,Não existe,Perfeito estado,Molhada,Perfeito estado,Faixa de pedestre,Placas Pare,,Única,Canteiro central,,,,
202220959,0,2022-09-06,,SEM VÍTIMA,FINALIZADA,BARRO,AV DR JOSE RUFINO,2887,0,,,BARRO,,CIDADE,COLISÃO FRONTAL,2,0,0,0,0,0,0,0,0,0,0,0,0,0,0,0,0,0,0,0,0,0,Longo da via,Bom,Não existe,Não existente,Seca,Perfeito estado,Não existe,Não há placas,,Dupla,Faixa contínua,,,
202220966,0,2022-09-06,,COM VÍTIMA,FINALIZADA,ENCRUZILHADA,AV JOAO DE BARROS,,AV NORTE MIGUEL ARRAES DE ALENCAR,BANCO SANTANDER,ENCRUZILHADA,43,0,CIDADE,COLISÃO TRANSVERSAL,1,0,1,0,0,0,0,0,0,0,0,0,0,0,0,0,0,0,1,0,0,0,Cruzamento,Bom,Sem defeito,Perfeito estado,Seca,Perfeito estado,Agente,Outras,,Dupla,Canteiro central,,,
202220976,0,2022-09-06,,COM VÍTIMA,FINALIZADA,BOA VIAGEM,RUA MANOEL DE BRITO,,RUA MANOEL DE BRITO,ENTRADA DO TÚNEL,BOA VIAGEM,103,0,,COLISÃO LATERAL,1,0,1,0,0,0,0,0,0,0,0,0,0,0,0,0,0,0,1,0,0,0,Cruzamento,Bom,Sem defeito,Perfeito estado,Seca,Perfeito estado,Outros,Não há placas,,Única,Faixa contínua,,,
202220980,0,2022-09-06,,COM VÍTIMA,FINALIZADA,IBURA,RUA RIO PAJEU,123,0,,PROX A PADARIA  CRISTO REI,IBURA,,,COLISÃO TRASEIRA,2,0,0,0,0,0,0,0,0,0,0,0,0,0,0,0,0,0,1,0,0,0,Longo da via,Bom,Não existe,Não existente,Seca,Perfeito estado,Não existe,Não há placas,,Única,Não existe,,,
202220981,0,2022-09-06,,COM VÍTIMA,FINALIZADA,IBURA,RUA EXP FRANCISCO VITORIANO,280,0,,PROX AO POSTO DE SAUDE  E/ FA PADARIA DOCE MEL,IBURA,,,COLISÃO LATERAL,0,0,2,0,0,0,0,0,0,0,0,0,0,0,0,0,0,0,3,0,0,0,Longo da via,Bom,Não existe,Perfeito estado,Seca,Perfeito estado,Não existe,R-6a,,Dupla,Não existe,,,
202220986,0,2022-09-06,,COM VÍTIMA,FINALIZADA,GUABIRABA,AV VEREADOR OTACILIO AZEVEDO,2011,0,,POR TRAS DA EMPRESA DA GLOBO  S/T  BR,GUABIRABA,,,COLISÃO FRONTAL,0,0,1,0,0,0,0,0,0,0,0,0,1,0,0,0,0,0,1,0,0,0,Longo da via,Bom,Não existe,Incompleta,Seca,Perfeito estado,Não existe,Placas Pare,40 km/h,Dupla,Não existe,,,
202221000,0,2022-09-06,,COM VÍTIMA,FINALIZADA,MADALENA,RUA JOSE OSORIO,877,0,,EM FRENTE A MORAES MULTIMARCAS,MADALENA,,,COLISÃO LATERAL,1,0,1,0,0,0,0,0,0,0,0,0,0,0,0,0,0,0,1,0,0,0,Longo da via,Bom,Não existe,Perfeito estado,Seca,Perfeito estado,Não existe,R-6a,,Dupla,Faixa contínua,,,
202221001,0,2022-09-06,,COM VÍTIMA,FINALIZADA,ÁGUA FRIA,EST VELHA DE AGUA FRIA,,RUA CABO HONORIO,,ÁGUA FRIA,,,COLISÃO FRONTAL,1,0,1,0,0,0,0,0,0,0,0,0,0,0,0,0,0,0,1,0,0,0,Cruzamento,Bom,Não existe,Perfeito estado,Seca,Perfeito estado,Não existe,Outras,40 km/h,Dupla,Faixa contínua,,,,
202221004,0,2022-09-06,,SEM VÍTIMA,FINALIZADA,TEJIPIÓ,AV DR JOSE RUFINO,2993,0,,,TEJIPIÓ,,,,1,0,0,0,0,0,0,0,0,0,1,0,0,0,0,0,0,0,0,0,0,0,Longo da via,Bom,Não existe,Perfeito estado,Seca,Perfeito estado,Não existe,R-6a,,Dupla,Faixa contínua,,,
202221062,0,2022-09-07,,COM VÍTIMA,FINALIZADA,MADALENA,RUA JOSE BONIFACIO,272,0,,EM FRENTE À IGREJA METODISTA RECIFE,MADALENA,,,COLISÃO TRASEIRA,2,0,1,0,0,0,0,0,0,0,0,0,0,0,0,0,0,0,1,0,0,0,Longo da via,Bom,Não existe,Perfeito estado,Seca,Perfeito estado,Não existe,Não há placas,60 km/h,Única,Faixa seccionada,,,
202221067,0,2022-09-07,,SEM VÍTIMA,FINALIZADA,BOA VIAGEM,AV BOA VIAGEM,3962,0,RUA RIBEIRO DE BRITO,EM FRENTE EDF. QUEEM MARY,BOA VIAGEM,,CIDADE,,1,0,0,0,0,0,0,0,0,0,0,0,0,0,1,0,0,0,0,0,0,0,,Bom,Não existe,Perfeito estado,Seca,Perfeito estado,Outros,Outras,,Única,Faixa seccionada,,,
202221092,0,2022-09-07,,COM VÍTIMA,FINALIZADA,BOA VIAGEM,AV CONSELHEIRO AGUIAR,,RUA MARIA CAROLINA,ESQUINA DA FARMACIA PAGUE MENOS,BOA VIAGEM,,,COLISÃO LATERAL,1,0,1,0,0,0,0,0,0,0,0,0,0,0,0,0,0,0,1,0,0,0,Longo da via,Bom,Não existe,Perfeito estado,Seca,Perfeito estado,Não existe,R-6a,,Única,Faixa seccionada,,,,
202221098,0,2022-09-07,,SEM VÍTIMA,CANCELADA,SANTO AMARO,AV MARIO MELO,,RUA DA AURORA,,SANTO AMARO,,,COLISÃO TRASEIRA,1,0,0,0,0,0,0,0,0,0,1,0,0,0,0,0,0,0,0,0,0,0,,,,,,,,,,,,,,,
202221132,0,2022-09-08,,COM VÍTIMA,FINALIZADA,CASA FORTE,AV DEZESSETE DE AGOSTO,1515,0,,LABORATÓRIO EDMAR VICTOR,CASA FORTE,,,COLISÃO TRASEIRA,3,0,0,0,0,0,0,0,0,0,0,0,0,0,0,0,0,0,1,0,0,0,Longo da via,Bom,Não existe,Perfeito estado,Seca,Perfeito estado,Não existe,Outras,40 km/h,Dupla,Faixa contínua,,,
202221165,0,2022-09-08,,COM VÍTIMA,FINALIZADA,BOA VIAGEM,RUA PADRE CARAPUCEIRO,,,EM FRENTE À IGREJA UNIVERSAL,BOA VIAGEM,216,0,CIDADE,COLISÃO FRONTAL,1,0,1,0,0,0,0,0,0,0,0,0,0,0,0,0,0,0,1,0,0,0,Longo da via,Bom,Sem defeito,Perfeito estado,Seca,Perfeito estado,Faixa de pedestre,,60 km/h,Única,,,,
202221166,0,2022-09-08,,COM VÍTIMA,FINALIZADA,BOA VISTA,RUA DO PRINCIPE,114,0,RUA DO SOSSEGO,FARMÁCIA CANDEIA,BOA VISTA,,,COLISÃO TRASEIRA,1,0,1,0,0,0,0,0,0,0,0,0,0,0,0,0,0,0,1,0,0,0,,,,,,,,,,,,,,
202221170,0,2022-09-08,,COM VÍTIMA,FINALIZADA,TAMARINEIRA,AV NORTE MIGUEL ARRAES DE ALENCAR,,RUA CONEGO BARATA,,TAMARINEIRA,62,0,,COLISÃO TRANSVERSAL,1,0,1,0,0,0,0,0,0,0,0,0,0,0,0,0,0,0,1,0,0,0,Cruzamento,Bom,Sem defeito,Perfeito estado,Seca,Perfeito estado,Faixa de pedestre,R-4a,,Dupla,Canteiro central,,,
202221219,0,2022-09-09,,COM VÍTIMA,FINALIZADA,IMBIRIBEIRA,RUA MIS JOEL CARLSON,123,0,RUA ZEFERINO PINHO,RUA EM FRENTE A LASER ELETRO,IMBIRIBEIRA,,,COLISÃO LATERAL,1,0,1,0,0,0,0,0,0,0,0,0,0,0,0,0,0,0,1,0,0,0,Cruzamento,Bom,Não existe,Não existente,Seca,Perfeito estado,Não existe,Não há placas,30 km/h,Dupla,Não existe,,,
202221222,0,2022-09-09,,COM VÍTIMA,FINALIZADA,MADALENA,AV ENGENHEIRO ABDIAS DE CARVALHO,1079,0,RUA JOAO IVO DA SILVA,HABIBS,MADALENA,132,0,SUBURBIO,COLISÃO LATERAL,1,0,1,0,0,0,0,0,0,0,0,0,0,0,0,0,0,0,1,0,0,0,Cruzamento,Bom,Sem defeito,Perfeito estado,Seca,Perfeito estado,Faixa de pedestre,R-6a,60 km/h,Dupla,Faixa seccionada,Canteiro central,
202221243,0,2022-09-09,,SEM VÍTIMA,FINALIZADA,SANTO ANTÔNIO,RUA VINTE E QUATRO DE MAIO,183,0,,EM FRENTE A M&A CAMISARIA,SANTO ANTÔNIO,,SUBURBIO,FISCALIZAÇÃO,0,0,0,0,0,0,0,0,0,0,0,0,0,0,0,0,0,0,0,0,0,0,,,,,,,,,,,,,,
202221250,0,2022-09-09,,COM VÍTIMA,FINALIZADA,JOANA BEZERRA,VIADUTO CAPITAO TEMUDO,,,EM CIMA DO VIADUTO,JOANA BEZERRA,,,COLISÃO LATERAL,1,0,1,0,0,0,0,0,0,0,0,0,0,0,0,0,0,0,1,0,0,0,Viaduto,Bom,Não existe,Incompleta,Seca,Perfeito estado,Não existe,Não há placas,60 km/h,Única,Faixa seccionada,,,,
202221285,0,2022-09-09,,COM VÍTIMA,FINALIZADA,AREIAS,AV RECIFE,3060,0,,NA FRENTE DO SUPERMERCADO ECONOMICO,AREIAS,,SUBURBIO,COLISÃO LATERAL,0,0,2,0,0,0,0,0,0,0,0,0,0,0,0,0,0,0,1,0,0,0,Longo da via,Bom,Não existe,Perfeito estado,Seca,Perfeito estado,Não existe,R-6a,60 km/h,Única,Faixa seccionada,,,
202221310,0,2022-09-10,,SEM VÍTIMA,FINALIZADA,MADALENA,AV VISCONDE DE ALBUQUERQUE,,RUA LOPES DE CARVALHO,,MADALENA,,,COLISÃO FRONTAL,0,0,0,0,0,0,0,0,0,0,0,0,0,0,0,0,0,0,0,0,0,0,Cruzamento,Chuvoso,Não existe,Perfeito estado,Molhada,Perfeito estado,Não existe,R-6a,60KM/H,Única,Faixa seccionada,,,,
202221315,0,2022-09-10,,SEM VÍTIMA,FINALIZADA,BARRO,RUA FRANCISCO RUSSO,115,0,,PRÓXIMO AO PAGODE CHATOU,BARRO,,,CHOQUE,0,0,0,0,0,0,0,0,0,0,0,0,0,0,1,0,0,0,0,0,0,0,Longo da via,Bom,Não existe,Perfeito estado,Seca,Perfeito estado,Não existe,Não há placas,,Dupla,Não existe,,,
202221331,0,2022-09-10,,COM VÍTIMA,FINALIZADA,BOA VIAGEM,AVENIDA CELSO FURTADO (VIA MANGUE),,,PRÓXIMO AO ANTIGO LAÇA BURGUER/ SPETTUS,BOA VIAGEM,,CIDADE,COLISÃO LATERAL,1,0,1,0,0,0,0,0,0,0,0,0,0,0,0,0,0,0,1,0,0,0,Longo da via,Bom,Não existe,Perfeito estado,Seca,Perfeito estado,Outros,R-19,60 km/h,Dupla,Canteiro central,,,,
202221336,0,2022-09-10,,COM VÍTIMA,FINALIZADA,MADALENA,AV JOSE GONCALVES DE MEDEIROS,107,0,,EM FRENTE A MCDONALDS,MADALENA,,SUBURBIO,COLISÃO LATERAL,1,0,1,0,0,0,0,0,0,0,0,0,0,0,0,0,0,0,1,0,0,0,Longo da via,Bom,Sem defeito,Perfeito estado,Seca,Perfeito estado,Não existe,Não há placas,,Dupla,Faixa contínua,,,
202221347,0,2022-09-10,,COM VÍTIMA,FINALIZADA,BEBERIBE,AV BEBERIBE,1310,0,RUA DAS MOCAS,EM FRENTE AO CAMPO DO SANTA CRUZ,BEBERIBE,,CIDADE,COLISÃO LATERAL,1,0,1,0,0,0,0,0,0,0,0,0,0,0,0,0,0,0,1,0,0,0,Cruzamento,Bom,Não existe,Perfeito estado,Seca,Perfeito estado,Não existe,Não há placas,,Dupla,Faixa seccionada,,,
202221351,0,2022-09-10,,COM VÍTIMA,FINALIZADA,CAMPO GRANDE,RUA ODORICO MENDES,165,0,RUA VISCONDE DE CAIRU,APÓS A PEIXARIA TUDO DO MAR,CAMPO GRANDE,,,COLISÃO LATERAL,1,0,1,0,0,0,0,0,0,0,0,0,0,0,0,0,0,0,1,0,0,0,Cruzamento,Bom,Não existe,,Seca,Perfeito estado,Não existe,R-6a,,Dupla,,,,
202221358,0,2022-09-10,,COM VÍTIMA,FINALIZADA,TEJIPIÓ,AV DR JOSE RUFINO,2984,0,,EM FRENTE AO CONDOMINIO CASA SOLAR,TEJIPIÓ,,,COLISÃO FRONTAL,1,0,1,0,0,0,0,0,0,0,0,0,0,0,0,0,0,0,1,0,0,0,Longo da via,Bom,Sem defeito,Perfeito estado,Seca,Perfeito estado,Não existe,Não há placas,,Dupla,Faixa contínua,,,
202221368,0,2022-09-10,,SEM VÍTIMA,CANCELADA,ESTÂNCIA,AV ESTANCIA,58,0,,APOIS COLEGIO VISÃO,ESTÂNCIA,,SUBURBIO,COLISÃO LATERAL,2,0,0,0,0,0,0,0,0,0,0,0,0,0,0,0,0,0,0,0,0,0,,,,,,,,,,,,,,
202221390,0,2022-09-10,,COM VÍTIMA,FINALIZADA,IBURA,LAD DA COHAB,,AV DOIS RIOS,PRÓXIMO A POLICLINICA DO IBURA,IBURA,,SUBURBIO,COLISÃO FRONTAL,1,0,1,0,0,0,0,0,0,0,0,0,0,0,0,0,0,0,2,0,0,0,Longo da via,Bom,Não existe,Não existente,Molhada,Perfeito estado,Não existe,Não há placas,,Dupla,Não existe,,,,
202221396,0,2022-09-11,,COM VÍTIMA,CANCELADA,IBURA,AV MATO GROSSO,1134,0,,APÓS A CURVA DO S E DEPOIS DA ESCOLA MARIA SAMPAIO,IBURA,,,COLISÃO LATERAL,1,0,1,0,0,0,0,0,0,0,0,0,0,0,0,0,0,0,1,0,0,0,,,,,,,,,,,,,,
202221448,0,2022-09-11,,COM VÍTIMA,FINALIZADA,BOA VIAGEM,RUA SETUBAL,,RUA BARAO DE SOUZA LEAO,PROX A IGREJINHA DE BOA VIAGEM  NO SEMAFORO 419,BOA VIAGEM,419,0,SUBURBIO,COLISÃO LATERAL,1,0,1,0,0,0,0,0,0,0,0,0,0,0,0,0,0,0,1,0,0,0,Cruzamento,Bom,Sem defeito,Perfeito estado,Seca,Perfeito estado,Faixa de pedestre,Não há placas,,Única,Faixa seccionada,,,
202221449,0,2022-09-11,,COM VÍTIMA,FINALIZADA,BOA VIAGEM,RUA BARAO DE SOUZA LEAO,,AV ENGENHEIRO DOMINGOS FERREIRA,E/F AO BOA VIAGEM MEDICAL CENTER,BOA VIAGEM,129,0,SUBURBIO,COLISÃO COM CICLISTA,0,0,0,0,0,0,1,0,0,0,1,0,0,0,0,0,0,0,1,0,0,0,Cruzamento,Bom,Sem defeito,Perfeito estado,Seca,Perfeito estado,Faixa de pedestre,Outras,,Única,Faixa seccionada,,,
202221452,0,2022-09-11,,SEM VÍTIMA,FINALIZADA,CASA AMARELA,AV NORTE MIGUEL ARRAES DE ALENCAR,,,NA SUBIDA DO ALTO JOSE D PINHO,CASA AMARELA,,,COLISÃO LATERAL,1,0,0,0,0,0,0,0,0,0,0,0,0,0,0,0,1,0,0,0,0,0,Cruzamento,Bom,Sem defeito,Perfeito estado,Seca,Perfeito estado,Faixa de pedestre,Outras,,Dupla,Canteiro central,,,,
202221453,0,2022-09-11,,COM VÍTIMA,FINALIZADA,ARRUDA,RUA DO TRIUNFO,400,0,RUA DO MACHADO,E/F AO  ESTADIO DO  SANTA  CRUZ,ARRUDA,,SUBURBIO,COLISÃO LATERAL,0,0,2,0,0,0,0,0,0,0,0,0,0,0,0,0,0,0,2,0,0,0,Cruzamento,Bom,Não existe,Perfeito estado,Seca,Perfeito estado,Não existe,Placas Pare,,Dupla,Não existe,,,
202221462,0,2022-09-11,,COM VÍTIMA,FINALIZADA,MACAXEIRA,RUA MARIA CANDIDA,73,0,AV NORTE MIGUEL ARRAES DE ALENCAR,APÓS PARQUE DA MACAXEIRA,MACAXEIRA,296,0,SUBURBIO,COLISÃO FRONTAL,0,0,2,0,0,0,0,0,0,0,0,0,0,0,0,0,0,0,1,0,0,0,Longo da via,Bom,Sem defeito,Perfeito estado,Seca,Perfeito estado,Não existe,Não há placas,,Dupla,Não existe,,
202221469,0,2022-09-11,,COM VÍTIMA,CANCELADA,ALTO SANTA TERESINHA,AV ANIBAL BENEVOLO,1145,0,,MERCADINHO PASSIRA,ALTO SANTA TERESINHA,,,COLISÃO FRONTAL,1,0,1,0,0,0,0,0,0,0,0,0,0,0,0,0,0,0,1,0,0,0,,,,,,,,,,,,,,
202221472,0,2022-09-12,,SEM VÍTIMA,FINALIZADA,IMBIRIBEIRA,AV MARECHAL MASCARENHAS DE MORAES,,,EM FRENTE A JUSTIÇA DO TRABALHO,IMBIRIBEIRA,,CIDADE,COLISÃO TRANSVERSAL,1,0,0,0,0,0,0,0,0,0,1,0,0,0,0,0,0,0,0,0,0,0,,,,,,,,,,,,,,,
202221499,0,2022-09-12,,COM VÍTIMA,FINALIZADA,VASCO DA GAMA,RUA ALTO DO EUCALIPTO,,AV VEREADOR OTACILIO AZEVEDO,POR TRÁS DO RESIDENCIAL DOM HÉLDER / PRÓX À IGREJA ANGLICANA SÃO PAULO,VASCO DA GAMA,,,COLISÃO LATERAL,0,0,1,0,0,0,0,0,0,0,1,0,0,0,0,0,0,0,1,0,0,0,Longo da via,Bom,Não existe,Não existente,Seca,Perfeito estado,Não existe,Não há placas,30 km/h,Dupla,Não existe,,,,
202221525,0,2022-09-12,,COM VÍTIMA,FINALIZADA,AFLITOS,RUA CARNEIRO VILELA,688,0,,EM FRENTE A KAPTAVI PILATES E FISIOTERAPIA,AFLITOS,,SUBURBIO,COLISÃO LATERAL,1,0,1,0,0,0,0,0,0,0,0,0,0,0,0,0,0,0,1,0,0,0,Longo da via,Bom,Não existe,Não existente,Seca,Perfeito estado,Não existe,Não há placas,,Única,Não existe,,,
202221542,0,2022-09-12,,COM VÍTIMA,CANCELADA,CASA FORTE,AV DEZESSETE DE AGOSTO,,,EM FRENTE A CULTURA INGLESA,CASA FORTE,,,COLISÃO TRASEIRA,0,0,2,0,0,0,0,0,0,0,0,0,0,0,0,0,0,0,1,0,0,0,,,,,,,,,,,,,,,
202221559,0,2022-09-12,,COM VÍTIMA,FINALIZADA,CAMPO GRANDE,RUA JERONIMO VILELA,,RUA DR MACHADO,CRUZAMENTO,CAMPO GRANDE,565,0,SUBURBIO,COLISÃO LATERAL,1,0,1,0,0,0,0,0,0,0,0,0,0,0,0,0,0,0,1,0,0,0,Cruzamento,Bom,Sem defeito,Perfeito estado,Seca,Perfeito estado,Faixa de pedestre,Outras,30 km/h,Dupla,Faixa seccionada,,,
202221563,0,2022-09-12,,COM VÍTIMA,CANCELADA,IPSEP,AV SALDANHA MARINHO,,,POR TRAS DO COLEGIO LAURO DINIZ,IPSEP,,,COLISÃO FRONTAL,1,0,1,0,0,0,0,0,0,0,0,0,0,0,0,0,0,0,1,0,0,0,,,,,,,,,,,,,,,