Protocolo,,data,hora,natureza_acidente,situacao,bairro,endereco,numero,detalhe_endereco_acidente,complemento,bairro_cruzamento,num_semaforo,sentido_via,tipo,auto,moto,ciclom,ciclista,pedestre,onibus,caminhao,viatura,outros,vitimas,vitimasfatais,acidente_verificado,tempo_clima,situacao_semaforo,sinalizacao,condicao_via,conservacao_via,ponto_controle,situacao_placa,velocidade_max_via,mao_direcao,divisao_via1,divisao_via2,divisao_via3,,,,,,,,,,,,,
202221568,0,2022-09-12,,SEM VÍTIMA,FINALIZADA,IMBIRIBEIRA,AV MARECHAL MASCARENHAS DE MORAES,,,ANTES DA UNIVERSO,IMBIRIBEIRA,,CIDADE,CHOQUE,1,0,0,0,0,0,0,0,0,0,0,0,0,0,0,0,0,0,0,0,0,0,Cruzamento,Bom,Sem defeito,Perfeito estado,Seca,Perfeito estado,Faixa de pedestre,Não há placas,,Dupla,Canteiro central,Faixa contínua,,,
202221591,0,2022-09-13,,COM VÍTIMA,FINALIZADA,SANTO AMARO,AV CRUZ CABUGA,449,0,RUA ARARIPINA,,SANTO AMARO,,SUBURBIO,COLISÃO TRANSVERSAL,1,0,1,0,0,0,0,0,0,0,0,0,0,0,0,0,0,0,2,0,0,0,Longo da via,Bom,Não existe,Perfeito estado,Seca,Perfeito estado,Não existe,Não há placas,,Dupla,Faixa contínua,Faixa seccionada,,
202221592,0,2022-09-13,,COM VÍTIMA,FINALIZADA,TEJIPIÓ,RUA FALCAO DE LACERDA,299,0,,EM FRENTE AO CARTÓRIO CIVIL,TEJIPIÓ,411,0,CIDADE,COLISÃO FRONTAL,0,0,2,0,0,0,0,0,0,0,0,0,0,0,0,0,0,0,2,0,0,0,Longo da via,Bom,Sem defeito,Perfeito estado,Seca,Perfeito estado,Faixa de pedestre,Não há placas,60 km/h,Dupla,Faixa contínua,,
202221605,0,2022-09-13,,COM VÍTIMA,FINALIZADA,AFOGADOS,RUA VINTE E UM DE ABRIL,1254,0,AV MANOEL GONCALVES DA LUZ,PROX. AO ARMAZEM CONSTRUAÇO,AFOGADOS,245,0,CIDADE,COLISÃO COM CICLISTA,0,0,1,0,0,0,1,0,0,0,0,0,0,0,0,0,0,0,1,0,0,0,Longo da via,Bom,Sem defeito,Incompleta,Seca,Mal conservada,Faixa de pedestre,Não há placas,40 km/h,Dupla,Faixa seccionada,Faixa contínua,
202221611,0,2022-09-13,,COM VÍTIMA,FINALIZADA,CORDEIRO,AV CAXANGA,2319,0,RUA CLAUDIO BROTHERHOOD,SOB O SEMÁFORO: 235,CORDEIRO,235,0,CIDADE,COLISÃO COM CICLISTA,1,0,0,0,0,0,1,0,0,0,0,0,0,0,0,0,0,0,1,0,0,0,Outros,Bom,Sem defeito,Ilegível,Seca,Perfeito estado,Outros,Não há placas,60 km/h,Única,Faixa seccionada,,
202221614,0,2022-09-13,,SEM VÍTIMA,FINALIZADA,BAIRRO DO RECIFE,CAIS DO APOLO,,,EM FGRENTE A PREFEITURA,BAIRRO DO RECIFE,,,COLISÃO TRASEIRA,2,0,0,0,0,0,0,0,0,0,0,0,0,0,0,0,0,0,0,0,0,0,Longo da via,Bom,Não existe,Perfeito estado,Seca,Perfeito estado,Faixa de pedestre,R-6a,,Única,Faixa contínua,,,,
202221634,0,2022-09-13,,COM VÍTIMA,FINALIZADA,ILHA JOANA BEZERRA,VIADUTO CAPITAO TEMUDO,,,SENT. OLINDA NO MEIO DO VIADULTO CAP. TEMUDO,ILHA JOANA BEZERRA,,SUBURBIO,COLISÃO TRASEIRA,0,0,1,0,0,0,0,0,0,0,1,0,0,0,0,0,0,0,2,0,0,0,Longo da via,Bom,Não existe,Perfeito estado,Seca,Perfeito estado,Não existe,Não há placas,,Dupla,Outros,,,,
202221659,0,2022-09-13,,COM VÍTIMA,FINALIZADA,ESPINHEIRO,RUA QUARENTA E OITO,815,0,,EM FRENTE AO RESTAURANTE SABOR DO RANCHO,ESPINHEIRO,,,COLISÃO TRASEIRA,3,0,0,0,0,0,0,0,0,0,0,0,0,0,0,0,0,0,1,0,0,0,,,,,,,,,,,,,,
202221660,0,2022-09-13,,COM VÍTIMA,FINALIZADA,ILHA DO RETIRO,AV ENGENHEIRO ABDIAS DE CARVALHO,,,EM FRENTE A ESTAÇÃO DA CELPE,ILHA DO RETIRO,,CIDADE,COLISÃO TRASEIRA,1,0,1,0,0,0,0,0,0,0,0,0,0,0,0,0,0,0,2,0,0,0,Longo da via,Bom,Sem defeito,Perfeito estado,Seca,Perfeito estado,Não existe,Não há placas,,Dupla,Canteiro central,,,,
202221669,0,2022-09-13,,COM VÍTIMA,FINALIZADA,AFOGADOS,RUA SAO MIGUEL,1935,0,,PROXIMO AO POSTO IPIRANGA,AFOGADOS,,CIDADE,COLISÃO LATERAL,1,0,1,0,0,0,0,0,0,0,0,0,0,0,0,0,0,0,1,0,0,0,Longo da via,Bom,Não existe,Perfeito estado,Seca,Perfeito estado,Não existe,Outras,30 km/h,Dupla,Faixa contínua,,,
202221679,0,2022-09-13,,COM VÍTIMA,CANCELADA,TORRE,RUA MARCOS ANDRE,200,0,,EM FRENTE AO EDIFICIO SAINT ANDRE,TORRE,,,COLISÃO TRASEIRA,1,0,1,0,0,0,0,0,0,0,0,0,0,0,0,0,0,0,1,0,0,0,,,,,,,,,,,,,,
202221687,0,2022-09-13,,COM VÍTIMA,FINALIZADA,ESPINHEIRO,RUA DO ESPINHEIRO,,RUA SANTO ELIAS,POSTO DE GASOLINA,ESPINHEIRO,,SUBURBIO,COLISÃO LATERAL,1,0,1,0,0,0,0,0,0,0,0,0,0,0,0,0,0,0,1,0,0,0,Cruzamento,Bom,Não existe,Perfeito estado,Seca,Perfeito estado,Outros,Placas Pare,,Dupla,Outros,,,,
202221690,0,2022-09-14,,COM VÍTIMA,FINALIZADA,BONGI,AV ENGENHEIRO ABDIAS DE CARVALHO,1803,0,,FERNANDES PISO E CONSTRUÇÕES,BONGI,,CIDADE,CHOQUE,0,0,0,0,0,0,0,0,0,0,0,0,0,0,0,0,0,0,1,0,0,0,,,,,,,,,,,,,,
202221706,0,2022-09-14,,COM VÍTIMA,FINALIZADA,ENCRUZILHADA,RUA PADRE MIGUELINHO,29,0,RUA AUGUSTO RODRIGUES,PROX. PRAÇA TORREÃO,ENCRUZILHADA,,,COLISÃO LATERAL,1,0,1,0,0,0,0,0,0,0,0,0,0,0,0,0,0,0,2,0,0,0,Cruzamento,Bom,Não existe,Perfeito estado,Seca,Perfeito estado,Não existe,Outras,,Única,Não existe,,,
202221711,0,2022-09-14,,COM VÍTIMA,FINALIZADA,CASA AMARELA,AV NORTE MIGUEL ARRAES DE ALENCAR,5121,0,,REI DA PICANHA,CASA AMARELA,677,0,CIDADE,COLISÃO TRASEIRA,1,0,1,0,0,0,0,0,0,0,0,0,0,0,0,0,0,0,1,0,0,0,Longo da via,Bom,Sem defeito,Perfeito estado,Seca,Perfeito estado,Faixa de pedestre,Outras,50 km/h,Dupla,Canteiro central,,
202221728,0,2022-09-14,,SEM VÍTIMA,FINALIZADA,CORDEIRO,AV INACIO MONTEIRO,,RUA N S DA SAUDE,DROGASIL / SEMÁFORO 234,CORDEIRO,,,COLISÃO LATERAL,1,0,0,0,0,0,0,0,0,0,0,0,0,0,1,0,0,0,0,0,0,0,Cruzamento,Bom,Sem defeito,Perfeito estado,Seca,Perfeito estado,Faixa de retenção,Não há placas,60KM/H,Única,Faixa contínua,,,,
202221738,0,2022-09-14,,COM VÍTIMA,FINALIZADA,MADALENA,AV JOSE GONCALVES DE MEDEIROS,138,0,RUA COMENDADOR BENTO AGUIAR,PROXIMO A FARMACIA PAGUE MENOS,MADALENA,,CIDADE,COLISÃO FRONTAL,1,0,1,0,0,0,0,0,0,0,0,0,0,0,0,0,0,0,1,0,0,0,Cruzamento,Bom,Não existe,Perfeito estado,Seca,Perfeito estado,Não existe,Não há placas,,Dupla,Não existe,,,
202221754,0,2022-09-14,,SEM VÍTIMA,FINALIZADA,BOA VISTA,RUA DO PRINCIPE,,,EM FRENTE A FACULDADE DE DIREITO DO RECIFE,BOA VISTA,,,COLISÃO LATERAL,0,0,0,0,0,0,0,0,0,0,1,0,0,0,1,0,0,0,0,0,0,0,Longo da via,Chuvoso,Sem defeito,Perfeito estado,Molhada,Perfeito estado,Faixa de pedestre,Outras,,Única,Canteiro central,,,,
202221756,0,2022-09-14,,SEM VÍTIMA,CANCELADA,IBURA,AV RIO LARGO,,,PROX AO MERCADO PROABI,IBURA,,,COLISÃO TRASEIRA,1,0,0,0,0,0,0,0,0,0,1,0,0,0,0,0,0,0,0,0,0,0,,,,,,,,,,,,,,,
202221760,0,2022-09-14,,COM VÍTIMA,FINALIZADA,BOA VIAGEM,RUA VISCONDE DE JEQUITINHONHA,1280,0,RUA ENGENHEIRO ZAEL DIOGENES,DEPOIS DO HOTEL ATLANTE PLAZA,BOA VIAGEM,,SUBURBIO,COLISÃO TRASEIRA,1,0,1,0,0,0,0,0,0,0,0,0,0,0,0,0,0,0,1,0,0,0,Esquina,Bom,Não existe,Perfeito estado,Seca,Perfeito estado,Não existe,,,Única,Canteiro central,,,
202221765,0,2022-09-14,,COM VÍTIMA,FINALIZADA,PINA,AV ANTONIO DE GOES,,,DEPOIS DA  POLICIA RODOVIARIA FEDERAL DO PINA,PINA,,CIDADE,COLISÃO TRASEIRA,1,0,1,0,0,0,0,0,0,0,0,0,0,0,0,0,0,0,1,0,0,0,Ponte,Bom,Não existe,Perfeito estado,Seca,Perfeito estado,Não existe,Outras,60 km/h,Única,Canteiro central,,,,
202221775,0,2022-09-14,,COM VÍTIMA,FINALIZADA,SAN MARTIN,AV GENERAL SAN MARTIN,,AV CONSUL VILARES FRAGOSO,PROX. DO QUARTEL DA CAVALERIA,SAN MARTIN,326,0,,COLISÃO FRONTAL,1,0,1,0,0,0,0,0,0,0,0,0,0,0,0,0,0,0,2,0,0,0,Cruzamento,Chuvoso,Sem defeito,Incompleta,Molhada,Perfeito estado,Outros,Não há placas,40 km/h,Única,Não existe,,,
202221776,0,2022-09-14,,COM VÍTIMA,FINALIZADA,MADALENA,AV BEIRA RIO,591,0,,EM FRENTE AO EDF. SOBRADO DO CAPIBARIBE,MADALENA,,SUBURBIO,COLISÃO LATERAL,1,0,1,0,0,0,0,0,0,0,0,0,0,0,0,0,0,0,1,0,0,0,Longo da via,Bom,Não existe,Perfeito estado,Seca,Perfeito estado,Não existe,R-6a,,Dupla,Faixa seccionada,,,
202221806,0,2022-09-15,,COM VÍTIMA,FINALIZADA,MADALENA,AV PROFESSOR ESTEVAO FRANCISCO DA COSTA,,AV CAXANGA,PRÓX. À RINALDO MOTOS,MADALENA,,CIDADE,COLISÃO LATERAL,0,0,2,0,0,0,0,0,0,0,0,0,0,0,0,0,0,0,2,0,0,0,Longo da via,Bom,Sem defeito,Perfeito estado,Seca,Perfeito estado,Não existe,Não há placas,,Única,Não existe,,,,
202221811,0,2022-09-15,,SEM VÍTIMA,FINALIZADA,CAMPO GRANDE,RUA FRANKLIN TAVORA,,RUA VOLUNTARIOS DA PATRIA,PROX. AO CENTRO BUDISTA DRUKPA RECIFE,CAMPO GRANDE,,,COLISÃO LATERAL,2,0,0,0,0,0,0,0,0,0,0,0,0,0,0,0,0,0,0,0,0,0,Longo da via,Bom,Não existe,Perfeito estado,Seca,Perfeito estado,Não existe,Não há placas,,Dupla,Não existe,,,,
202221828,0,2022-09-15,,SEM VÍTIMA,FINALIZADA,IBURA,AV SAO PAULO,183,0,,EM FRENTE AO ARMAZEM DO GOMES,IBURA,,,COLISÃO LATERAL,1,0,0,0,0,0,0,0,0,0,1,0,0,0,0,0,0,0,0,0,0,0,Longo da via,Bom,Não existe,Perfeito estado,Seca,Perfeito estado,Não existe,Não há placas,,Dupla,Não existe,,,
202221853,0,2022-09-15,,SEM VÍTIMA,FINALIZADA,ESPINHEIRO,RUA AMELIA,280,0,RUA DO ESPINHEIRO,E/F A GALERIA DA LUMI,ESPINHEIRO,,,COLISÃO LATERAL,1,0,0,0,0,0,0,0,0,0,1,0,0,0,0,0,0,0,0,0,0,0,Cruzamento,Bom,Sem defeito,Perfeito estado,Seca,Perfeito estado,Faixa de retenção,Outras,,Única,Faixa seccionada,,,
202221862,0,2022-09-15,,COM VÍTIMA,FINALIZADA,JOANA BEZERRA,AV MARTIN LUTHER KING,4,0,,PROXIMO AO CAMPO DO BARRO,JOANA BEZERRA,,CIDADE,COLISÃO LATERAL,0,0,1,0,0,0,0,0,0,0,1,0,0,0,0,0,0,0,1,0,0,0,Cruzamento,Bom,Não existe,Incompleta,Seca,Perfeito estado,Não existe,R-6a,60 km/h,Dupla,Não existe,,,
202221873,0,2022-09-15,,SEM VÍTIMA,FINALIZADA,AREIAS,,,,HOSPITAL DE AREIAS,AREIAS,,,COLISÃO TRASEIRA,1,0,0,0,0,0,0,0,0,0,0,0,0,0,1,0,0,0,0,0,0,0,Longo da via,Bom,Não existe,Incompleta,Seca,Perfeito estado,Não existe,Não há placas,,Dupla,Não existe,,,,
202221875,0,2022-09-15,,COM VÍTIMA,FINALIZADA,BOA VIAGEM,RUA SA E SOUZA,45,0,RUA ANTONIO VICENTE,ESTACIONAMENTO DO COLEGIO MADRE DE DEUS,BOA VIAGEM,,SUBURBIO,COLISÃO LATERAL,1,0,1,0,0,0,0,0,0,0,0,0,0,0,0,0,0,0,1,0,0,0,Cruzamento,Bom,Não existe,Não existente,Seca,Mal conservada,Não existe,Não há placas,30 km/h,Dupla,Não existe,,,
202221882,0,2022-09-15,,COM VÍTIMA,FINALIZADA,BOA VIAGEM,AV DOM JOAO VI,,,PROX A LOMBADA ELETRONICA (COLÉGIO GGE),BOA VIAGEM,,SUBURBIO/ PIEDADE,COLISÃO LATERAL,1,0,1,0,0,0,0,0,0,0,0,0,0,0,0,0,0,0,1,0,0,0,Longo da via,Bom,Não existe,Perfeito estado,Seca,Perfeito estado,Não existe,Não há placas,50 km/h,Única,Faixa seccionada,,,,
202221887,0,2022-09-15,,SEM VÍTIMA,FINALIZADA,IMBIRIBEIRA,AV MARECHAL MASCARENHAS DE MORAES,7935C,,PROX A EMBREAGEM FRIO DIREÇÃO HIDRAULICA,IMBIRIBEIRA,,CIDADE,COLISÃO FRONTAL,1,0,0,0,0,0,0,0,0,0,0,0,0,0,1,0,0,0,0,0,0,0,Longo da via,Bom,Sem defeito,Perfeito estado,Seca,Perfeito estado,Não existe,Não há placas,,Única,Faixa seccionada,,,,
202221891,0,2022-09-15,,COM VÍTIMA,FINALIZADA,HIPÓDROMO,EST DE BELEM,313,0,RUA ANTONIO RANGEL,EM FRENTE A QUITANDARIA,HIPÓDROMO,201,0,,COLISÃO LATERAL,1,0,1,0,0,0,0,0,0,0,0,0,0,0,0,0,0,0,1,0,0,0,Cruzamento,Bom,Sem defeito,Perfeito estado,Seca,Perfeito estado,Faixa de pedestre,R-6a,,Dupla,Não existe,,
202221929,0,2022-09-16,,COM VÍTIMA,FINALIZADA,MADALENA,RUA JOSE OSORIO,707,0,,PERU VEÍCULOS / REALIZE CAR,MADALENA,,SUBURBIO,ATROPELAMENTO DE PESSOA,0,0,1,0,0,0,0,0,1,0,0,0,0,0,0,0,0,0,2,0,0,0,Longo da via,Bom,Não existe,Perfeito estado,Seca,Perfeito estado,Não existe,Outras,40 km/h,Dupla,Faixa contínua,,,
202221931,0,2022-09-16,,COM VÍTIMA,FINALIZADA,SANTO AMARO,AV CRUZ CABUGA,,,PROXIMO AO SHOPPING TACARUNA. EM FRENTE A PARADA DO BRT,SANTO AMARO,468,0,CIDADE,ATROPELAMENTO DE PESSOA,0,0,1,0,0,0,0,0,1,0,0,0,0,0,0,0,0,0,1,0,0,0,Longo da via,Bom,Sem defeito,Perfeito estado,Seca,Perfeito estado,Faixa de pedestre,Não há placas,60 km/h,Única,Faixa seccionada,,,
202221932,0,2022-09-16,,COM VÍTIMA,FINALIZADA,CAXANGÁ,AV CAXANGA,,,EM BAIXO DO VIADUTO, EM FRENTE AO TERMINAL CDU,CAXANGÁ,,CIDADE,ATROPELAMENTO DE PESSOA,0,0,1,0,0,0,0,0,1,0,0,0,0,0,0,0,0,0,1,0,0,0,Longo da via,Bom,Não existe,Perfeito estado,Seca,Perfeito estado,Não existe,Não há placas,60 km/h,Dupla,Canteiro central,,,
202221934,0,2022-09-16,,COM VÍTIMA,FINALIZADA,CASA AMARELA,AV NORTE MIGUEL ARRAES DE ALENCAR,5121,0,RUA BELA VISTA,EM FRENTE A BIKE NORTE, SENT. MACAXEIRA,CASA AMARELA,677,0,SUBURBIO,COLISÃO LATERAL,1,0,1,0,0,0,0,0,0,0,0,0,0,0,0,0,0,0,1,0,0,0,Cruzamento,Bom,Sem defeito,Perfeito estado,Seca,Perfeito estado,Faixa de pedestre,Não há placas,,Única,Canteiro central,
202221988,0,2022-09-16,,COM VÍTIMA,CANCELADA,APIPUCOS,RUA DE APIPUCOS,,,EM FRENTE AO MOTEL SENZALA,APIPUCOS,1078,0,,COLISÃO TRASEIRA,0,0,2,0,0,0,0,0,0,0,0,0,0,0,0,0,0,0,1,0,0,0,,,,,,,,,,,,,,
202221998,0,2022-09-16,,COM VÍTIMA,CANCELADA,BONGI,EST DO BONGI,,,E/F A IGREJA BATISTA DO BONGI,BONGI,,,COLISÃO COM CICLISTA,1,0,0,0,0,0,1,0,0,0,0,0,0,0,0,0,0,0,1,0,0,0,,,,,,,,,,,,,,,
202222007,0,2022-09-16,,COM VÍTIMA,FINALIZADA,SANTO ANTÔNIO,PTE DO LIMOEIRO,,,EM FRENTE AO ANTIGO DE COVID-19 DO RECIFE,SANTO ANTÔNIO,243,0,CIDADE / PREFEITURA DO RECIFE,COLISÃO COM CICLISTA,0,0,1,0,0,0,1,0,0,0,0,0,0,0,0,0,0,0,2,0,0,0,Longo da via,Bom,Sem defeito,Perfeito estado,Seca,Perfeito estado,Faixa de pedestre,Não há placas,60 km/h,Dupla,Faixa contínua,,,
202222028,0,2022-09-16,,COM VÍTIMA,FINALIZADA,ESPINHEIRO,RUA SANTO ELIAS,169,0,RUA CONS PORTELA,EM FRENTE AO POSTO DE COMBUSTÍVEL,ESPINHEIRO,,CIDADE,COLISÃO FRONTAL,1,0,1,0,0,0,0,0,0,0,0,0,0,0,0,0,0,0,1,0,0,0,Longo da via,Bom,Não existe,Perfeito estado,Seca,Perfeito estado,Não existe,R-6a,30 km/h,Dupla,Não existe,,,
202222029,0,2022-09-16,,COM VÍTIMA,FINALIZADA,PARNAMIRIM,RUA JOAO TUDE DE MELO,,,SOBRE O VIADUTO DA TORRE,PARNAMIRIM,,,COLISÃO LATERAL,1,0,1,0,0,0,0,0,0,0,0,0,0,0,0,0,0,0,1,0,0,0,,,,,,,,,,,,,,,
202222038,0,2022-09-17,,COM VÍTIMA,FINALIZADA,AFOGADOS,EST DOS REMEDIOS,1052,0,,CLAYTON ALTO PEÇAS E SERVIÇOS,AFOGADOS,,CIDADE,COLISÃO LATERAL,1,0,1,0,0,0,0,0,0,0,0,0,0,0,0,0,0,0,1,0,0,0,Longo da via,Bom,Sem defeito,Incompleta,Seca,Perfeito estado,Faixa de pedestre,R-6a,60 km/h,Única,Faixa seccionada,,,
202222068,0,2022-09-17,,COM VÍTIMA,FINALIZADA,SANTO AMARO,RUA DOS PALMARES,140,0,RUA MAJOR CODECEIRA,EM FRENTE AO PROCAPE,SANTO AMARO,,SUBURBIO,COLISÃO LATERAL,1,0,1,0,0,0,0,0,0,0,0,0,0,0,0,0,0,0,1,0,0,0,Cruzamento,Bom,Não existe,Perfeito estado,Seca,Perfeito estado,Outros,Outras,,Única,Faixa,,,
202222072,0,2022-09-17,,COM VÍTIMA,FINALIZADA,ARRUDA,AV BEBERIBE,1253,0,,ESTÁDIO DO SANTA CUZ,ARRUDA,,,COLISÃO TRASEIRA,1,0,1,0,0,0,0,0,0,0,0,0,0,0,0,0,0,0,1,0,0,0,Cruzamento,Bom,Não existe,Incompleta,Seca,Perfeito estado,Outros,Outras,,Dupla,Faixa contínua,,,
202222074,0,2022-09-17,,COM VÍTIMA,CANCELADA,ALTO JOSÉ DO PINHO,RUA HORACIO SILVA,,,NA SUBIDA DA LADEIRA DO ALTO JOSE DO PINHO  E/F A IGREJA ASSEMBLEIA DE DEUS,ALTO JOSÉ DO PINHO,,,COLISÃO LATERAL,1,0,1,0,0,0,0,0,0,0,0,0,0,0,0,0,0,0,1,0,0,0,,,,,,,,,,,,,,,
202222079,0,2022-09-17,,COM VÍTIMA,FINALIZADA,BOMBA DO HEMETÉRIO,RUA ARLINDO CISNEIRO,951,0,,PROX A PADARIA RECORD,BOMBA DO HEMETÉRIO,,SUBURBIO,COLISÃO LATERAL,2,0,1,0,0,0,0,0,0,0,0,0,0,0,0,0,0,0,1,0,0,0,Longo da via,Bom,Não existe,Não existente,Seca,Perfeito estado,Não existe,Não há placas,40 km/h,Dupla,Não existe,,,
202222094,0,2022-09-17,,COM VÍTIMA,FINALIZADA,BOA VIAGEM,RUA BALTAZAR PASSOS,,RUA VISCONDE DE JEQUITINHONHA,BEIRA CANAL  NO SEMAFORO 154,BOA VIAGEM,154,0,SUBURBIO,COLISÃO COM CICLISTA,1,0,0,0,0,0,1,0,0,0,0,0,0,0,0,0,0,0,1,0,0,0,Cruzamento,Bom,Sem defeito,Perfeito estado,Seca,Perfeito estado,Faixa de pedestre,Outras,40 km/h,Única,Faixa contínua,,,
202222108,0,2022-09-17,,SEM VÍTIMA,FINALIZADA,PINA,AV HERCULANO BANDEIRA,,,APÓS A PASSARELA,PINA,,,CHOQUE,1,0,0,0,0,0,0,0,0,0,0,0,0,0,0,0,0,0,0,0,0,0,,,,,,,,,,,,,,,
202222122,0,2022-09-17,,SEM VÍTIMA,FINALIZADA,MUSTARDINHA,AV MANOEL GONCALVES DA LUZ,396,0,RUA JOSE MOREIRA REIS,EM FRENTE AO Nº 391,MUSTARDINHA,,SUBURBIO,COLISÃO TRASEIRA,1,0,0,0,0,0,0,0,0,0,0,0,0,0,1,0,0,0,0,0,0,0,Longo da via,Bom,Não existe,Perfeito estado,Seca,Perfeito estado,Não existe,Não há placas,30 km/h,Dupla,Faixa seccionada,,,
202222134,0,2022-09-18,,COM VÍTIMA,FINALIZADA,IBURA,AV JORNALISTA COSTA PORTO,200,0,,EM FRENTE A COMPESA,IBURA,,,COLISÃO FRONTAL,0,0,2,0,0,0,0,0,0,0,0,0,0,0,0,0,0,0,2,0,0,0,Longo da via,Bom,Não existe,,Seca,Perfeito estado,Não existe,,,Dupla,Não existe,,,
202222138,0,2022-09-18,,SEM VÍTIMA,FINALIZADA,CORDEIRO,AV INACIO MONTEIRO,90,0,,,CORDEIRO,,SUBURBIO,COLISÃO TRASEIRA,2,0,0,0,0,0,0,0,0,0,0,0,0,0,0,0,0,0,0,0,0,0,Longo da via,Bom,Não existe,Perfeito estado,Seca,Perfeito estado,Não existe,Não há placas,,Única,Faixa seccionada,,,
202222147,0,2022-09-18,,COM VÍTIMA,CANCELADA,SANCHO,AV LIBERDADE,1531,0,,EM FRENTE À PADARIA EMPÓRIO DOS PÃES,SANCHO,,,COLISÃO FRONTAL,1,0,1,0,0,0,0,0,0,0,0,0,0,0,0,0,0,0,1,0,0,0,,,,,,,,,,,,,,
202222153,0,2022-09-18,,COM VÍTIMA,FINALIZADA,BOA VISTA,RUA DO HOSPICIO,815,0,RUA JOAO LIRA,,BOA VISTA,32,0,SUBURBIO,COLISÃO FRONTAL,1,0,1,0,0,0,0,0,0,0,0,0,0,0,0,0,0,0,1,0,0,0,Cruzamento,Bom,Sem defeito,Perfeito estado,Seca,Perfeito estado,Faixa de pedestre,Não há placas,60 km/h,Única,Faixa contínua,Faixa seccionada,
202222155,0,2022-09-18,,COM VÍTIMA,FINALIZADA,AFOGADOS,RUA SAO MIGUEL,1331,0,RUA LUIZ PEREIRA DE FARIAS,EM FRENTE PARAISO DOS PETS,AFOGADOS,,SUBURBIO,COLISÃO TRASEIRA,1,0,1,0,0,0,0,0,0,0,0,0,0,0,0,0,0,0,2,0,0,0,Cruzamento,Bom,Não existe,Não existente,Seca,Perfeito estado,Não existe,Não há placas,,Dupla,Faixa seccionada,,,
202222159,0,2022-09-18,,COM VÍTIMA,FINALIZADA,IPSEP,AV RECIFE,,RUA JEAN EMILE FAVRE,PROXIMO AO SEMÁFORO 130 / SENTIDO BR,IPSEP,130,0,CIDADE,COLISÃO TRASEIRA,1,0,1,0,0,0,0,0,0,0,0,0,0,0,0,0,0,0,1,0,0,0,Cruzamento,Bom,Sem defeito,Perfeito estado,Seca,Perfeito estado,Faixa de pedestre,Não há placas,60 km/h,Única,Faixa contínua,Faixa seccionada,,
202222166,0,2022-09-18,,SEM VÍTIMA,FINALIZADA,AFOGADOS,RUA TRES DE AGOSTO,117',EST DOS REMEDIOS,,AFOGADOS,,,COLISÃO LATERAL,2,0,0,0,0,0,0,0,0,0,1,0,0,0,0,0,0,0,0,0,0,0,,,,,,,,,,,,,,,
202222178,0,2022-09-18,,SEM VÍTIMA,FINALIZADA,BOA VIAGEM,AV CONSELHEIRO AGUIAR,5025,0,,EM FRENTE A GALERIA CIDADE SUL,BOA VIAGEM,318,0,SUBURBIO,,1,0,1,0,0,0,0,0,0,0,0,0,0,0,0,0,0,0,0,0,0,0,Longo da via,Bom,Sem defeito,Perfeito estado,Seca,Perfeito estado,Faixa de pedestre,R-6a,,Única,Faixa seccionada,,
202222190,0,2022-09-18,,COM VÍTIMA,FINALIZADA,BOA VIAGEM,RUA FELIX DE BRITO E MELO,3278,0,RUA DOS NAVEGANTES,RUA DOS NAVEGANTES - PROX. A PADARIA DIPLOMATA,BOA VIAGEM,,SUBURBIO,COLISÃO LATERAL,2,0,0,0,0,0,0,0,0,0,0,0,0,0,0,0,0,0,1,0,0,0,Cruzamento,Bom,Não existe,Perfeito estado,Seca,Perfeito estado,Não existe,Placas Pare,30 km/h,Única,Faixa seccionada,,,
202222191,0,2022-09-18,,SEM VÍTIMA,CANCELADA,BOMBA DO HEMETÉRIO,RUA CORREGO DO EUCLIDES,391,0,,PRÓXIMO AO ANTIGO PAGODE DO NEO,BOMBA DO HEMETÉRIO,,,CHOQUE,1,0,3,0,0,0,0,0,0,0,0,0,0,0,0,0,0,0,0,0,0,0,,,,,,,,,,,,,,
202222200,0,2022-09-19,,COM VÍTIMA,FINALIZADA,ARRUDA,AV BEBERIBE,1628,0,RUA SAO BENTO,APÓS O ARMAZÉM CORAL,ARRUDA,64,0,CIDADE,COLISÃO FRONTAL,0,0,0,0,0,0,1,0,0,0,1,0,0,0,0,0,0,0,2,0,0,0,Esquina,Bom,Sem defeito,Perfeito estado,Seca,Perfeito estado,Faixa de pedestre,R-6a,30 km/h,Dupla,Faixa contínua,Outros,
202222215,0,2022-09-19,,COM VÍTIMA,FINALIZADA,JIQUIÁ,RUA SAO MIGUEL,2015,0,RUA GUARAMIRIM,PRÓX. AO POSTO PETROISA E AO MOTEL PREMIUM,JIQUIÁ,,CIDADE,COLISÃO TRASEIRA,2,0,1,0,0,0,0,0,0,0,0,0,0,0,0,0,0,0,1,0,0,0,Longo da via,Bom,Não existe,Incompleta,Seca,Perfeito estado,Não existe,R-6c,60 km/h,Dupla,Faixa contínua,Faixa seccionada,,
202222240,0,2022-09-19,,SEM VÍTIMA,FINALIZADA,ESPINHEIRO,AV GOVERNADOR AGAMENON MAGALHAES,,RUA BUENOS AYRES,,ESPINHEIRO,78,0,CIDADE,,1,0,0,0,0,0,0,0,0,0,1,0,0,0,0,0,0,0,0,0,0,0,Cruzamento,Bom,Sem defeito,Perfeito estado,Seca,Perfeito estado,Faixa de pedestre,,60 km/h,Única,Canteiro central,,,