Protocolo,,data,hora,natureza_acidente,situacao,bairro,endereco,numero,detalhe_endereco_acidente,complemento,bairro_cruzamento,num_semaforo,sentido_via,tipo,auto,moto,ciclom,ciclista,pedestre,onibus,caminhao,viatura,outros,vitimas,vitimasfatais,acidente_verificado,tempo_clima,situacao_semaforo,sinalizacao,condicao_via,conservacao_via,ponto_controle,situacao_placa,velocidade_max_via,mao_direcao,divisao_via1,divisao_via2,divisao_via3,,,,,,,,,,,,,
202222245,0,2022-09-19,,COM VÍTIMA,FINALIZADA,SÃO JOSÉ,AV SUL,,,AO LADO DO ANTIGO MERCADO DAS FLORES,SÃO JOSÉ,,CIDADE,COLISÃO FRONTAL,1,0,1,0,0,0,0,0,0,0,0,0,0,0,0,0,0,0,1,0,0,0,Longo da via,Bom,Não existe,Perfeito estado,Seca,Perfeito estado,Não existe,Não há placas,,Única,Faixa contínua,,,,
202222248,0,2022-09-19,,COM VÍTIMA,FINALIZADA,AFOGADOS,RUA COSME VIANA,,RUA TRES DE AGOSTO,NO SEMAFORO 525,AFOGADOS,,,ATROPELAMENTO DE PESSOA,0,0,0,0,0,0,0,0,1,0,1,0,0,0,0,0,0,0,1,0,0,0,,,,,,,,,,,,,,,
202222254,0,2022-09-19,,COM VÍTIMA,FINALIZADA,AFOGADOS,RUA SAO MIGUEL,268,0,,EM FRENTE AO DEPATRI,AFOGADOS,,,COLISÃO LATERAL,0,0,1,0,0,0,0,0,0,0,0,0,0,0,1,0,0,0,1,0,0,0,Longo da via,Bom,Não existe,Ilegível,Seca,Perfeito estado,Não existe,Não há placas,60 km/h,Dupla,Faixa contínua,,,
202222255,0,2022-09-19,,COM VÍTIMA,FINALIZADA,SANTO AMARO,RUA TREZE DE MAIO,,RUA PEDRO AFONSO,AO LADO DO SESC,SANTO AMARO,427,0,,COLISÃO LATERAL,1,0,1,0,0,0,0,0,0,0,0,0,0,0,0,0,0,0,1,0,0,0,Cruzamento,Bom,Sem defeito,Perfeito estado,Seca,Perfeito estado,Faixa de pedestre,Não há placas,40 km/h,Dupla,Faixa,,,
202222258,0,2022-09-19,,COM VÍTIMA,FINALIZADA,AFOGADOS,RUA SAO MIGUEL,,,EM FRENTE AO QUARTEL,AFOGADOS,,SUBURBIO,COLISÃO LATERAL,1,0,1,0,0,0,0,0,0,0,0,0,0,0,0,0,0,0,1,0,0,0,Longo da via,Bom,Sem defeito,Perfeito estado,Seca,Perfeito estado,Faixa de retenção,Não há placas,60 km/h,Dupla,Faixa contínua,,,,
202222264,0,2022-09-19,,COM VÍTIMA,FINALIZADA,BOA VISTA,RUA BISPO CARDOSO AYRES,,RUA DO RIACHUELO,,BOA VISTA,,,COLISÃO LATERAL,1,0,1,0,0,0,0,0,0,0,0,0,0,0,0,0,0,0,1,0,0,0,Cruzamento,Bom,Não existe,Perfeito estado,,Perfeito estado,Faixa de pedestre,R-6a,40 km/h,Única,Não existe,,,,
202222290,0,2022-09-20,,COM VÍTIMA,FINALIZADA,IMBIRIBEIRA,AV PINHEIROS,,RUA ARQUITETO LUIZ NUNES,NO SEMAFORO 537,IMBIRIBEIRA,,,COLISÃO TRASEIRA,1,0,1,0,0,0,0,0,0,0,0,0,0,0,0,0,0,0,2,0,0,0,Longo da via,Bom,Sem defeito,Perfeito estado,Seca,Perfeito estado,Faixa de pedestre,Outras,30 km/h,Dupla,Faixa contínua,,,,
202222302,0,2022-09-20,,SEM VÍTIMA,FINALIZADA,BOA VIAGEM,AV BOA VIAGEM,118,0,,APÓS O SEMÁFORO Nº 118,BOA VIAGEM,118,0,CIDADE,COLISÃO TRASEIRA,2,0,0,0,0,0,0,0,0,0,0,0,0,0,1,0,0,0,0,0,0,0,Longo da via,Bom,Sem defeito,Perfeito estado,Seca,Perfeito estado,Faixa de pedestre,R-6a,60 km/h,Única,Faixa seccionada,,
202222314,0,2022-09-20,,COM VÍTIMA,FINALIZADA,CASA AMARELA,EST DO ARRAIAL,4834,0,,COLÉGIO PROF MILO PEREIRA,CASA AMARELA,,,COLISÃO LATERAL,1,0,1,0,0,0,0,0,0,0,0,0,0,0,0,0,0,0,1,0,0,0,Longo da via,Bom,Não existe,Incompleta,Seca,Perfeito estado,Não existe,Outras,,Única,Não existe,,,
202222325,0,2022-09-20,,COM VÍTIMA,FINALIZADA,JOANA BEZERRA,AV DES GUERRA BARRETO,,,EM FRENTE AO FORUM JOANA BEZERRA,JOANA BEZERRA,38,0,CIDADE,COLISÃO LATERAL,1,0,1,0,0,0,0,0,0,0,0,0,0,0,0,0,0,0,1,0,0,0,Longo da via,Bom,Sem defeito,Perfeito estado,Seca,Perfeito estado,Faixa de pedestre,Outras,,Dupla,Faixa contínua,,,
202222333,0,2022-09-20,,COM VÍTIMA,FINALIZADA,DERBY,AV GOVERNADOR AGAMENON MAGALHAES,,,EM FRENTE A CLINICA JOSE ROCHA DE SÁ,DERBY,68,0,,COLISÃO LATERAL,1,0,1,0,0,0,0,0,0,0,0,0,0,0,0,0,0,0,1,0,0,0,Longo da via,Bom,Sem defeito,Perfeito estado,Seca,Perfeito estado,Não existe,Outras,60 km/h,Dupla,Canal,,,
202222340,0,2022-09-20,,SEM VÍTIMA,FINALIZADA,BAIRRO DO RECIFE,CAIS DO APOLO,,,SEMÁFORO 019,BAIRRO DO RECIFE,19,0,SUBURBIO,,2,0,0,0,0,0,0,0,0,0,0,0,0,0,0,0,1,0,0,0,0,0,Longo da via,Bom,Sem defeito,Perfeito estado,Seca,Perfeito estado,Não existe,Outras,,Dupla,Canteiro central,,,
202222343,0,2022-09-20,,COM VÍTIMA,FINALIZADA,IMBIRIBEIRA,RUA ITACARI,301,0,,POR TRÁS DO BANCO ITAU DA IMBIRIBEIRA,IMBIRIBEIRA,,,COLISÃO FRONTAL,1,0,1,0,0,0,0,0,0,0,0,0,0,0,0,0,0,0,1,0,0,0,Cruzamento,Bom,Não existe,Perfeito estado,Seca,Perfeito estado,Faixa de pedestre,Placas Pare,40 km/h,,Faixa contínua,,,
202222345,0,2022-09-20,,COM VÍTIMA,FINALIZADA,MADALENA,AV BEIRA RIO,701,0,RUA JOSE OSORIO,SEMÁFORO 387,MADALENA,,SUBURBIO,ATROPELAMENTO DE PESSOA,1,0,0,0,0,0,0,0,1,0,0,0,0,0,0,0,0,0,1,0,0,0,Longo da via,Bom,Sem defeito,Perfeito estado,Seca,Perfeito estado,Faixa de pedestre,Outras,40 km/h,Dupla,Faixa contínua,,,
202222349,0,2022-09-20,,SEM VÍTIMA,FINALIZADA,ESPINHEIRO,RUA BARAO DE ITAMARACA,,,SUPERMERCADO SOBERANO,ESPINHEIRO,,SUBURBIO,COLISÃO FRONTAL,2,0,0,0,0,0,0,0,0,0,0,0,0,0,0,0,0,0,0,0,0,0,Longo da via,Bom,Não existe,Perfeito estado,Seca,Perfeito estado,Não existe,Outras,30 km/h,Dupla,Não existe,,,,
202222350,0,2022-09-20,,SEM VÍTIMA,FINALIZADA,BOA VIAGEM,RUA CORONEL ANIZIO RODRIGUES COELHO,66,0,RUA DES JOAO PAES,,BOA VIAGEM,,SUBURBIO,COLISÃO TRANSVERSAL,2,0,0,0,0,0,0,0,0,0,0,0,0,0,0,0,0,0,0,0,0,0,Cruzamento,Bom,Sem defeito,Perfeito estado,Seca,Perfeito estado,Faixa de pedestre,Placas Pare,,Única,Não existe,,,
202222366,0,2022-09-20,,COM VÍTIMA,CANCELADA,IPSEP,AV RECIFE,,,EM FRENTE  AO POSTO SHEL - SAIDA DO IBURA,IPSEP,55,0,,COLISÃO LATERAL,0,0,2,0,0,0,0,0,0,0,0,0,0,0,0,0,0,0,1,0,0,0,,,,,,,,,,,,,,
202222372,0,2022-09-21,,COM VÍTIMA,FINALIZADA,BAIRRO DO RECIFE,PTE GIRATORIA,,,PRÓX. AO ARMAZÉM 14 / SENTIDO BOA VIAGEM,BAIRRO DO RECIFE,,,COLISÃO TRASEIRA,1,0,1,0,0,0,0,0,0,0,0,0,0,0,0,0,0,0,1,0,0,0,Longo da via,Bom,Não existe,Perfeito estado,Seca,Perfeito estado,Não existe,Não há placas,,Dupla,Canteiro central,,,,
202222411,0,2022-09-21,,COM VÍTIMA,FINALIZADA,AREIAS,AV DR JOSE RUFINO,841,0,,VIADULTO DA AV. RECIFE, EM FRENTE AO CENTRO DE TREINAMENTO DA HONDA,AREIAS,,,COLISÃO LATERAL,1,0,1,0,0,0,0,0,0,0,0,0,0,0,0,0,0,0,1,0,0,0,Longo da via,Bom,Não existe,Perfeito estado,Seca,Perfeito estado,Não existe,Não há placas,50 km/h,Dupla,Faixa contínua,,
202222426,0,2022-09-21,,COM VÍTIMA,FINALIZADA,JOANA BEZERRA,VDO PAPA JOAO PAULO II,,,ANTES DO FORUM DE JOANA BEZERRA / NO VIADUTO,JOANA BEZERRA,,,COLISÃO TRASEIRA,1,0,1,0,0,0,0,0,0,0,0,0,0,0,0,0,0,0,1,0,0,0,Longo da via,Bom,Não existe,Perfeito estado,Seca,Perfeito estado,Não existe,Não há placas,60 km/h,Única,,,,,
202222431,0,2022-09-21,,SEM VÍTIMA,FINALIZADA,DOIS IRMÃOS,PRC FARIAS NEVES,1314,0,,EM FRENTE A COMPESA,DOIS IRMÃOS,,,,1,0,1,0,0,0,0,0,0,0,0,0,0,0,0,0,0,0,0,0,0,0,Longo da via,Bom,Não existe,Incompleta,Seca,Mal conservada,Outros,Outras,,Única,Não existe,,,
202222432,0,2022-09-21,,COM VÍTIMA,CANCELADA,BOA VIAGEM,RUA MARIA CAROLINA,671,0,,EM FRENTE AO HOTEL BEACH CLASS,BOA VIAGEM,,,COLISÃO FRONTAL,0,0,2,0,0,0,0,0,0,0,0,0,0,0,0,0,0,0,1,0,0,0,,,,,,,,,,,,,,
202222444,0,2022-09-21,,COM VÍTIMA,FINALIZADA,VÁRZEA,AV CAXANGA,,,EM FRENTE AO GOLF CLUBE,VÁRZEA,,SUBURBIO,COLISÃO TRASEIRA,1,0,1,0,0,0,0,0,0,0,0,0,0,0,0,0,0,0,1,0,0,0,Longo da via,Bom,Sem defeito,Perfeito estado,Seca,Perfeito estado,Não existe,R-19,60 km/h,Dupla,Faixa seccionada,,,,
202222446,0,2022-09-21,,SEM VÍTIMA,CANCELADA,TORRE,RUA MARCOS ANDRE,,,EM FRENTE AO CARREFOUR,TORRE,,,COLISÃO TRASEIRA,1,0,0,0,0,0,0,0,0,0,0,0,0,0,0,0,0,0,0,0,0,0,,,,,,,,,,,,,,,
202222457,0,2022-09-21,,COM VÍTIMA,FINALIZADA,SÃO JOSÉ,AV MARTINS DE BARROS,,,DENTRO DO CAIS DE SANTA RITA,SÃO JOSÉ,,,ATROPELAMENTO DE PESSOA,0,0,0,0,0,0,0,0,1,0,1,0,0,0,0,0,0,0,1,0,0,0,Longo da via,Bom,Não existe,Perfeito estado,Seca,Perfeito estado,Não existe,Não há placas,,Única,Não existe,,,,
202222458,0,2022-09-21,,COM VÍTIMA,FINALIZADA,IPSEP,AV RECIFE,,,EM FRENTE HOSPTIAL PÃO DE AREIAS,IPSEP,,SUBURBIO,COLISÃO LATERAL,1,0,1,0,0,0,0,0,0,0,0,0,0,0,0,0,0,0,1,0,0,0,Longo da via,Bom,Não existe,Perfeito estado,Seca,Perfeito estado,Não existe,Não há placas,60 km/h,Dupla,Canteiro central,,,,
202222459,0,2022-09-21,,COM VÍTIMA,FINALIZADA,IMBIRIBEIRA,RUA ENGENHEIRO JOSE BRANDAO CAVALCANTE,95,0,,LOJA DE PEÇAS ATOMAX,IMBIRIBEIRA,,,COLISÃO LATERAL,1,0,1,0,0,0,0,0,0,0,0,0,0,0,0,0,0,0,1,0,0,0,,,,,,,,,,,,,,
202222469,0,2022-09-21,,COM VÍTIMA,FINALIZADA,TORRE,RUA PADRE LANDIM,405,0,RUA DOM MANOEL DA COSTA,,TORRE,,,COLISÃO LATERAL,0,0,2,0,0,0,0,0,0,0,0,0,0,0,0,0,0,0,3,0,0,0,Cruzamento,Bom,Sem defeito,Perfeito estado,Seca,Perfeito estado,Outros,Placas Pare,,Única,Outros,,,
202222498,0,2022-09-22,,COM VÍTIMA,CANCELADA,TAMARINEIRA,AV PROFESSOR JOSE DOS ANJOS,157,0,,PRÓX. AO SESC,TAMARINEIRA,,,QUEDA,0,0,1,0,0,0,0,0,0,0,0,0,0,0,0,0,0,0,1,0,0,0,,,,,,,,,,,,,,
202222502,0,2022-09-22,,COM VÍTIMA,FINALIZADA,ÁGUA FRIA,AV BEBERIBE,,,EM FRENTE À FEIRA NOVA DE ÁGUA FRIA,ÁGUA FRIA,405,0,SUBURBIO,COLISÃO LATERAL,1,0,1,0,0,0,0,0,0,0,0,0,0,0,0,0,0,0,1,0,0,0,Cruzamento,Bom,Sem defeito,Perfeito estado,Seca,Perfeito estado,Faixa de retenção,Não há placas,60 km/h,Única,Faixa contínua,,,
202222505,0,2022-09-22,,COM VÍTIMA,FINALIZADA,IMBIRIBEIRA,AV PRESIDENTE DUTRA,347,0,,APÓS O RESTAURANTE SAL E BRASA,IMBIRIBEIRA,,,COLISÃO COM CICLISTA,0,0,1,0,0,0,1,0,0,0,0,0,0,0,0,0,0,0,1,0,0,0,Longo da via,Bom,Não existe,Perfeito estado,Seca,Perfeito estado,Não existe,Outras,,Dupla,Canteiro central,,,
202222521,0,2022-09-22,,SEM VÍTIMA,FINALIZADA,IMBIRIBEIRA,AV MARECHAL MASCARENHAS DE MORAES,2314,0,,APÓS A BATERIA MOURA,IMBIRIBEIRA,631,0,SUBURBIO,COLISÃO TRASEIRA,1,0,1,0,0,0,0,0,0,0,0,0,0,0,0,0,0,0,0,0,0,0,Longo da via,Bom,Sem defeito,Perfeito estado,Seca,Perfeito estado,Não existe,R-4b,,Única,Faixa contínua,,
202222549,0,2022-09-22,,COM VÍTIMA,FINALIZADA,CAXANGÁ,AV CAXANGA,,,PROX AO GOOF CLUBE,CAXANGÁ,,CIDADE,COLISÃO LATERAL,0,0,2,0,0,0,0,0,0,0,0,0,0,0,0,0,0,0,3,0,0,0,Longo da via,Bom,Não existe,Perfeito estado,Molhada,Perfeito estado,Não existe,Não há placas,,Única,Faixa seccionada,,,,
202222574,0,2022-09-22,,COM VÍTIMA,FINALIZADA,IMBIRIBEIRA,RUA ITACARI,,,EM FRENTE A WJ GÁS NATURAL,IMBIRIBEIRA,,,COLISÃO LATERAL,2,0,1,0,0,0,0,0,0,0,0,0,0,0,0,0,0,0,1,0,0,0,Cruzamento,Bom,Não existe,Ilegível,Seca,Mal iluminada,Não existe,Placas Pare,40 km/h,Única,Faixa seccionada,,,,
202222585,0,2022-09-23,,COM VÍTIMA,FINALIZADA,TORRE,AV BEIRA RIO,1305,0,,EM FRENTE AO MARTELINHO DE OURO,TORRE,,,COLISÃO LATERAL,1,0,1,0,0,0,0,0,0,0,0,0,0,0,0,0,0,0,1,0,0,0,Longo da via,Bom,Não existe,Perfeito estado,Seca,Perfeito estado,Não existe,Não há placas,40 km/h,Dupla,Faixa contínua,,,
202222587,0,2022-09-23,,COM VÍTIMA,FINALIZADA,ILHA JOANA BEZERRA,VIADUTO CAPITAO TEMUDO,,,EM CIMA DO VIADUTO / SENTIDO BOA VIAGEM,ILHA JOANA BEZERRA,,,CHOQUE,1,0,0,0,0,0,0,0,0,0,0,0,0,0,0,0,0,0,1,0,0,0,Viaduto,Bom,Não existe,Perfeito estado,Seca,Perfeito estado,Não existe,Não há placas,,Dupla,Outros,,,,
202222589,0,2022-09-23,,COM VÍTIMA,FINALIZADA,BEBERIBE,AV BEBERIBE,581,0,,BAR BATE PAPO / CANAL DA CONSTRUÇÃO,BEBERIBE,,,COLISÃO LATERAL,1,0,1,0,0,0,0,0,0,0,0,0,0,0,0,0,0,0,3,0,0,0,Cruzamento,Bom,Sem defeito,Perfeito estado,Seca,Mal conservada,Faixa de pedestre,Outras,,Dupla,Não existe,,,
202222610,0,2022-09-23,,COM VÍTIMA,FINALIZADA,SAN MARTIN,AV GENERAL SAN MARTIN,2347,0,,EM FRENTE AO RESTAURANTE XODÓ NORDESTINO,SAN MARTIN,,,COLISÃO TRASEIRA,1,0,1,0,0,0,0,0,0,0,0,0,0,0,0,0,0,0,1,0,0,0,Longo da via,Bom,Não existe,Perfeito estado,Seca,Perfeito estado,Não existe,Não há placas,30 km/h,Dupla,Não existe,,,
202222628,0,2022-09-23,,COM VÍTIMA,FINALIZADA,BOA VIAGEM,AV ENGENHEIRO DOMINGOS FERREIRA,2965,0,,AO LADO DO BANCO DO NORDESTE,BOA VIAGEM,,,COLISÃO LATERAL,1,0,1,0,0,0,0,0,0,0,0,0,0,0,0,0,0,0,1,0,0,0,Longo da via,Bom,Sem defeito,Perfeito estado,Seca,Perfeito estado,Não existe,Não há placas,,Única,Faixa seccionada,,,
202222639,0,2022-09-23,,COM VÍTIMA,FINALIZADA,BOA VIAGEM,AV ENGENHEIRO DOMINGOS FERREIRA,,RUA PADRE CARAPUCEIRO,EM FRENTE FRISABOR,BOA VIAGEM,,SUBURBIO,ATROPELAMENTO DE PESSOA,0,0,0,0,0,0,0,0,1,0,1,0,0,0,0,0,0,0,1,0,0,0,Longo da via,Bom,Sem defeito,Perfeito estado,Seca,Perfeito estado,Faixa de pedestre,Não há placas,,Única,Não existe,,,,
202222647,0,2022-09-23,,COM VÍTIMA,FINALIZADA,JARDIM SÃO PAULO,RUA LORENA,93,0,,PROX ACADEMIA WM,JARDIM SÃO PAULO,,,COLISÃO FRONTAL,1,0,1,0,0,0,0,0,0,0,0,0,0,0,0,0,0,0,1,0,0,0,Cruzamento,Bom,Não existe,Incompleta,Seca,Perfeito estado,Não existe,Placas Pare,,,,Não existe,,
202222648,0,2022-09-23,,COM VÍTIMA,FINALIZADA,DERBY,AV GOVERNADOR AGAMENON MAGALHAES,,RUA HENRIQUE DIAS,,DERBY,68,0,,COLISÃO LATERAL,0,0,2,0,0,0,0,0,0,0,0,0,0,0,0,0,0,0,2,0,0,0,Cruzamento,Bom,Sem defeito,Perfeito estado,Seca,Perfeito estado,Faixa de pedestre,Não há placas,60 km/h,Única,Canal,,,
202222651,0,2022-09-23,,COM VÍTIMA,CANCELADA,AREIAS,AV RECIFE,,,EM FRENTE AO RESTAURANTE PAJUÇARA,AREIAS,,SUBURBIO,COLISÃO COM CICLISTA,0,0,1,0,0,0,1,0,0,0,0,0,0,0,0,0,0,0,3,0,0,0,,,,,,,,,,,,,,,
202222667,0,2022-09-23,,COM VÍTIMA,CANCELADA,BOMBA DO HEMETÉRIO,RUA CHA DE ALEGRIA,115,0,,,BOMBA DO HEMETÉRIO,,,COLISÃO FRONTAL,0,0,0,0,0,0,0,0,0,0,0,0,0,0,0,0,0,0,1,0,0,0,,,,,,,,,,,,,,
202222669,0,2022-09-24,,COM VÍTIMA,FINALIZADA,PORTO DA MADEIRA,AV BEBERIBE,,,RESIDENCIAL JOÃO PAULO II,PORTO DA MADEIRA,,,COLISÃO LATERAL,0,0,2,0,0,0,0,0,0,0,0,0,0,0,0,0,0,0,2,0,0,0,Longo da via,Bom,,Perfeito estado,Seca,Perfeito estado,Outros,Outras,,Dupla,Faixa seccionada,,,,
202222692,0,2022-09-24,,COM VÍTIMA,FINALIZADA,PAISSANDU,AV GOVERNADOR AGAMENON MAGALHAES,,,EM FRENTE AO HOSPITAL PORTUGUES, SENTIDO BOA VIAGEM - DERBY,PAISSANDU,,,ATROPELAMENTO DE PESSOA,0,0,0,0,0,0,0,0,1,0,0,0,1,0,0,0,0,0,1,0,0,0,Longo da via,Bom,Sem defeito,Perfeito estado,Seca,Perfeito estado,Faixa de pedestre,R-6a,,Dupla,Canteiro central,,,
202222693,0,2022-09-24,,COM VÍTIMA,FINALIZADA,TORRE,RUA REAL DA TORRE,,,EM FRENTE A LOJA DO CONDOMÍNIO,TORRE,,,COLISÃO LATERAL,1,0,1,0,0,0,0,0,0,0,0,0,0,0,0,0,0,0,1,0,0,0,Longo da via,Bom,Não existe,Perfeito estado,Seca,Perfeito estado,Não existe,Outras,,Única,Faixa seccionada,,,,
202222702,0,2022-09-24,,SEM VÍTIMA,FINALIZADA,TORRE,AV VISCONDE DE ALBUQUERQUE,,,EM FRENTE A PADARIA MASSA NOBRE,TORRE,,,COLISÃO TRASEIRA,0,0,0,0,0,0,0,0,0,0,0,0,0,0,0,0,0,0,0,0,0,0,,,,,,,,,,,,,,,
202222713,0,2022-09-24,,COM VÍTIMA,CANCELADA,ROSARINHO,AV SANTOS DUMONT,332,0,,EM FRENTE A CAFETERIA CAFETÃO,ROSARINHO,,,COLISÃO TRASEIRA,1,0,1,0,0,0,0,0,0,0,0,0,0,0,0,0,0,0,1,0,0,0,,,,,,,,,,,,,,
202222722,0,2022-09-24,,SEM VÍTIMA,FINALIZADA,JARDIM SÃO PAULO,AV RECIFE,5327,0,RUA MARQUES DE ITANHAEM,,JARDIM SÃO PAULO,,,COLISÃO TRASEIRA,1,0,0,0,0,0,0,0,0,0,0,0,0,0,1,0,0,0,0,0,0,0,,,,,,,,,,,,,,
202222746,0,2022-09-24,,COM VÍTIMA,FINALIZADA,IPSEP,AV RECIFE,,,PROXIMO A DELEGACIA,IPSEP,,,CHOQUE,0,0,0,0,0,0,0,0,0,0,0,0,0,0,0,0,0,0,2,0,0,0,Longo da via,Bom,Não existe,Perfeito estado,Seca,Perfeito estado,Não existe,Não há placas,,Dupla,Faixa contínua,Faixa seccionada,,,
202222754,0,2022-09-25,,COM VÍTIMA,FINALIZADA,BAIRRO DO RECIFE,AV ALFREDO LISBOA,,,POSTO POLICIAL CIATUR,BAIRRO DO RECIFE,,,ATROPELAMENTO DE PESSOA,1,0,0,0,0,0,0,0,1,0,0,0,0,0,0,0,0,0,1,0,0,0,Longo da via,Bom,Não existe,Perfeito estado,Seca,Perfeito estado,,R-6a,30 km/h,Única,,,,,
202222838,0,2022-09-26,,COM VÍTIMA,FINALIZADA,MADALENA,AV VISCONDE DE ALBUQUERQUE,401,0,RUA LOPES DE CARVALHO,APÓS O BOMPREÇO, EM FRENTE AO MADALENA CENTER,MADALENA,,CIDADE,COLISÃO LATERAL,1,0,1,0,0,0,0,0,0,0,0,0,0,0,0,0,0,0,1,0,0,0,Cruzamento,Bom,Não existe,Perfeito estado,Seca,Perfeito estado,Outros,Outras,,Única,Faixa seccionada,,
202222841,0,2022-09-26,,COM VÍTIMA,FINALIZADA,ESTÂNCIA,RUA JOAO TEIXEIRA,,,EM FRENTE AO COLEGIO VISÃO,ESTÂNCIA,,,COLISÃO LATERAL,1,0,0,0,0,0,0,0,0,0,1,0,0,0,0,0,0,0,1,0,0,0,,,,,,,,,,,,,,,
202222849,0,2022-09-26,,COM VÍTIMA,FINALIZADA,BOA VISTA,RUA DR LEOPOLDO LINS,,AV GOVERNADOR AGAMENON MAGALHAES,PRÓX. À CAIXA,BOA VISTA,78,0,,COLISÃO TRASEIRA,1,0,1,0,0,0,0,0,0,0,0,0,0,0,0,0,0,0,1,0,0,0,Cruzamento,Bom,Sem defeito,Perfeito estado,Seca,Perfeito estado,Faixa de pedestre,Não há placas,60 km/h,Única,Faixa seccionada,,,
202222850,0,2022-09-26,,SEM VÍTIMA,FINALIZADA,IMBIRIBEIRA,AV MARECHAL MASCARENHAS DE MORAES,,,LADO OPOSTO A IGREJA BATISTA LARGO DA PAZ,IMBIRIBEIRA,,CIDADE,COLISÃO TRANSVERSAL,1,0,0,0,0,0,0,0,0,0,0,0,1,0,0,0,0,0,0,0,0,0,Longo da via,Bom,Não existe,Perfeito estado,Seca,Perfeito estado,Não existe,Não há placas,,Única,Canteiro central,,,,
202222853,0,2022-09-26,,COM VÍTIMA,FINALIZADA,BOA VISTA,RUA DR LEOPOLDO LINS,,AV GOVERNADOR AGAMENON MAGALHAES,PRÓX. À CAIXA,BOA VISTA,78,0,,QUEDA,0,0,1,0,0,0,0,0,0,0,0,0,0,0,0,0,0,0,1,0,0,0,Cruzamento,Bom,Sem defeito,Perfeito estado,Seca,Perfeito estado,Não existe,Não há placas,60 km/h,Única,Faixa seccionada,,,
202222870,0,2022-09-26,,COM VÍTIMA,FINALIZADA,BOA VIAGEM,AV ENGENHEIRO DOMINGOS FERREIRA,,RUA PADRE CARAPUCEIRO,RUA PADRE CARAPUCEIRO,BOA VIAGEM,216,0,,COLISÃO LATERAL,1,0,1,0,0,0,0,0,0,0,0,0,0,0,0,0,0,0,1,0,0,0,Cruzamento,Bom,Sem defeito,Perfeito estado,Seca,Perfeito estado,Faixa de pedestre,Outras,,Única,Canteiro central,,,
202222873,0,2022-09-26,,COM VÍTIMA,FINALIZADA,SANTO AMARO,AV CRUZ CABUGA,405,0,,APÓS O ARMAZEM CORAL,SANTO AMARO,,CIDADE,COLISÃO LATERAL,1,0,1,0,0,0,0,0,0,0,0,0,0,0,0,0,0,0,1,0,0,0,Longo da via,Bom,Sem defeito,Perfeito estado,Seca,Perfeito estado,Não existe,Não há placas,60 km/h,Dupla,Faixa contínua,,,
202222891,0,2022-09-26,,COM VÍTIMA,FINALIZADA,SANTO AMARO,AV CRUZ CABUGA,,AV PREFEITO ARTUR LIMA CAVALCANTI,EM FRENTE A APAC,SANTO AMARO,343,0,,COLISÃO LATERAL,2,0,0,0,0,0,0,0,0,0,0,0,0,0,0,0,0,0,1,0,0,0,Cruzamento,Bom,Sem defeito,Perfeito estado,Seca,Perfeito estado,Faixa de pedestre,R-6a,,Dupla,Faixa contínua,,,
202222905,0,2022-09-26,,COM VÍTIMA,FINALIZADA,SANCHO,AV LIBERDADE,1427,0,,EM FRENTE AO PRESIDIO ANIBAL BRUNO E A EMBRANET,SANCHO,,,COLISÃO FRONTAL,1,0,1,0,0,0,0,0,0,0,0,0,0,0,0,0,0,0,1,0,0,0,Longo da via,Bom,Não existe,Ilegível,Seca,Perfeito estado,Não existe,R-6c,,Dupla,Não existe,,,
202222911,0,2022-09-26,,COM VÍTIMA,FINALIZADA,DERBY,PRC DO DERBY,,,E/F A ESTAÇAO DO BRT  S/T SUB,DERBY,,,QUEDA,0,0,1,0,0,0,0,0,0,0,0,0,0,0,0,0,0,0,2,0,0,0,Longo da via,Bom,Sem defeito,Perfeito estado,Seca,Perfeito estado,Faixa de pedestre,Outras,,Dupla,Canteiro central,,,,
202222916,0,2022-09-26,,COM VÍTIMA,FINALIZADA,IMBIRIBEIRA,AV MARECHAL MASCARENHAS DE MORAES,,,EM FRENTE A UPA DA IMBIRIBEIRA,IMBIRIBEIRA,,,ATROPELAMENTO DE PESSOA,0,0,1,0,0,0,0,0,1,0,0,0,0,0,0,0,0,0,1,0,0,0,Longo da via,Bom,Não existe,Perfeito estado,Seca,Perfeito estado,Não existe,Não há placas,60 km/h,Única,Faixa seccionada,,,,
202222918,0,2022-09-26,,COM VÍTIMA,CANCELADA,CAMPO GRANDE,RUA PROFESSOR FRANCISCO DA TRINDADE,,RUA SAO CAETANO,POR TRAS DO CLUBE DAS PAZ,CAMPO GRANDE,,,COLISÃO FRONTAL,1,0,1,0,0,0,0,0,0,0,0,0,0,0,0,0,0,0,2,0,0,0,,,,,,,,,,,,,,,
202222928,0,2022-09-26,,COM VÍTIMA,CANCELADA,TORRE,RUA JOSE BONIFACIO,,RUA MARCOS ANDRE,PROX AO SUPERMERCADO CARREFUOR,TORRE,,,COLISÃO TRASEIRA,1,0,1,0,0,0,0,0,0,0,0,0,0,0,0,0,0,0,1,0,0,0,,,,,,,,,,,,,,,
202222930,0,2022-09-26,,COM VÍTIMA,CANCELADA,ILHA DO RETIRO,RUA PROFESSOR BENEDITO MONTEIRO,,,EM FRENTE ACADEMIA CEUFIT / PROX A LE BISCUIT DO BENFICA,ILHA DO RETIRO,,,COLISÃO LATERAL,1,0,1,0,0,0,0,0,0,0,0,0,0,0,0,0,0,0,1,0,0,0,,,,,,,,,,,,,,,