Protocolo,,data,hora,natureza_acidente,situacao,bairro,endereco,numero,detalhe_endereco_acidente,complemento,bairro_cruzamento,num_semaforo,sentido_via,tipo,auto,moto,ciclom,ciclista,pedestre,onibus,caminhao,viatura,outros,vitimas,vitimasfatais,acidente_verificado,tempo_clima,situacao_semaforo,sinalizacao,condicao_via,conservacao_via,ponto_controle,situacao_placa,velocidade_max_via,mao_direcao,divisao_via1,divisao_via2,divisao_via3,,,,,,,,,,,,,
202225135,0,2022-10-23,,COM VÍTIMA,FINALIZADA,BOA VISTA,RUA DA SOLEDADE,257,0,,EM FRENTE AO INSTITUTO EMBELEZE,BOA VISTA,,,TOMBAMENTO,0,0,0,0,0,0,1,0,0,0,0,0,0,0,0,0,0,0,1,0,0,0,Longo da via,Bom,Sem defeito,Perfeito estado,Seca,Mal conservada,Outros,R-6a,,Única,Faixa seccionada,,,
202225140,0,2022-10-23,,SEM VÍTIMA,FINALIZADA,DERBY,RUA JOAQUIM NABUCO,,AV GOVERNADOR AGAMENON MAGALHAES,ACIDENTE SEM VÍTIMA NA FRENTE DO HOSP. SANTA JOANA.  EQUIPE DO TRANSPORTE DO INSP. COORD. NADILSON FOI AO QTH VERIFICAR E TOMAR AS DEVIDAS PROVIDÊNCIA.,DERBY,,SUBURBIO,COLISÃO LATERAL,2,0,0,0,0,0,0,0,0,0,0,0,0,0,0,0,0,0,0,0,0,0,,,,,,,,,,,,,,,
202225148,0,2022-10-23,,COM VÍTIMA,FINALIZADA,CASA FORTE,AV DEZESSETE DE AGOSTO,330,0,,E/F A FARMACIA PAGUE MENOS  GM ALAN DO LOCAL,CASA FORTE,,CIDADE,CHOQUE,1,0,0,0,0,0,0,0,0,0,0,0,0,0,0,0,0,0,1,0,0,0,Longo da via,Bom,Sem defeito,Perfeito estado,Seca,Perfeito estado,Não existe,Não há placas,60 km/h,Dupla,Faixa contínua,,,
202225171,0,2022-10-23,,COM VÍTIMA,FINALIZADA,CASA AMARELA,EST DO ARRAIAL,,RUA PAULA BATISTA,PRÓXIMO AO MERCADO,CASA AMARELA,,,COLISÃO FRONTAL,0,0,2,0,0,0,0,0,0,0,0,0,0,0,0,0,0,0,2,0,0,0,Cruzamento,Bom,Sem defeito,Perfeito estado,Seca,Perfeito estado,Faixa de pedestre,Não há placas,,Única,Não existe,,,,
202225172,0,2022-10-23,,COM VÍTIMA,FINALIZADA,IPUTINGA,AV MAURICIO DE NASSAU,,RUA SAO MATEUS,RESTAURANTE BUTECO,IPUTINGA,239,0,,COLISÃO FRONTAL,0,0,2,0,0,0,0,0,0,0,0,0,0,0,0,0,0,0,2,0,0,0,Cruzamento,Bom,,,,,Faixa de pedestre,Não há placas,60 km/h,Dupla,Não existe,,,
202225174,0,2022-10-24,,SEM VÍTIMA,FINALIZADA,BREJO DA GUABIRABA,AV VEREADOR OTACILIO AZEVEDO,4638,0,,PRÓX. AO HOTEL BORA LÁ,BREJO DA GUABIRABA,,SUBURBIO,COLISÃO FRONTAL,0,0,1,0,0,0,0,0,0,0,0,0,0,0,1,0,0,0,0,0,0,0,Longo da via,Bom,Não existe,Não existente,Seca,Perfeito estado,Não existe,Não há placas,,Dupla,Não existe,,,
202225177,0,2022-10-24,,COM VÍTIMA,FINALIZADA,BEBERIBE,RUA URIEL DE HOLANDA,343,0,,EM FRENTE A UPINHA,BEBERIBE,,,COLISÃO FRONTAL,0,0,1,0,0,0,0,0,0,0,1,0,0,0,0,0,0,0,1,0,0,0,Outros,Bom,Não existe,Perfeito estado,Seca,Perfeito estado,Não existe,,,Dupla,Não existe,,,
202225217,0,2022-10-24,,SEM VÍTIMA,FINALIZADA,BOA VIAGEM,AV DOM JOAO VI,,,,BOA VIAGEM,400,0,SUBURBIO,COLISÃO TRASEIRA,1,0,0,0,0,0,0,0,0,0,0,0,0,0,1,0,0,0,0,0,0,0,Longo da via,Bom,Sem defeito,Perfeito estado,Seca,Perfeito estado,Não existe,Não há placas,50 km/h,Única,Faixa seccionada,,,
202225218,0,2022-10-24,,SEM VÍTIMA,FINALIZADA,BOA VISTA,RUA DO HOSPICIO,751,0,,AO LADO DA ESCOLA LUIZ DELGADO,BOA VISTA,,CIDADE,,1,0,0,0,0,0,0,0,0,0,1,0,0,0,0,0,0,0,0,0,0,0,Longo da via,Bom,Sem defeito,Perfeito estado,Seca,Perfeito estado,Faixa de pedestre,Outras,60 km/h,Dupla,Faixa seccionada,Blocos,,
202225227,0,2022-10-24,,COM VÍTIMA,FINALIZADA,AFOGADOS,RUA SAO MIGUEL,426,0,,PROXIMO AO BANDO DO BRASIL,AFOGADOS,,CIDADE,COLISÃO LATERAL,1,0,1,0,0,0,0,0,0,0,0,0,0,0,0,0,0,0,2,0,0,0,Longo da via,Bom,Não existe,Perfeito estado,Seca,Perfeito estado,Faixa de pedestre,Não há placas,,Dupla,Faixa contínua,,,
202225229,0,2022-10-24,,SEM VÍTIMA,FINALIZADA,MACAXEIRA,AV NORTE MIGUEL ARRAES DE ALENCAR,,RUA MARIA CANDIDA,,MACAXEIRA,296,0,SUBURBIO,COLISÃO TRASEIRA,1,0,0,0,0,0,0,0,0,0,0,0,1,0,1,0,0,0,0,0,0,0,Cruzamento,Bom,Sem defeito,Perfeito estado,Seca,Perfeito estado,Não existe,R-6a,,Dupla,Canteiro central,,,
202225245,0,2022-10-24,,SEM VÍTIMA,FINALIZADA,CAMPO GRANDE,EST DE BELEM,1303,0,,,CAMPO GRANDE,,,,2,0,0,0,0,0,0,0,0,0,0,0,0,0,0,0,0,0,0,0,0,0,Longo da via,Bom,Não existe,Ilegível,Seca,Perfeito estado,Não existe,Outras,40 km/h,Dupla,Faixa contínua,,,
202225248,0,2022-10-24,,COM VÍTIMA,FINALIZADA,IBURA,AV RECIFE,2147E,,AO LADO DO ARMAZEM CORAL/ SENTIDO AEROPORTO,IBURA,,CIDADE,COLISÃO TRASEIRA,1,0,1,0,0,0,0,0,0,0,0,0,0,0,0,0,0,0,1,0,0,0,Longo da via,Bom,,Perfeito estado,Seca,Perfeito estado,,,60 km/h,Dupla,Canteiro central,,,,
202225249,0,2022-10-24,,COM VÍTIMA,FINALIZADA,PINA,RUA MANOEL DE BRITO,,AV REPUBLICA ARABE UNIDA,NA ENTRADA DO TUNEL JOSUE DE CASTRO,PINA,659,0,CIDADE,COLISÃO LATERAL,1,0,1,0,0,0,0,0,0,0,0,0,0,0,0,0,0,0,1,0,0,0,Cruzamento,Bom,Sem defeito,Perfeito estado,Seca,Perfeito estado,Não existe,Não há placas,60 km/h,Única,,,,
202225251,0,2022-10-24,,COM VÍTIMA,CANCELADA,PARNAMIRIM,RUA LEONARDO BEZERRA CAVALCANTE,,,ENTRE O BOMPREÇO E SHOPPING PLAZA,PARNAMIRIM,,,COLISÃO TRASEIRA,0,0,2,0,0,0,0,0,0,0,0,0,0,0,0,0,0,0,1,0,0,0,,,,,,,,,,,,,,,
202225252,0,2022-10-24,,COM VÍTIMA,FINALIZADA,MONTEIRO,AV DEZESSETE DE AGOSTO,1950,0,,EM FENTE DO INGLES CNA,MONTEIRO,,,COLISÃO LATERAL,1,0,1,0,0,0,0,0,0,0,0,0,0,0,0,0,0,0,1,0,0,0,Longo da via,Bom,Não existe,Perfeito estado,Seca,Perfeito estado,Não existe,Outras,50 km/h,Dupla,Faixa contínua,,,
202225260,0,2022-10-24,,COM VÍTIMA,CANCELADA,BARRO,RUA AMADOR ARAUJO,115,0,,,BARRO,,,COLISÃO COM CICLISTA,0,0,0,0,0,0,1,0,0,0,0,0,0,0,0,0,0,0,1,0,0,0,,,,,,,,,,,,,,
202225261,0,2022-10-24,,COM VÍTIMA,FINALIZADA,SANTO AMARO,AV VISCONDE DE SUASSUNA,331,0,,EM FRENTE A LINS ADVOGACIA,SANTO AMARO,,,QUEDA,0,0,1,0,0,0,0,0,0,0,0,0,0,0,0,0,0,0,1,0,0,0,Longo da via,Bom,Não existe,Perfeito estado,Seca,Perfeito estado,Não existe,R-19,40 km/h,Única,Não existe,,,
202225263,0,2022-10-25,,SEM VÍTIMA,FINALIZADA,IBURA,RUA RIO TAPADO,165,0,,PROX. ACADEMIA MOTIVO,IBURA,,,CHOQUE,0,0,0,0,0,0,0,0,0,0,0,0,0,0,0,0,0,0,0,0,0,0,,,,,,,,,,,,,,
202225264,0,2022-10-25,,COM VÍTIMA,CANCELADA,IBURA,RUA RIO XINGU,543,0,,PROX. A BIG VALE,IBURA,,,COLISÃO LATERAL,0,0,2,0,0,0,0,0,0,0,0,0,0,0,0,0,0,0,2,0,0,0,,,,,,,,,,,,,,
202225308,0,2022-10-25,,COM VÍTIMA,FINALIZADA,BOA VISTA,RUA AURORA,274,0,,PROX A MADEIRAIRA IPIRANGA,BOA VISTA,,CIDADE,COLISÃO TRASEIRA,1,0,1,0,0,0,0,0,0,0,0,0,0,0,0,0,0,0,1,0,0,0,Longo da via,Bom,Sem defeito,Perfeito estado,Seca,Perfeito estado,Não existe,Não há placas,,Única,Faixa seccionada,,,
202225311,0,2022-10-25,,COM VÍTIMA,FINALIZADA,MADALENA,RUA SOUZA BANDEIRA,,AV CAXANGA,PRÓX. À FARMÁCIA DROGASIL,MADALENA,236,0,SUBURBIO,COLISÃO FRONTAL,1,0,1,0,0,0,0,0,0,0,0,0,0,0,0,0,0,0,1,0,0,0,Cruzamento,Bom,Sem defeito,Perfeito estado,Seca,Perfeito estado,Faixa de pedestre,Não há placas,60 km/h,Única,Faixa seccionada,,,
202225313,0,2022-10-25,,COM VÍTIMA,FINALIZADA,ESPINHEIRO,AV GOVERNADOR AGAMENON MAGALHAES,,,EM FRENTE AO SUPERBOM PREÇO,ESPINHEIRO,173,0,,COLISÃO LATERAL,1,0,1,0,0,0,0,0,0,0,0,0,0,0,0,0,0,0,1,0,0,0,Cruzamento,Bom,,Perfeito estado,Seca,Perfeito estado,Outros,,60 km/h,Única,,,,
202225330,0,2022-10-25,,COM VÍTIMA,FINALIZADA,IMBIRIBEIRA,AV MARECHAL MASCARENHAS DE MORAES,3402,0,,SAMIS CLUB / SUPERMERCADO DESCONTÃO,IMBIRIBEIRA,,SUBURBIO,COLISÃO COM CICLISTA,0,0,0,0,0,0,1,0,0,0,0,0,1,0,0,0,0,0,1,0,0,0,Longo da via,Bom,Não existe,Não existente,Seca,Perfeito estado,Não existe,Não há placas,60 km/h,Única,Faixa contínua,,,
202225331,0,2022-10-25,,COM VÍTIMA,FINALIZADA,PARNAMIRIM,RUA PADRE ROMA,259,0,RUA SEBASTIAO ALVES,RESTAURANTE FACA,PARNAMIRIM,,SUBURBIO,COLISÃO COM CICLISTA,1,0,0,0,0,0,1,0,0,0,0,0,0,0,0,0,0,0,1,0,0,0,Cruzamento,Bom,Não existe,Perfeito estado,Seca,Perfeito estado,Faixa de pedestre,Outras,,Única,Faixa seccionada,Outros,,
202225332,0,2022-10-25,,SEM VÍTIMA,FINALIZADA,CAMPO GRANDE,EST DE BELEM,721,0,,PRÓX. AO REST. PASSIRA,CAMPO GRANDE,,CIDADE,,1,0,0,0,0,0,0,0,0,0,0,0,0,0,1,0,0,0,0,0,0,0,Longo da via,Bom,Não existe,Perfeito estado,Seca,Perfeito estado,Não existe,R-6a,,Dupla,Faixa contínua,,,
202225352,0,2022-10-26,,COM VÍTIMA,FINALIZADA,TEJIPIÓ,RUA APRIGIO GUIMARAES,390,0,,PROX AO HOSPITAL OTAVIO DE FREITAS,TEJIPIÓ,,SUBURBIO,COLISÃO LATERAL,1,0,1,0,0,0,0,0,0,0,0,0,0,0,0,0,0,0,1,0,0,0,Esquina,Bom,Não existe,Perfeito estado,Seca,Perfeito estado,Não existe,Não há placas,,Dupla,Não existe,,,
202225365,0,2022-10-26,,COM VÍTIMA,FINALIZADA,PARNAMIRIM,RUA DES GOIS CAVALCANTE,200,0,RUA ALBINO MEIRA,EXTRAFARMA,PARNAMIRIM,613,0,SUBURBIO,COLISÃO LATERAL,1,0,1,0,0,0,0,0,0,0,0,0,0,0,0,0,0,0,1,0,0,0,Longo da via,Bom,Sem defeito,Perfeito estado,Seca,Perfeito estado,Faixa de pedestre,R-6a,,Única,,,
202225367,0,2022-10-26,,COM VÍTIMA,FINALIZADA,IBURA,AV DOM HELDER CAMARA,351,0,,EM FRENTE AO ARMAZEM FAMA,IBURA,,SUBURBIO,COLISÃO LATERAL,0,0,1,0,0,0,0,0,0,0,0,0,0,0,0,0,1,0,1,0,0,0,Longo da via,Bom,Não existe,Incompleta,Seca,Mal conservada,Não existe,R-6a,,Dupla,Canteiro central,,,
202225384,0,2022-10-26,,SEM VÍTIMA,FINALIZADA,SANCHO,AV LIBERDADE,364,0,,DELEGACIA DRACO,SANCHO,,,COLISÃO TRANSVERSAL,0,0,0,0,0,0,0,0,0,0,0,0,1,0,1,0,1,0,0,0,0,0,Longo da via,Bom,,,Seca,Perfeito estado,,,30 km/h,Dupla,Não existe,,,
202225402,0,2022-10-26,,COM VÍTIMA,FINALIZADA,BOA VIAGEM,RUA DEZ DE JULHO,265,0,RUA WALDEMAR NERY CARNEIRO MONTEIRO,PROXIMO A LAVANDERIA RECIFE CLEAM,BOA VIAGEM,573,0,,COLISÃO FRONTAL,2,0,0,0,0,0,0,0,0,0,0,0,0,0,0,0,0,0,2,0,0,0,Cruzamento,Bom,Sem defeito,Perfeito estado,Seca,Perfeito estado,Faixa de pedestre,Outras,,Dupla,Não existe,,
202225409,0,2022-10-26,,COM VÍTIMA,FINALIZADA,IMBIRIBEIRA,AV MARECHAL MASCARENHAS DE MORAES,2169,0,,EM FRENTE A UNIVERSO E PROXIMO AO SEMÁFORO 501/ SENTIDO CIDADE,IMBIRIBEIRA,501,0,CIDADE,ATROPELAMENTO DE PESSOA,0,0,1,0,0,0,0,0,1,0,0,0,0,0,0,0,0,0,1,0,0,0,Longo da via,Bom,Sem defeito,Perfeito estado,Seca,Perfeito estado,Faixa de retenção,Outras,60 km/h,Única,Faixa seccionada,,
202225416,0,2022-10-26,,SEM VÍTIMA,FINALIZADA,BOA VISTA,RUA DAS NINFAS,243,0,,EM FRENTE A UNE,BOA VISTA,,CIDADE,,2,0,0,0,0,0,0,0,0,0,0,0,0,0,0,0,0,0,0,0,0,0,Longo da via,Bom,Não existe,Perfeito estado,Seca,Perfeito estado,Não existe,Não há placas,30 km/h,Única,Faixa seccionada,,,
202225424,0,2022-10-26,,COM VÍTIMA,FINALIZADA,IBURA,RUA RIO BRIGIDA,588,0,,E/F A FARMACIA DIARIAMENTE,IBURA,,SUBURBIO,COLISÃO COM CICLISTA,1,0,0,0,0,0,1,0,0,0,0,0,0,0,0,0,0,0,1,0,0,0,Longo da via,Bom,Não existe,Perfeito estado,Seca,Perfeito estado,Não existe,Não há placas,30 km/h,Única,Não existe,,,
202225443,0,2022-10-26,,SEM VÍTIMA,FINALIZADA,GUABIRABA,RUA CORREGO MANOEL DAS MENINAS,,,PROXIMO A PANIFICADORA JERUSALEM,GUABIRABA,,,COLISÃO TRASEIRA,0,0,0,0,0,0,0,0,0,0,0,0,0,0,0,0,0,0,0,0,0,0,Cruzamento,Bom,Não existe,Incompleta,Seca,Mal iluminada,Não existe,Outras,,Dupla,Não existe,,,,
202225444,0,2022-10-26,,COM VÍTIMA,FINALIZADA,SANTO AMARO,AV CRUZ CABUGA,,,NA ESTAÇÃO DO BRT TACARUNA,SANTO AMARO,470,0,CIDADE,ATROPELAMENTO DE PESSOA,0,0,0,0,0,0,0,0,1,0,1,0,0,0,0,0,0,0,1,0,0,0,Longo da via,Bom,Sem defeito,Perfeito estado,Seca,Perfeito estado,Agente,Não há placas,,Dupla,Canteiro central,,,
202225461,0,2022-10-27,,COM VÍTIMA,FINALIZADA,BOA VIAGEM,RUA MARQUES DE VALENCA,730,0,,POR TRAS DO COLEGIO SANTOS DUMONT,BOA VIAGEM,,SUBURBIO,COLISÃO LATERAL,2,0,0,0,0,0,0,0,0,0,0,0,0,0,0,0,0,0,1,0,0,0,Longo da via,Bom,Não existe,Perfeito estado,Seca,Perfeito estado,Não existe,Não há placas,,Dupla,Faixa seccionada,,,
202225478,0,2022-10-27,,COM VÍTIMA,FINALIZADA,TORREÃO,AV GOVERNADOR AGAMENON MAGALHAES,,,E/F AO MINISTERIO DO TRABALHO  S/T CID,TORREÃO,,SUBURBIO,COLISÃO FRONTAL,1,0,1,0,0,0,0,0,0,0,0,0,0,0,0,0,0,0,1,0,0,0,Longo da via,Bom,Não existe,Não existente,Seca,Perfeito estado,Não existe,Não há placas,,Dupla,Não existe,,,,
202225496,0,2022-10-27,,SEM VÍTIMA,FINALIZADA,ILHA DO LEITE,VIADUTO CAPITAO TEMUDO,,,SUBIDA DO VIADULTO, PROX AO HOSPITAL PORTUGUES,ILHA DO LEITE,,,COLISÃO TRASEIRA,2,0,0,0,0,0,0,0,0,0,0,0,0,0,0,0,0,0,0,0,0,0,,,,,,,,,,,,,,
202225524,0,2022-10-27,,COM VÍTIMA,FINALIZADA,ARRUDA,RUA PETRONILA BOTELHO,,AV PROFESSOR JOSE DOS ANJOS,POR TRÁS DO CAMPO DO SANTA CRUZ,ARRUDA,554,0,,COLISÃO FRONTAL,2,0,0,0,0,0,0,0,0,0,0,0,0,0,0,0,0,0,1,0,0,0,Cruzamento,Bom,Sem defeito,Perfeito estado,Seca,Perfeito estado,Não existe,Não há placas,,Dupla,,,,
202225531,0,2022-10-27,,SEM VÍTIMA,FINALIZADA,SANTO ANTÔNIO,PTE PRINCESA IZABEL,,,PROX AO TEATRO SANTA IZABEL,SANTO ANTÔNIO,,,COLISÃO TRASEIRA,2,0,0,0,0,0,0,0,0,0,0,0,0,0,0,0,0,0,0,0,0,0,Longo da via,Bom,Não existe,Perfeito estado,Seca,Perfeito estado,Não existe,Não há placas,,Dupla,Faixa contínua,,,,
202225549,0,2022-10-27,,COM VÍTIMA,FINALIZADA,BOA VIAGEM,RUA CAPITAO REBELINHO,534,0,RUA PEREIRA DA COSTA,,BOA VIAGEM,,SUBURBIO,COLISÃO FRONTAL,1,0,1,0,0,0,0,0,0,0,0,0,0,0,0,0,0,0,1,0,0,0,Cruzamento,Bom,Não existe,Perfeito estado,Seca,Perfeito estado,Faixa de pedestre,Não há placas,,Única,Não existe,,,
202225553,0,2022-10-27,,COM VÍTIMA,FINALIZADA,DERBY,AV GOVERNADOR AGAMENON MAGALHAES,,AV GOVERNADOR CARLOS DE LIMA CAVALCANTI,AO LADO DA MC DONALDS,DERBY,75,0,SUBURBIO,COLISÃO LATERAL,1,0,1,0,0,0,0,0,0,0,0,0,0,0,0,0,0,0,1,0,0,0,Cruzamento,Bom,Sem defeito,Perfeito estado,Seca,Perfeito estado,Faixa de pedestre,Outras,60 km/h,Dupla,,,,
202225554,0,2022-10-27,,SEM VÍTIMA,FINALIZADA,PARNAMIRIM,AV DEZESSETE DE AGOSTO,248,0,,NA FRENTE DO RECANTO DO PARAIBANO,PARNAMIRIM,,,CHOQUE,1,0,0,0,0,0,0,0,0,0,0,0,0,0,0,0,0,0,0,0,0,0,Longo da via,Bom,Sem defeito,Perfeito estado,Seca,Perfeito estado,Faixa de pedestre,,,Dupla,Faixa contínua,,,
202225571,0,2022-10-28,,COM VÍTIMA,FINALIZADA,AFOGADOS,RUA VINTE E UM DE ABRIL,942,0,,EM FRENTE À ACADEMIA CTI,AFOGADOS,,SUBURBIO,ATROPELAMENTO DE PESSOA,0,0,1,0,0,0,0,0,1,0,0,0,0,0,0,0,0,0,1,0,0,0,Longo da via,Bom,Não existe,,Seca,Perfeito estado,,Não há placas,,Dupla,Não existe,,,
202225579,0,2022-10-28,,COM VÍTIMA,FINALIZADA,SANTO AMARO,AV GOVERNADOR AGAMENON MAGALHAES,100,0,,APÓS O VIADUTO, PROX A LOMBADA ELETRONICA  // SENTIDO PRAÇA DO DERBY,SANTO AMARO,,CIDADE,COLISÃO LATERAL,0,0,2,0,0,0,0,0,0,0,0,0,0,0,0,0,0,0,1,0,0,0,Longo da via,Bom,Não existe,Perfeito estado,Seca,Perfeito estado,Não existe,Não há placas,60 km/h,Única,Faixa seccionada,,
202225580,0,2022-10-28,,COM VÍTIMA,FINALIZADA,CORDEIRO,RUA TEOTONIO FREIRE,565,0,RUA DR JOAO LACERDA,ORTOBOM,CORDEIRO,,CIDADE,COLISÃO LATERAL,1,0,1,0,0,0,0,0,0,0,0,0,0,0,0,0,0,0,1,0,0,0,Cruzamento,Bom,Não existe,Perfeito estado,Seca,Perfeito estado,Não existe,Não há placas,,Dupla,Faixa seccionada,,,
202225583,0,2022-10-28,,COM VÍTIMA,FINALIZADA,CAMPO GRANDE,EST DE BELEM,743,0,,POSTO MULTIPOSTO,CAMPO GRANDE,,CIDADE,COLISÃO LATERAL,1,0,1,0,0,0,0,0,0,0,0,0,0,0,0,0,0,0,1,0,0,0,Longo da via,Bom,Não existe,Perfeito estado,Seca,Perfeito estado,Não existe,R-6a,,Dupla,Faixa contínua,,,
202225587,0,2022-10-28,,COM VÍTIMA,CANCELADA,SAN MARTIN,AV RECIFE,,,AÇAI ATACADISTA,SAN MARTIN,,,ATROPELAMENTO DE PESSOA,1,0,0,0,0,0,1,0,0,0,0,0,0,0,0,0,0,0,1,0,0,0,,,,,,,,,,,,,,,
202225594,0,2022-10-28,,COM VÍTIMA,FINALIZADA,ESTÂNCIA,AV JOAO CABRAL DE MELO NETO,2000,0,,AO LADO DO LABORATÓRIO CERPE,ESTÂNCIA,259,0,CIDADE,COLISÃO COM CICLISTA,1,0,0,0,0,0,1,0,0,0,0,0,0,0,0,0,0,0,1,0,0,0,Longo da via,Bom,Sem defeito,Perfeito estado,Seca,Perfeito estado,Agente,Outras,60 km/h,,Canteiro central,,
202225617,0,2022-10-28,,COM VÍTIMA,FINALIZADA,TEJIPIÓ,AV DR JOSE RUFINO,3429,0,,EM FRENTE AO ARMAZEM CORAL,TEJIPIÓ,,SUBURBIO,COLISÃO LATERAL,1,0,1,0,0,0,0,0,0,0,0,0,0,0,0,0,0,0,1,0,0,0,Longo da via,Bom,Não existe,Incompleta,Seca,Perfeito estado,Não existe,Não há placas,,Dupla,Faixa contínua,,,
202225620,0,2022-10-28,,COM VÍTIMA,FINALIZADA,AFOGADOS,RUA SAO MIGUEL,898,0,,E/F AO 14  BATALHAO  LOGÍSTICO,AFOGADOS,,SUBURBIO,COLISÃO LATERAL,1,0,1,0,0,0,0,0,0,0,0,0,0,0,0,0,0,0,1,0,0,0,Longo da via,Bom,Sem defeito,Perfeito estado,Seca,Perfeito estado,Não existe,Não há placas,,Dupla,Faixa contínua,,,
202225626,0,2022-10-28,,COM VÍTIMA,FINALIZADA,BOA VISTA,RUA DOM BOSCO,,AV CONDE DA BOA VISTA,EM FRENTE AO POSTO BR,BOA VISTA,27,0,SUBURBIO,COLISÃO LATERAL,1,0,1,0,0,0,0,0,0,0,0,0,0,0,0,0,0,0,1,0,0,0,Cruzamento,Bom,Sem defeito,Perfeito estado,Seca,Perfeito estado,Faixa de pedestre,Não há placas,40 km/h,Única,Faixa contínua,Faixa seccionada,,
202225634,0,2022-10-28,,COM VÍTIMA,FINALIZADA,ILHA DO LEITE,RUA FRANCISCO ALVES,,,ESQUINA DA PRAÇA  MIGUEL DE CERVANTES PROX AO HOSPITAL ESPERANÇA,ILHA DO LEITE,508,0,SUBURBIO,COLISÃO LATERAL,2,0,1,0,0,0,0,0,0,0,0,0,0,0,0,0,0,0,1,0,0,0,Cruzamento,Bom,Sem defeito,Perfeito estado,Seca,Perfeito estado,Faixa de pedestre,Outras,60 km/h,Dupla,Faixa contínua,,,
202225636,0,2022-10-28,,COM VÍTIMA,FINALIZADA,BOA VISTA,RUA SETE DE SETEMBRO,187,0,AV CONDE DA BOA VISTA,AV CONDE DA BOA VISTA,BOA VISTA,486,0,CIDADE,COLISÃO COM CICLISTA,0,0,0,0,0,0,1,0,0,0,1,0,0,0,0,0,0,0,1,0,0,0,Longo da via,Bom,Sem defeito,Perfeito estado,Seca,Perfeito estado,Faixa de pedestre,Outras,40 km/h,Dupla,Faixa contínua,Faixa seccionada,Canteiro central
202225639,0,2022-10-28,,COM VÍTIMA,FINALIZADA,CASA AMARELA,AV NORTE MIGUEL ARRAES DE ALENCAR,,AV PROFESSOR JOSE DOS ANJOS,EM FRENTE AO SESC,CASA AMARELA,364,0,,ATROPELAMENTO DE PESSOA,1,0,0,0,0,0,0,0,1,0,0,0,0,0,0,0,0,0,1,0,0,0,Cruzamento,Bom,Sem defeito,Perfeito estado,Seca,Perfeito estado,,,,,,,,
202225640,0,2022-10-28,,COM VÍTIMA,FINALIZADA,SÃO JOSÉ,AV SUL,,PRC SERGIO LORETO,EM FRENTE AO POSTO BR,SÃO JOSÉ,311,0,CIDADE,ATROPELAMENTO DE PESSOA,0,0,1,0,0,0,0,0,1,0,0,0,0,0,0,0,0,0,1,0,0,0,Longo da via,Bom,Sem defeito,Perfeito estado,Seca,Perfeito estado,Faixa de pedestre,Não há placas,60 km/h,Única,Canteiro central,,,
202225657,0,2022-10-28,,COM VÍTIMA,FINALIZADA,VÁRZEA,RUA ACADEMICO HELIO RAMOS,297,0,,AO LONGO DA VIA,VÁRZEA,,SUBURBIO,CHOQUE,1,0,1,0,0,0,0,0,0,0,0,0,0,0,0,0,0,0,1,0,0,0,Longo da via,Bom,Não existe,Perfeito estado,Seca,Perfeito estado,Não existe,Não há placas,30 km/h,Dupla,Não existe,,,
202225662,0,2022-10-29,,COM VÍTIMA,FINALIZADA,GRAÇAS,RUA JOAQUIM NABUCO,,,PROXIMO A FACULDADE NASSAU,GRAÇAS,,SUBURBIO,COLISÃO LATERAL,1,0,1,0,0,0,0,0,0,0,0,0,0,0,0,0,0,0,1,0,0,0,Longo da via,Bom,Não existe,Perfeito estado,Seca,Perfeito estado,Não existe,Não há placas,,Dupla,Faixa seccionada,,,,
202225663,0,2022-10-29,,SEM VÍTIMA,FINALIZADA,CORDEIRO,RUA GOMES TABORDA,967,0,,COM  A RUA XAVIER SOBRINHO,CORDEIRO,,,COLISÃO LATERAL,0,0,0,0,0,0,0,0,0,0,0,0,0,0,0,0,0,0,0,0,0,0,,,,,,,,,,,,,,
202225673,0,2022-10-29,,COM VÍTIMA,FINALIZADA,IPUTINGA,AV CAXANGA,3860,0,,PROX AO BARAO DE LUCENA,IPUTINGA,533,0,SUBURBIO,ATROPELAMENTO DE PESSOA,0,0,1,0,0,0,0,0,2,0,0,0,0,0,0,0,0,0,3,0,0,0,Longo da via,Bom,Sem defeito,Perfeito estado,Seca,Perfeito estado,Não existe,R-6a,,Dupla,Canteiro central,,
202225677,0,2022-10-29,,COM VÍTIMA,FINALIZADA,MADALENA,AV VISCONDE DE ALBUQUERQUE,297,0,RUA LOPES DE CARVALHO,MADALENA CENTER,MADALENA,,SUBURBIO,COLISÃO TRASEIRA,1,0,1,0,0,0,0,0,0,0,0,0,0,0,0,0,0,0,1,0,0,0,Cruzamento,Bom,Não existe,Perfeito estado,Seca,Perfeito estado,Não existe,Placas Pare,60 km/h,Única,Faixa seccionada,,,
202225679,0,2022-10-29,,COM VÍTIMA,FINALIZADA,ESTÂNCIA,AV RECIFE,5453,0,,EM FRENTE AO ANTIGO CAFE ROYAL, SENT. BOA VIAGEM,ESTÂNCIA,,,COLISÃO COM CICLISTA,1,0,0,0,0,0,1,0,0,0,1,0,0,0,0,0,0,0,1,0,0,0,Longo da via,Bom,Não existe,Perfeito estado,Seca,Perfeito estado,Não existe,Não há placas,60 km/h,Única,Faixa seccionada,,