Protocolo,,data,hora,natureza_acidente,situacao,bairro,endereco,numero,detalhe_endereco_acidente,complemento,bairro_cruzamento,num_semaforo,sentido_via,tipo,auto,moto,ciclom,ciclista,pedestre,onibus,caminhao,viatura,outros,vitimas,vitimasfatais,acidente_verificado,tempo_clima,situacao_semaforo,sinalizacao,condicao_via,conservacao_via,ponto_controle,situacao_placa,velocidade_max_via,mao_direcao,divisao_via1,divisao_via2,divisao_via3,,,,,,,,,,,,,
202225699,0,2022-10-29,,COM VÍTIMA,FINALIZADA,IMBIRIBEIRA,AV MARECHAL MASCARENHAS DE MORAES,4080,0,RUA CORONEL FABRICIANO,EM FRENTE AO ATACADO DO PRESENTES,IMBIRIBEIRA,310,0,SUBURBIO,COLISÃO LATERAL,1,0,1,0,0,0,0,0,0,0,0,0,0,0,0,0,0,0,1,0,0,0,Cruzamento,Bom,Sem defeito,Perfeito estado,Seca,Perfeito estado,Não existe,Não há placas,60 km/h,Dupla,Canteiro central,,
202225709,0,2022-10-29,,COM VÍTIMA,DUPLICIDADE,SANTO AMARO,AV CRUZ CABUGA,,AV NORTE MIGUEL ARRAES DE ALENCAR,,SANTO AMARO,104,0,,COLISÃO TRASEIRA,0,0,0,0,0,0,0,0,0,0,0,0,0,0,0,0,0,0,2,0,0,0,,,,,,,,,,,,,,
202225710,0,2022-10-29,,COM VÍTIMA,FINALIZADA,SANTO AMARO,AV CRUZ CABUGA,1111,0,AV DR JAYME DA FONTE,HOSPITAL  NAVAL,SANTO AMARO,343,0,,COLISÃO FRONTAL,2,0,0,0,0,0,0,0,0,0,0,0,0,0,0,0,0,0,1,0,0,0,Cruzamento,Bom,Sem defeito,Perfeito estado,Seca,Perfeito estado,Faixa de pedestre,Outras,,Dupla,Faixa seccionada,,
202225719,0,2022-10-29,,COM VÍTIMA,FINALIZADA,SANTO ANTÔNIO,AV GUARARAPES,,RUA DO SOL,EM FRENTE AO CORREIOS,SANTO ANTÔNIO,14,0,,COLISÃO LATERAL,1,0,1,0,0,0,0,0,0,0,0,0,0,0,0,0,0,0,1,0,0,0,Cruzamento,Bom,Sem defeito,Perfeito estado,Seca,Perfeito estado,Faixa de pedestre,Não há placas,40 km/h,Dupla,Não existe,,,
202225733,0,2022-10-29,,COM VÍTIMA,FINALIZADA,SANCHO,AV LIBERDADE,874,0,,EM FRENTE A ANTIGA DELEGACIA DE ROUBOS E FURTOS,SANCHO,,SUBURBIO,COLISÃO FRONTAL,0,0,2,0,0,0,0,0,0,0,0,0,0,0,0,0,0,0,2,0,0,0,Longo da via,Bom,Não existe,Perfeito estado,Seca,Perfeito estado,Não existe,Não há placas,,Dupla,Não existe,,,
202225735,0,2022-10-29,,COM VÍTIMA,FINALIZADA,IBURA,AV DOIS RIOS,,,SESI,IBURA,561,0,CIDADE,COLISÃO LATERAL,1,0,1,0,0,0,0,0,0,0,0,0,0,0,0,0,0,0,1,0,0,0,Longo da via,Bom,Sem defeito,Perfeito estado,Seca,Perfeito estado,Faixa de retenção,Não há placas,60 km/h,Dupla,Faixa contínua,,,
202225737,0,2022-10-29,,COM VÍTIMA,FINALIZADA,JORDÃO,AV MARIA IRENE,1592,0,,PRÓXIMO AO POSTO BR,JORDÃO,,SUBURBIO,COLISÃO FRONTAL,2,0,0,0,0,0,0,0,0,0,0,0,0,0,0,0,0,0,1,0,0,0,Longo da via,Bom,Não existe,Não existente,Seca,Perfeito estado,Não existe,Não há placas,,Dupla,Não existe,,,
202225749,0,2022-10-30,,COM VÍTIMA,FINALIZADA,ENCRUZILHADA,EST DE BELEM,190,0,RUA DONA JULIETA,EM FRENTE AO EDF. JÚLIO II, PROX A IGREJA CATÓLICA DE BELÉM,ENCRUZILHADA,,SUBURBIO,COLISÃO FRONTAL,1,0,1,0,0,0,0,0,0,0,0,0,0,0,0,0,0,0,1,0,0,0,Esquina,Bom,Não existe,Perfeito estado,Seca,Perfeito estado,Não existe,Não há placas,60 km/h,Dupla,Faixa seccionada,,
202225758,0,2022-10-30,,SEM VÍTIMA,CANCELADA,VÁRZEA,AV AFONSO OLINDENSE,1553,0,,EM FRENTE A ESCOLA MAZZARELLO,VÁRZEA,,,COLISÃO TRASEIRA,2,0,0,0,0,0,0,0,0,0,0,0,0,0,0,0,0,0,0,0,0,0,,,,,,,,,,,,,,
202225768,0,2022-10-30,,COM VÍTIMA,FINALIZADA,CASA FORTE,RUA JERONIMO DE ALBUQUERQUE,205,0,RUA SILVINO LOPES,EM FRENTE AO EDIFICIO CLAUDIA,CASA FORTE,,SUBURBIO,COLISÃO LATERAL,1,0,1,0,0,0,0,0,0,0,0,0,0,0,0,0,0,0,1,0,0,0,Longo da via,Bom,Não existe,Ilegível,Seca,Perfeito estado,Não existe,R-6a,,Dupla,Não existe,,,
202225773,0,2022-10-30,,COM VÍTIMA,FINALIZADA,JOANA BEZERRA,RUA DES RODOLFO AURELIANO,,,PROX A ACADEMIA DA CIDADE,JOANA BEZERRA,,,COLISÃO COM CICLISTA,1,0,0,0,0,0,1,0,0,0,0,0,0,0,0,0,0,0,1,0,0,0,,,,,,,,,,,,,,,
202225777,0,2022-10-30,,COM VÍTIMA,FINALIZADA,SANCHO,AV LIBERDADE,65,0,,EM FRENTE AO CEMITERIO PARQUE DAS FLORES,SANCHO,,,COLISÃO LATERAL,1,0,1,0,0,0,0,0,0,0,0,0,0,0,0,0,0,0,2,0,0,0,Longo da via,Bom,Não existe,,Seca,,Não existe,Não há placas,60 km/h,Dupla,Não existe,,,
202225792,0,2022-10-30,,COM VÍTIMA,FINALIZADA,ARRUDA,RUA DO MACHADO,,RUA MANOEL SILVA,CLUBE DOS IRRESPONSAVEIS,ARRUDA,,SUBURBIO,COLISÃO TRANSVERSAL,1,0,1,0,0,0,0,0,0,0,0,0,0,0,0,0,0,0,1,0,0,0,Cruzamento,Bom,Sem defeito,Perfeito estado,Seca,Perfeito estado,Não existe,Placas Pare,,Dupla,Não existe,,,,
202225812,0,2022-10-31,,COM VÍTIMA,FINALIZADA,IMBIRIBEIRA,AV MARECHAL MASCARENHAS DE MORAES,6217,0,,DE FRENTE A JUSTIÇA FEDERAL,IMBIRIBEIRA,,,COLISÃO TRASEIRA,1,0,1,0,0,0,0,0,0,0,0,0,0,0,0,0,0,0,1,0,0,0,Longo da via,Bom,Não existe,Perfeito estado,Seca,Perfeito estado,Não existe,R-5a,60 km/h,Única,Faixa contínua,,,
202225820,0,2022-10-31,,COM VÍTIMA,FINALIZADA,IMBIRIBEIRA,AV MARECHAL MASCARENHAS DE MORAES,570,0,RUA ARQUITETO FERNANDO ALMEIDA,EM FRENTE AO ARAMZEM CORAL,IMBIRIBEIRA,286,0,SUBURBIO,COLISÃO COM CICLISTA,0,0,1,0,0,0,1,0,0,0,0,0,0,0,0,0,0,0,1,0,0,0,Longo da via,Chuvoso,Sem defeito,Perfeito estado,Molhada,Perfeito estado,Faixa de retenção,R-6a,,Única,Faixa seccionada,,
202225821,0,2022-10-31,,COM VÍTIMA,FINALIZADA,BOA VIAGEM,AV BOA VIAGEM,,,PROX AO PARQUE DONA LINDU,BOA VIAGEM,1,0,,ATROPELAMENTO DE PESSOA,1,0,0,0,0,0,0,0,1,0,0,0,0,0,0,0,0,0,1,0,0,0,Longo da via,Bom,Sem defeito,Perfeito estado,Seca,Perfeito estado,Faixa de pedestre,R-19,60 km/h,Única,Não existe,,,
202225823,0,2022-10-31,,COM VÍTIMA,FINALIZADA,BOA VISTA,RUA MARQUES AMORIM,234,0,RUA VISCONDE DE GOIANA,EM FRENTE A LOJA DONA MENINA,BOA VISTA,,CIDADE,COLISÃO LATERAL,1,0,1,0,0,0,0,0,0,0,0,0,0,0,0,0,0,0,1,0,0,0,Cruzamento,Bom,Não existe,Perfeito estado,Seca,Perfeito estado,Faixa de pedestre,Placas Pare,,Única,Não existe,,,
202225824,0,2022-10-31,,COM VÍTIMA,FINALIZADA,GRAÇAS,AV RUI BARBOSA,550,0,RUA ESMERALDINO BANDEIRA,SUPERMERCADO RECIBOM,GRAÇAS,,,COLISÃO LATERAL,1,0,1,0,0,0,0,0,0,0,0,0,0,0,0,0,0,0,1,0,0,0,Longo da via,Bom,Sem defeito,Perfeito estado,Seca,Perfeito estado,Agente,Outras,,Única,Faixa,,,
202225831,0,2022-10-31,,COM VÍTIMA,FINALIZADA,GRAÇAS,RUA JOAQUIM NABUCO,398,0,,AO LADO GALERIA DERBY CENTER I,GRAÇAS,71,0,SUBURBIO,COLISÃO TRASEIRA,0,0,1,0,0,0,0,0,0,0,0,0,0,0,0,0,0,0,1,0,0,0,Longo da via,Bom,Sem defeito,Perfeito estado,Seca,Perfeito estado,Não existe,R-6a,60 km/h,Única,Não existe,,
202225843,0,2022-10-31,,SEM VÍTIMA,FINALIZADA,JARDIM SÃO PAULO,RUA LEANDRO BARRETO,50 B,,EM FRENTE A ARENA UM,JARDIM SÃO PAULO,,SUBURBIO,COLISÃO TRASEIRA,1,0,0,0,0,0,0,0,0,0,0,0,0,0,1,0,0,0,0,0,0,0,Longo da via,Bom,Não existe,Não existente,Seca,Perfeito estado,Não existe,Não há placas,40 km/h,Dupla,Não existe,,,,
202225845,0,2022-10-31,,SEM VÍTIMA,FINALIZADA,PAISSANDU,RUA PAISSANDU,738,0,,EM FRENTE AO HOSPITAL HAPVIDA,PAISSANDU,,SUBURBIO,COLISÃO TRASEIRA,1,0,0,0,0,0,0,0,0,0,0,0,1,0,0,0,0,0,0,0,0,0,,Bom,Sem defeito,Perfeito estado,Seca,Perfeito estado,Não existe,Outras,60 km/h,Dupla,Canteiro central,,,
202225849,0,2022-10-31,,COM VÍTIMA,FINALIZADA,IMBIRIBEIRA,AV MARECHAL MASCARENHAS DE MORAES,6211,0,,E/F A JUSTIÇA FEDERAL S/T JABOATAO,IMBIRIBEIRA,,SUBURBIO,COLISÃO FRONTAL,1,0,1,0,0,0,0,0,0,0,0,0,0,0,0,0,0,0,1,0,0,0,Longo da via,Bom,Não existe,Perfeito estado,Seca,Perfeito estado,Não existe,R-5a,60 km/h,Única,Faixa seccionada,,,
202225871,0,2022-10-31,,COM VÍTIMA,FINALIZADA,JORDÃO,AV MARIA IRENE,255,0,,PROX AO SUPERMERCADO ATACAREJO JORDÃO,JORDÃO,,,QUEDA,0,0,1,0,0,0,0,0,0,0,0,0,0,0,0,0,0,0,2,0,0,0,Longo da via,Bom,Sem defeito,Perfeito estado,Seca,Perfeito estado,Faixa de pedestre,R-6a,,Dupla,Não existe,,,
202225882,0,2022-10-31,,COM VÍTIMA,FINALIZADA,BARRO,RUA PERY,2533,0,,,BARRO,615,0,,COLISÃO LATERAL,1,0,1,0,0,0,0,0,0,0,0,0,0,0,0,0,0,0,1,0,0,0,,,,,,,,,,,,,
202225911,0,2022-11-01,,COM VÍTIMA,FINALIZADA,TORRE,RUA JOSE BONIFACIO,359,0,RUA CLOVIS BEVILAQUA,PROX AO JOÃO DA CARNE DE SOL,TORRE,,CIDADE,COLISÃO LATERAL,1,0,1,0,0,0,0,0,0,0,0,0,0,0,0,0,0,0,1,0,0,0,Longo da via,Bom,Não existe,Perfeito estado,Seca,Perfeito estado,Não existe,Outras,,Única,Faixa seccionada,,,
202225916,0,2022-11-01,,COM VÍTIMA,FINALIZADA,BARRO,AV DR JOSE RUFINO,2125,0,,PRÓX. À SORVETERIA DO BARRO / EDIFÍCIO ALAMEDA PARQUE,BARRO,213,0,SUBURBIO,COLISÃO FRONTAL,1,0,2,0,0,0,0,0,0,0,0,0,0,0,0,0,0,0,2,0,0,0,Longo da via,Bom,Sem defeito,Perfeito estado,Seca,Perfeito estado,Faixa de pedestre,R-6a,30 km/h,Dupla,Faixa contínua,,
202225918,0,2022-11-01,,COM VÍTIMA,FINALIZADA,PINA,AV HERCULANO BANDEIRA,65,0,,EM FRENTE À DIPLOMATA,PINA,,SUBURBIO,COLISÃO LATERAL,1,0,1,0,0,0,0,0,0,0,0,0,0,0,0,0,0,0,1,0,0,0,Longo da via,Bom,Não existe,Perfeito estado,Seca,Perfeito estado,,R-25c,,Única,Não existe,,,
202225931,0,2022-11-01,,SEM VÍTIMA,FINALIZADA,AREIAS,AV RECIFE,,,EM FRENTE AO HOSPITAL EDUARDO CAMPOS,AREIAS,,,,1,0,0,0,0,0,0,0,0,0,0,0,1,0,0,0,0,0,0,0,0,0,Longo da via,Bom,Não existe,Perfeito estado,Seca,Perfeito estado,Não existe,Outras,,Dupla,Faixa contínua,,,,
202225938,0,2022-11-01,,COM VÍTIMA,FINALIZADA,SANTO AMARO,RUA FREI CASSIMIRO,919A,RUA TREZE DE MAIO,AO LADO DA MODESTO BORRACHARIA,SANTO AMARO,,SUBURBIO,COLISÃO TRANSVERSAL,1,0,1,0,0,0,0,0,0,0,0,0,0,0,0,0,0,0,1,0,0,0,Longo da via,Bom,Não existe,Incompleta,Seca,Perfeito estado,Faixa de retenção,Não há placas,,Dupla,Faixa contínua,,,,
202225941,0,2022-11-01,,COM VÍTIMA,CANCELADA,BOA VIAGEM,AV BOA VIAGEM,5164,0,,EM FRENTE AO EDIFICIO JARDIM TRANSATLANTICO,BOA VIAGEM,,,COLISÃO TRASEIRA,1,0,1,0,0,0,0,0,0,0,0,0,0,0,0,0,0,0,1,0,0,0,,,,,,,,,,,,,,
202225956,0,2022-11-01,,COM VÍTIMA,FINALIZADA,PINA,PTE VICE PRESIDENTE JOSE ALENCAR,,,SENTIDO BOA VIAGEM,PINA,,,COLISÃO COM CICLISTA,1,0,0,0,0,0,1,0,0,0,0,0,0,0,0,0,0,0,1,0,0,0,Ponte,Bom,Não existe,Perfeito estado,Seca,Perfeito estado,Não existe,Não há placas,60 km/h,Única,Faixa seccionada,,,,
202225959,0,2022-11-01,,COM VÍTIMA,FINALIZADA,MADALENA,RUA JOSE OSORIO,401,0,,PRÓXIMO AO RM EXPRESS,MADALENA,,SUBURBIO,COLISÃO LATERAL,0,0,2,0,0,0,0,0,0,0,0,0,0,0,0,0,0,0,1,0,0,0,Longo da via,Bom,Não existe,Perfeito estado,Seca,Perfeito estado,Não existe,Outras,,Única,Faixa seccionada,,,
202225977,0,2022-11-01,,COM VÍTIMA,FINALIZADA,SANTO AMARO,AV PREFEITO ARTUR LIMA CAVALCANTI,,,PROXIMO AO RESIDENCIAL DA MARINHA,SANTO AMARO,,SUBURBIO,ATROPELAMENTO DE PESSOA,1,0,0,0,0,0,0,0,1,0,0,0,0,0,0,0,0,0,1,0,0,0,Longo da via,Bom,Não existe,Perfeito estado,Seca,Mal iluminada,Não existe,Não há placas,40 km/h,Única,Faixa seccionada,,,,
202225982,0,2022-11-02,,SEM VÍTIMA,FINALIZADA,BOA VIAGEM,AV ENGENHEIRO DOMINGOS FERREIRA,,RUA JOSE MARIA DE MIRANDA,EM FRENTE AO BAR DO PAULINHO,BOA VIAGEM,,,COLISÃO LATERAL,2,0,0,0,0,0,0,0,0,0,0,0,0,0,0,0,0,0,0,0,0,0,,,,,,,,,,,,,,,
202226000,0,2022-11-02,,COM VÍTIMA,FINALIZADA,TORRÕES,AV CAXANGA,916,0,,EM FRENTE A VELANCIA TECIDOS PROFISSIONAIS,TORRÕES,,,COLISÃO LATERAL,1,0,1,0,0,0,0,0,0,0,0,0,0,0,0,0,0,0,1,0,0,0,Longo da via,Bom,Não existe,Perfeito estado,Seca,Perfeito estado,Não existe,Não há placas,60 km/h,Única,Faixa seccionada,,,
202226018,0,2022-11-02,,COM VÍTIMA,FINALIZADA,BOA VIAGEM,VIADUTO TANCREDO NEVES,100,0,,DESCIDA DO VIADUTO,  PROX AO ATACADÃO,  HB20 RUK 1H55 // QYW 7G86 CG 160,BOA VIAGEM,,CIDADE,COLISÃO LATERAL,1,0,1,0,0,0,0,0,0,0,0,0,0,0,0,0,0,0,1,0,0,0,Longo da via,Bom,Não existe,Perfeito estado,Seca,Perfeito estado,Não existe,Não há placas,,Única,Faixa seccionada,
202226019,0,2022-11-02,,COM VÍTIMA,CANCELADA,BOA VIAGEM,RUA JACK AYRES,62,0,RUA FRANCISCO DA CUNHA,REFERENCIA EDIFICIO PLAZA LAFAYETTE -  KIL 1151 - TITAN CG 150 // ETIOS PDD 7393,BOA VIAGEM,,,COLISÃO FRONTAL,1,0,1,0,0,0,0,0,0,0,0,0,0,0,0,0,0,0,1,0,0,0,,,,,,,,,,,,,,
202226027,0,2022-11-02,,COM VÍTIMA,FINALIZADA,SAN MARTIN,AV GENERAL SAN MARTIN,801,0,RUA PEREIRA DE MORAES,E/F AO EDF SANTA BARBARA   PROX ACADEMIA GYM FIT,SAN MARTIN,,,COLISÃO LATERAL,2,0,1,0,0,0,0,0,0,0,0,0,0,0,0,0,0,0,1,0,0,0,Esquina,Bom,Não existe,Não existente,Seca,Mal conservada,Não existe,Não há placas,40 km/h,Dupla,Não existe,,,
202226039,0,2022-11-02,,SEM VÍTIMA,FINALIZADA,SANTO AMARO,AV CRUZ CABUGA,,,NA FRENTE DO HOSPITAL DO CANCER,SANTO AMARO,,,COLISÃO TRASEIRA,2,0,0,0,0,0,0,0,0,0,0,0,0,0,0,0,0,0,0,0,0,0,,,,,,,,,,,,,,,
202226045,0,2022-11-02,,COM VÍTIMA,CANCELADA,TEJIPIÓ,AV DR JOSE RUFINO,3131,0,,E/F AO 4BCOM BATALHAO DE COMUNICAÇOES,TEJIPIÓ,,,COLISÃO FRONTAL,2,0,0,0,0,0,0,0,0,0,0,0,0,0,0,0,0,0,1,0,0,0,,,,,,,,,,,,,,
202226046,0,2022-11-02,,COM VÍTIMA,FINALIZADA,PINA,RUA CARNEIRO PESSOA,56,0,RUA BARREIROS,PROXIMO AO BAIANO ALTO PEÇAS E SERVIÇOS,PINA,,CIDADE,COLISÃO FRONTAL,1,0,1,0,0,0,0,0,0,0,0,0,0,0,0,0,0,0,1,0,0,0,Cruzamento,Bom,Não existe,Não existente,Seca,Perfeito estado,Não existe,Não há placas,30 km/h,Dupla,Não existe,,,
202226052,0,2022-11-02,,SEM VÍTIMA,FINALIZADA,VÁRZEA,AV PROFESSOR ARTUR DE SA,,,EM FRENTE AO CEMITERIO DA VARZEA,VÁRZEA,,,CHOQUE,1,0,0,0,0,0,0,0,0,0,0,0,0,0,0,0,0,0,0,0,0,0,,,,,,,,,,,,,,,
202226056,0,2022-11-02,,COM VÍTIMA,FINALIZADA,SANTO AMARO,RUA MAMEDE SIMOES,,RUA DA UNIAO,RUA DOS BARES,SANTO AMARO,,SUBURBIO,COLISÃO FRONTAL,0,0,2,0,0,0,0,0,0,0,0,0,0,0,0,0,0,0,1,0,0,0,Cruzamento,Bom,Não existe,Perfeito estado,Seca,Perfeito estado,Não existe,Placas Pare,,Única,Não existe,,,,
202226061,0,2022-11-02,,COM VÍTIMA,CANCELADA,SAN MARTIN,AV GENERAL SAN MARTIN,1575,0,,EM FRENTE A CAVALARIA,SAN MARTIN,,,COLISÃO LATERAL,1,0,1,0,0,0,0,0,0,0,0,0,0,0,0,0,0,0,1,0,0,0,,,,,,,,,,,,,,
202226083,0,2022-11-03,,COM VÍTIMA,FINALIZADA,TORRÕES,AV ENGENHEIRO ABDIAS DE CARVALHO,,,EM FRENTE A UPA,TORRÕES,,CIDADE,QUEDA,0,0,1,0,0,0,0,0,0,0,0,0,0,0,0,0,0,0,1,0,0,0,,,,,,,,,,,,,,,
202226101,0,2022-11-03,,COM VÍTIMA,FINALIZADA,AREIAS,AV DR JOSE RUFINO,642,0,,EM FRENTE A IGREJA MATRIZ DE SANTA LUZIA,AREIAS,491,0,SUBURBIO,COLISÃO TRASEIRA,0,0,2,0,0,0,0,0,0,0,0,0,0,0,0,0,0,0,1,0,0,0,Longo da via,Bom,Sem defeito,Perfeito estado,Seca,Perfeito estado,Faixa de pedestre,Outras,,Dupla,Faixa seccionada,,
202226109,0,2022-11-03,,COM VÍTIMA,FINALIZADA,DOIS IRMÃOS,RUA DOIS IRMAOS,600,0,,PROX AO HOTEL SENZALA,DOIS IRMÃOS,416,0,CIDADE,COLISÃO LATERAL,1,0,1,0,0,0,0,0,0,0,0,0,0,0,0,0,0,0,1,0,0,0,Longo da via,Bom,Sem defeito,Perfeito estado,Seca,Perfeito estado,Faixa de retenção,Placas Pare,60 km/h,Dupla,Faixa contínua,,
202226121,0,2022-11-03,,COM VÍTIMA,FINALIZADA,BOA VISTA,RUA DOM BOSCO,,AV CONDE DA BOA VISTA,E/F A EMLURB,BOA VISTA,,SUBURBIO,COLISÃO LATERAL,1,0,1,0,0,0,0,0,0,0,0,0,0,0,0,0,0,0,2,0,0,0,Cruzamento,Bom,Sem defeito,Perfeito estado,Seca,Perfeito estado,Faixa de retenção,Outras,,Dupla,Canteiro central,,,,
202226133,0,2022-11-03,,COM VÍTIMA,FINALIZADA,BEBERIBE,AV BEBERIBE,1469,0,RUA SETE PECADOS,EM FRENTE AO BARRACÃO,BEBERIBE,,,COLISÃO TRANSVERSAL,0,0,2,0,0,0,0,0,0,0,0,0,0,0,0,0,0,0,4,0,0,0,Cruzamento,Bom,Não existe,,Seca,Perfeito estado,Não existe,Não há placas,,Dupla,Não existe,,,
202226162,0,2022-11-03,,COM VÍTIMA,FINALIZADA,BOA VIAGEM,AVENIDA CELSO FURTADO (VIA MANGUE),,,SENTIDO PINA -  ANTES DA LOMBADA ELETRONICA,BOA VIAGEM,,CIDADE,COLISÃO LATERAL,0,0,2,0,0,0,0,0,0,0,0,0,0,0,0,0,0,0,2,0,0,0,Longo da via,Bom,Não existe,Perfeito estado,Seca,Perfeito estado,Não existe,Não há placas,,Dupla,Blocos,,,,
202226163,0,2022-11-03,,SEM VÍTIMA,FINALIZADA,BOA VIAGEM,RUA JOAO CARDOSO AIRES,438,0,RUA SA E SOUZA,,BOA VIAGEM,,CIDADE,COLISÃO TRASEIRA,1,0,0,0,1,0,0,0,0,0,0,0,0,0,0,0,0,0,0,0,0,0,Longo da via,Bom,Sem defeito,Perfeito estado,Seca,Perfeito estado,Não existe,Não há placas,30 km/h,Única,Faixa contínua,,,
202226164,0,2022-11-03,,VÍTIMA FATAL,FINALIZADA,BOA VISTA,RUA DO PRINCIPE,736,0,RUA NUNES MACHADO,PROX. A CATOLICA,BOA VISTA,,CIDADE,COLISÃO LATERAL,0,0,1,0,0,0,0,0,0,0,1,0,0,0,0,0,0,0,0,0,1,0,Longo da via,Bom,Não existe,Perfeito estado,Seca,Perfeito estado,Faixa de pedestre,R-6a,,Única,Faixa seccionada,,,
202226168,0,2022-11-04,,SEM VÍTIMA,FINALIZADA,VASCO DA GAMA,AV NORTE MIGUEL ARRAES DE ALENCAR,945,0,RUA VASCO DA GAMA,PRÓXIMO A PIZZARIA PASSIRA,VASCO DA GAMA,66,0,SUBURBIO,COLISÃO TRANSVERSAL,2,0,0,0,0,0,0,0,0,0,0,0,0,0,0,0,0,0,0,0,0,0,Cruzamento,Bom,Sem defeito,Perfeito estado,Seca,Perfeito estado,Faixa de pedestre,Outras,,Dupla,Faixa contínua,Faixa seccionada,
202226179,0,2022-11-04,,SEM VÍTIMA,FINALIZADA,CASA FORTE,EST DAS UBAIAS,105,0,,EM FRENTE AO EDIFÍCIO AKHINOS,CASA FORTE,,SUBURBIO,COLISÃO LATERAL,2,0,0,0,0,0,0,0,0,0,0,0,0,0,0,0,0,0,0,0,0,0,Longo da via,Bom,Não existe,Incompleta,Seca,Perfeito estado,Não existe,Não há placas,,Dupla,,,,
202226186,0,2022-11-04,,COM VÍTIMA,FINALIZADA,IMBIRIBEIRA,RUA ITACARI,301,0,RUA ITAJAI,VERIFICAR ACIDENTE COM VÍTIMIA- SEM MAIS INFORMAÇÕES NO MOMENTO,IMBIRIBEIRA,,,COLISÃO COM CICLISTA,1,0,0,0,0,0,1,0,0,0,0,0,0,0,0,0,0,0,1,0,0,0,Longo da via,Bom,Não existe,Não existente,Seca,Mal conservada,Faixa de pedestre,Placas Pare,40 km/h,Única,Não existe,,,
202226187,0,2022-11-04,,COM VÍTIMA,DUPLICIDADE,IMBIRIBEIRA,RUA JAMAICA,162,0,,INOVE PVC,IMBIRIBEIRA,,,COLISÃO COM CICLISTA,1,0,0,0,0,0,1,0,0,0,0,0,0,0,0,0,0,0,1,0,0,0,,,,,,,,,,,,,,
202226210,0,2022-11-04,,COM VÍTIMA,FINALIZADA,BOA VISTA,AV GUARARAPES,250,0,,PRÓX. AOS CORREIOS,BOA VISTA,14,0,,ATROPELAMENTO DE PESSOA,0,0,0,0,0,0,0,0,1,0,1,0,0,0,0,0,0,0,1,0,0,0,Longo da via,Bom,Sem defeito,Perfeito estado,Seca,Perfeito estado,Faixa de pedestre,Outras,,Dupla,Faixa seccionada,Canteiro central,
202226222,0,2022-11-04,,SEM VÍTIMA,FINALIZADA,ARRUDA,AV BEBERIBE,1584,0,RUA SAO BENTO,EM FRENTE A LOJA  PÉ COM CHINELO  SOB O SEMÁFORO 064,ARRUDA,64,0,,,1,0,0,0,0,0,0,0,0,0,1,0,0,0,0,0,0,0,0,0,0,0,Longo da via,Bom,Sem defeito,Perfeito estado,Seca,Perfeito estado,Faixa de pedestre,Outras,,Dupla,Faixa contínua,,
202226250,0,2022-11-04,,COM VÍTIMA,FINALIZADA,VÁRZEA,AV AFONSO OLINDENSE,5671,0,,EM A PADARIA CAXANGÁ,VÁRZEA,638,0,CIDADE,COLISÃO FRONTAL,1,0,0,0,1,0,0,0,0,0,0,0,0,0,0,0,0,0,1,0,0,0,Longo da via,Bom,Sem defeito,Perfeito estado,Seca,Perfeito estado,Faixa de pedestre,Outras,,Dupla,Faixa contínua,,
202226281,0,2022-11-05,,COM VÍTIMA,FINALIZADA,AFOGADOS,RUA VINTE E UM DE ABRIL,794,0,,EM FRENTE AO CLUBE FERROVIARIO,AFOGADOS,,CIDADE,COLISÃO FRONTAL,1,0,1,0,0,0,0,0,0,0,0,0,1,0,0,0,0,0,1,0,0,0,Esquina,Bom,Não existe,Incompleta,Seca,Perfeito estado,Não existe,Placas Pare,,Dupla,Não existe,,,
202226298,0,2022-11-05,,COM VÍTIMA,FINALIZADA,SÃO JOSÉ,AV SUL,52,0,,PROX AO POSTO BR,SÃO JOSÉ,,CIDADE,QUEDA,0,0,1,0,0,0,0,0,0,0,0,0,0,0,0,0,0,0,2,0,0,0,Longo da via,Bom,Não existe,Perfeito estado,Seca,Perfeito estado,Não existe,Outras,50 km/h,Dupla,Não existe,,,
202226346,0,2022-11-05,,COM VÍTIMA,FINALIZADA,IBURA,RUA EXP FRANCISCO VITORIANO,122,0,,BORRACHARIA DO PRETO,IBURA,,CIDADE,COLISÃO LATERAL,1,0,1,0,0,0,0,0,0,0,0,0,0,0,0,0,0,0,1,0,0,0,Longo da via,Bom,Não existe,Ilegível,Seca,Perfeito estado,Não existe,Não há placas,,Dupla,Faixa seccionada,,,
202226347,0,2022-11-05,,SEM VÍTIMA,FINALIZADA,VÁRZEA,RUA GENERAL POLIDORO,,RUA AGRICOLANDIA,PRÓXIMO A PADARIA CIDADE UNIVERSITARIA,VÁRZEA,,,COLISÃO LATERAL,2,0,0,0,0,0,0,0,0,0,0,0,0,0,0,0,0,0,0,0,0,0,,,,,,,,,,,,,,,
202226349,0,2022-11-06,,COM VÍTIMA,FINALIZADA,MADALENA,RUA JOSE OSORIO,270,0,EST DOS REMEDIOS,PROX. EXTRAFARMA,MADALENA,50,0,SUBURBIO,COLISÃO TRANSVERSAL,2,0,0,0,0,0,0,0,0,0,0,0,0,0,0,0,0,0,1,0,0,0,Cruzamento,Bom,Sem defeito,Perfeito estado,Seca,Perfeito estado,Não existe,Não há placas,60 km/h,Única,Faixa seccionada,,