Protocolo,,data,hora,natureza_acidente,situacao,bairro,endereco,numero,detalhe_endereco_acidente,complemento,bairro_cruzamento,num_semaforo,sentido_via,tipo,auto,moto,ciclom,ciclista,pedestre,onibus,caminhao,viatura,outros,vitimas,vitimasfatais,acidente_verificado,tempo_clima,situacao_semaforo,sinalizacao,condicao_via,conservacao_via,ponto_controle,situacao_placa,velocidade_max_via,mao_direcao,divisao_via1,divisao_via2,divisao_via3,,,,,,,,,,,,,
202226350,0,2022-11-06,,SEM VÍTIMA,CANCELADA,JAQUEIRA,AV RUI BARBOSA,,,PROX. AO HOSPITAL MARIA LUCINDA,JAQUEIRA,,,COLISÃO FRONTAL,0,0,0,0,0,0,0,0,0,0,0,0,0,0,0,0,0,0,0,0,0,0,,,,,,,,,,,,,,,
202226360,0,2022-11-06,,COM VÍTIMA,CANCELADA,ARRUDA,AV BEBERIBE,,RUA SAO BENTO,PRÓX. À CASA DE SHOWS BATE-PAPO.,ARRUDA,64,0,,COLISÃO LATERAL,1,0,1,0,0,0,0,0,0,0,0,0,0,0,0,0,0,0,2,0,0,0,,,,,,,,,,,,,,
202226361,0,2022-11-06,,COM VÍTIMA,CANCELADA,TOTÓ,RUA ONZE DE AGOSTO,571,0,,EM FRENTE À COMPESA,TOTÓ,,,CHOQUE,1,0,0,0,0,0,0,0,0,0,0,0,0,0,0,0,0,0,1,0,0,0,,,,,,,,,,,,,,
202226416,0,2022-11-06,,SEM VÍTIMA,FINALIZADA,AFOGADOS,RUA SAO MIGUEL,,RUA QUITERIO INACIO DE MELLO,SEMÁFORO DE Nº 333,AFOGADOS,333,0,SUBURBIO,COLISÃO TRANSVERSAL,2,0,0,0,0,0,0,0,0,0,0,0,0,0,0,0,0,0,0,0,0,0,Cruzamento,Bom,Sem defeito,Perfeito estado,Seca,Perfeito estado,Faixa de pedestre,Outras,,Dupla,Faixa contínua,,,
202226433,0,2022-11-07,,COM VÍTIMA,FINALIZADA,TORRE,RUA REAL DA TORRE,802,0,RUA GALVAO RAPOSO,EM FRENTE AO GUIA MATERIAL DE CONSTRUÇÃO,TORRE,255,0,,COLISÃO LATERAL,1,0,1,0,0,0,0,0,0,0,0,0,0,0,0,0,0,0,1,0,0,0,Cruzamento,Bom,Sem defeito,Perfeito estado,Seca,Perfeito estado,Faixa de pedestre,Outras,,Única,Faixa seccionada,,
202226441,0,2022-11-07,,COM VÍTIMA,FINALIZADA,AFOGADOS,RUA COSME VIANA,225,0,,LADO OPOSTO AO Nº 225, EM FRENTE À TUPAN,AFOGADOS,,SUBURBIO,COLISÃO LATERAL,1,0,1,0,0,0,0,0,0,0,0,0,0,0,0,0,0,0,1,0,0,0,Longo da via,Bom,Não existe,Perfeito estado,Seca,Perfeito estado,Não existe,Não há placas,,Única,Faixa seccionada,,
202226456,0,2022-11-07,,COM VÍTIMA,FINALIZADA,SANTO AMARO,RUA ODORICO MENDES,,AV GOVERNADOR AGAMENON MAGALHAES,ACIDENTE,SANTO AMARO,49,0,CIDADE,COLISÃO LATERAL,0,0,2,0,0,0,0,0,0,0,0,0,0,0,0,0,0,0,2,0,0,0,Cruzamento,Bom,Sem defeito,Perfeito estado,Seca,Perfeito estado,Agente,Outras,60 km/h,Dupla,Faixa seccionada,Blocos,,
202226458,0,2022-11-07,,COM VÍTIMA,FINALIZADA,CASA AMARELA,LGO DOM LUIZ,,AV NORTE MIGUEL ARRAES DE ALENCAR,,CASA AMARELA,,SUBURBIO,ATROPELAMENTO DE PESSOA,0,0,1,0,0,0,0,0,1,0,0,0,0,0,0,0,0,0,1,0,0,0,Longo da via,Bom,Sem defeito,Perfeito estado,Seca,Perfeito estado,Faixa de retenção,Outras,60 km/h,Dupla,Canteiro central,,,,
202226461,0,2022-11-07,,COM VÍTIMA,FINALIZADA,BOA VIAGEM,AV BOA VIAGEM,3962,0,RUA RIBEIRO DE BRITO,EM FRENTE AO EDIFÍCIO QUEEN MARY,BOA VIAGEM,,CIDADE,COLISÃO LATERAL,3,0,0,0,0,0,0,0,0,0,0,0,0,0,0,0,0,0,1,0,0,0,,Bom,Não existe,Perfeito estado,Seca,Perfeito estado,Faixa de pedestre,Não há placas,,Única,Faixa seccionada,,,
202226463,0,2022-11-07,,COM VÍTIMA,CANCELADA,BEBERIBE,AV BEBERIBE,487,0,,,BEBERIBE,,,COLISÃO LATERAL,1,0,1,0,0,0,0,0,0,0,0,0,0,0,0,0,0,0,1,0,0,0,,,,,,,,,,,,,,
202226475,0,2022-11-07,,COM VÍTIMA,FINALIZADA,BOA VIAGEM,RUA ERNESTO DE PAULA SANTOS,,,RUA VISCONDE DE JEQUITINHONHA,BOA VIAGEM,304,0,CIDADE,COLISÃO COM CICLISTA,0,0,0,0,0,0,1,0,0,0,1,0,0,0,0,0,0,0,1,0,0,0,Longo da via,Bom,Sem defeito,Perfeito estado,Seca,Perfeito estado,Não existe,Não há placas,30 km/h,Única,Faixa seccionada,,,
202226501,0,2022-11-08,,COM VÍTIMA,FINALIZADA,GRAÇAS,AV DR MALAQUIAS,,,,GRAÇAS,,,COLISÃO LATERAL,0,0,0,0,0,0,0,0,0,0,0,0,0,0,0,0,0,0,1,0,0,0,Longo da via,Bom,Não existe,Perfeito estado,Seca,Perfeito estado,Não existe,Não há placas,40 km/h,Única,Não existe,,,,
202226514,0,2022-11-08,,COM VÍTIMA,FINALIZADA,AREIAS,AV RECIFE,,,ACIDENTE COM VÍTIMA  COLISÃO TRASEIRA,,AREIAS,,SUBURBIO,COLISÃO TRASEIRA,7,0,0,0,0,0,0,0,0,0,0,0,0,0,1,0,0,0,1,0,0,0,Longo da via,Bom,Não existe,Perfeito estado,Seca,Perfeito estado,Não existe,Outras,60 km/h,Única,Faixa seccionada,,,
202226518,0,2022-11-08,,COM VÍTIMA,FINALIZADA,IMBIRIBEIRA,RUA ARQUITETO LUIZ NUNES,673,0,,EM FRENTE A ESCOLA PINHEIROS,IMBIRIBEIRA,,,COLISÃO TRANSVERSAL,1,0,1,0,0,0,0,0,0,0,0,0,0,0,0,0,0,0,1,0,0,0,Longo da via,Bom,Não existe,Perfeito estado,Seca,Perfeito estado,Faixa de pedestre,Outras,40 km/h,Dupla,Faixa contínua,,,
202226523,0,2022-11-08,,COM VÍTIMA,FINALIZADA,BOA VIAGEM,AV DES JOSE NEVES,103,0,,,BOA VIAGEM,,,COLISÃO LATERAL,0,0,1,0,0,0,0,0,0,0,0,0,0,0,0,0,0,0,1,0,0,0,Longo da via,Bom,Não existe,Perfeito estado,Seca,Perfeito estado,Não existe,Não há placas,,Única,Faixa seccionada,,,
202226597,0,2022-11-09,,COM VÍTIMA,FINALIZADA,SANTO AMARO,RUA DOS PALMARES,,,COMANDO DA GUARDA MUNICIPAL DO RECIFE,SANTO AMARO,,,COLISÃO COM CICLISTA,2,0,0,0,0,0,1,0,0,0,0,0,0,0,0,0,0,0,1,0,0,0,Longo da via,Bom,Não existe,Perfeito estado,Seca,Perfeito estado,Não existe,Outras,40 km/h,,Faixa seccionada,,,,
202226600,0,2022-11-09,,COM VÍTIMA,FINALIZADA,NOVA DESCOBERTA,RUA NOVA DESCOBERTA,1051,0,,EM FRENTE A ECOESTAÇÃO,NOVA DESCOBERTA,,,COLISÃO LATERAL,1,0,1,0,0,0,0,0,0,0,0,0,0,0,0,0,0,0,2,0,0,0,Longo da via,Bom,Não existe,Incompleta,Seca,Perfeito estado,Não existe,R-6a,,Dupla,Faixa seccionada,,,
202226604,0,2022-11-09,,SEM VÍTIMA,FINALIZADA,BOA VISTA,RUA PADRE INGLES,366,0,,EM FRENTE A UNIBRA,BOA VISTA,,CIDADE,COLISÃO FRONTAL,2,0,0,0,0,0,0,0,0,0,0,0,0,0,0,0,0,0,0,0,0,0,Longo da via,Bom,Não existe,Perfeito estado,Seca,Perfeito estado,Não existe,Outras,,Dupla,Não existe,,,
202226605,0,2022-11-09,,COM VÍTIMA,FINALIZADA,JORDÃO,AV MARIA IRENE,500,0,,PROX A BASE AEREA MILITAR,JORDÃO,,,COLISÃO LATERAL,1,0,1,0,0,0,0,0,0,0,0,0,0,0,0,0,0,0,1,0,0,0,Longo da via,Bom,Não existe,Não existente,Seca,Perfeito estado,Não existe,Não há placas,,Dupla,Não existe,,,
202226636,0,2022-11-09,,COM VÍTIMA,CANCELADA,ENGENHO DO MEIO,AV MARIO ALVARES PEREIRA DE LYRA,,,CRUZAMNETO COM A RUA AMBROSIO MACHADO,ENGENHO DO MEIO,,,COLISÃO TRASEIRA,2,0,0,0,0,0,0,0,0,0,0,0,0,0,0,0,0,0,1,0,0,0,,,,,,,,,,,,,,,
202226638,0,2022-11-09,,COM VÍTIMA,FINALIZADA,BOA VISTA,RUA DA AURORA,,,CRUZAMENTO COM AV. CONDE DA BOA VISTA,BOA VISTA,162,0,,COLISÃO LATERAL,1,0,1,0,0,0,0,0,0,0,0,0,0,0,0,0,0,0,1,0,0,0,Cruzamento,Bom,Sem defeito,Perfeito estado,Seca,Perfeito estado,Faixa de pedestre,Outras,,Única,Faixa contínua,Faixa seccionada,,
202226650,0,2022-11-10,,COM VÍTIMA,FINALIZADA,MADALENA,RUA BENFICA,411,0,,EM FRENTE AO OFTALMAX,MADALENA,590,0,,COLISÃO LATERAL,1,0,1,0,0,0,0,0,0,0,0,0,0,0,0,0,0,0,1,0,0,0,Cruzamento,Bom,Sem defeito,Perfeito estado,Seca,Perfeito estado,Faixa de pedestre,R-6c,40 km/h,Dupla,Faixa contínua,Faixa seccionada,Canteiro central
202226653,0,2022-11-10,,COM VÍTIMA,FINALIZADA,PRADO,AV ENGENHEIRO ABDIAS DE CARVALHO,,,SOB O SEMÁFORO 327,PRADO,,CIDADE,COLISÃO TRANSVERSAL,0,0,1,0,0,0,0,0,0,0,0,0,1,0,0,0,0,0,2,0,0,0,Longo da via,Bom,Sem defeito,Perfeito estado,Seca,Perfeito estado,Faixa de retenção,R-6a,,Dupla,Canteiro central,,,,
202226656,0,2022-11-10,,COM VÍTIMA,FINALIZADA,TORRÕES,AV ENGENHEIRO ABDIAS DE CARVALHO,9,0,,PROX A UPA,  EM FRENTE A GALERIA ACRIMODAS,TORRÕES,,,COLISÃO TRASEIRA,0,0,1,0,0,0,0,0,0,0,1,0,0,0,0,0,0,0,1,0,0,0,Longo da via,Bom,Sem defeito,Perfeito estado,Seca,Perfeito estado,Outros,R-6a,,Dupla,Canteiro central,,
202226676,0,2022-11-10,,SEM VÍTIMA,FINALIZADA,IMBIRIBEIRA,AV MARECHAL MASCARENHAS DE MORAES,,,EM FRENTE A FERRO +,IMBIRIBEIRA,,,,1,0,0,0,0,0,0,0,0,0,0,0,1,0,0,0,0,0,0,0,0,0,Longo da via,Bom,Não existe,Perfeito estado,Seca,Perfeito estado,Não existe,Outras,,Dupla,Canteiro central,,,,
202226682,0,2022-11-10,,COM VÍTIMA,FINALIZADA,JIQUIÁ,RUA SAO MIGUEL,1676,0,,QUANDO SE DEPAROU COM UM SINISTRO ENVOLVENDO DOIS VEÍCULOS,JIQUIÁ,,SUBURBIO,COLISÃO TRASEIRA,1,0,1,0,0,0,0,0,0,0,0,0,0,0,0,0,0,0,1,0,0,0,Longo da via,Bom,Não existe,Perfeito estado,Seca,Perfeito estado,Não existe,Não há placas,60 km/h,Dupla,Faixa contínua,,,
202226699,0,2022-11-10,,COM VÍTIMA,CANCELADA,ILHA DO RETIRO,AV ENGENHEIRO ABDIAS DE CARVALHO,441,0,,HABIBS,ILHA DO RETIRO,,,COLISÃO TRASEIRA,1,0,1,0,0,0,0,0,0,0,0,0,0,0,0,0,0,0,1,0,0,0,,,,,,,,,,,,,,
202226722,0,2022-11-10,,COM VÍTIMA,FINALIZADA,SÃO JOSÉ,AV ENGENHEIRO JOSE ESTELITA,,,ACIDENTE COM VÍTIMA ABALROAMENTO LONGITUDINAL,SÃO JOSÉ,,SUBURBIO,,1,0,0,0,0,0,0,0,0,0,0,0,0,0,0,0,0,0,1,0,0,0,Longo da via,Bom,Não existe,Perfeito estado,Seca,Perfeito estado,Não existe,Outras,,Única,Faixa seccionada,,,,
202226725,0,2022-11-10,,COM VÍTIMA,FINALIZADA,CAMPO GRANDE,RUA VISCONDE DE CAIRU,188,0,RUA ODORICO MENDES,PROXIMO AO COLEGIO JESUS CRUCIFICADO,CAMPO GRANDE,,,COLISÃO LATERAL,1,0,1,0,0,0,0,0,0,0,0,0,0,0,0,0,0,0,1,0,0,0,Longo da via,Bom,Não existe,Perfeito estado,Seca,Perfeito estado,Não existe,Placas Pare,40 km/h,Dupla,Faixa seccionada,,,
202226739,0,2022-11-10,,COM VÍTIMA,FINALIZADA,CAXANGÁ,AV CAXANGA,,,EM FRENTE INTEGRAÇÃO DA CAXANGA,CAXANGÁ,,,ATROPELAMENTO DE PESSOA,0,0,1,0,0,0,0,0,1,0,0,0,0,0,0,0,0,0,1,0,0,0,Longo da via,Bom,Sem defeito,Perfeito estado,Seca,Perfeito estado,Faixa de pedestre,Outras,40 km/h,Dupla,Canteiro central,,,,
202226744,0,2022-11-10,,COM VÍTIMA,FINALIZADA,AREIAS,RUA IPOJUCA,124,0,,PROX AO INSS DE AREIAS,AREIAS,,,COLISÃO FRONTAL,1,0,1,0,0,0,0,0,0,0,0,0,0,0,0,0,0,0,1,0,0,0,,,,,,,,,,,,,,
202226755,0,2022-11-10,,SEM VÍTIMA,FINALIZADA,SÃO JOSÉ,RUA IMPERIAL,,TRV DO RAPOSO,SOB O SEMÁFORO 510,SÃO JOSÉ,510,0,SUBURBIO,COLISÃO TRANSVERSAL,2,0,0,0,0,0,0,0,0,0,0,0,0,0,0,0,0,0,0,0,0,0,Cruzamento,Chuvoso,Intermitente,Incompleta,Molhada,Mal iluminada,Não existe,Não há placas,60 km/h,Única,Não existe,,,
202226756,0,2022-11-10,,COM VÍTIMA,FINALIZADA,BOA VISTA,AV CONDE DA BOA VISTA,,RUA DA AURORA,,BOA VISTA,,,COLISÃO TRANSVERSAL,1,0,0,0,0,0,0,0,0,0,1,0,0,0,0,0,0,0,1,0,0,0,Cruzamento,Bom,Sem defeito,Perfeito estado,Seca,Perfeito estado,Faixa de pedestre,Não há placas,,Dupla,Faixa contínua,,,,
202226757,0,2022-11-10,,COM VÍTIMA,FINALIZADA,COQUEIRAL,RUA PAPA JOAO VINTE E TRES,,RUA FALCAO DE LACERDA,SOB O PONTILHÃO, AO LADO DA ESTAÇÃO,COQUEIRAL,,,COLISÃO FRONTAL,0,0,1,0,0,0,0,0,0,0,1,0,0,0,0,0,0,0,1,0,0,0,Longo da via,Bom,Não existe,Não existente,Seca,,Não existe,,,,,,,
202226773,0,2022-11-11,,SEM VÍTIMA,FINALIZADA,PINA,AVENIDA CELSO FURTADO (VIA MANGUE),,,PROX A LOMBADA ELETRONICA, SENTIDO BOA VIAGEM,PINA,,,CHOQUE,0,0,0,0,0,0,0,0,0,0,0,0,0,0,1,0,0,0,0,0,0,0,Longo da via,Chuvoso,Não existe,Perfeito estado,Molhada,Perfeito estado,,R-19,,Dupla,Canteiro central,,,
202226782,0,2022-11-11,,COM VÍTIMA,FINALIZADA,VÁRZEA,RUA VALE DO SIRIJI,S/N,RUA JOSE ANTONIO DA COSTA FILHO,PROX AO COLEGIO MARIA DA CONCEIÇÃO,VÁRZEA,,,COLISÃO TRASEIRA,2,0,1,0,0,0,0,0,0,0,0,0,0,0,0,0,0,0,1,0,0,0,Longo da via,Chuvoso,Não existe,Perfeito estado,Molhada,Perfeito estado,Não existe,Não há placas,,Dupla,Não existe,,,,
202226787,0,2022-11-11,,SEM VÍTIMA,FINALIZADA,IBURA,LAD DA COHAB,,AV DOIS RIOS,,IBURA,,,COLISÃO TRASEIRA,1,0,0,0,0,0,0,0,0,0,0,0,0,0,0,0,0,0,0,0,0,0,Cruzamento,Chuvoso,Não existe,Perfeito estado,Molhada,Mal conservada,Agente,R-4a,,Dupla,Faixa contínua,,,,
202226811,0,2022-11-11,,COM VÍTIMA,FINALIZADA,SANTO AMARO,RUA AURORA,1035,0,,REDE GLOBO,SANTO AMARO,,,COLISÃO LATERAL,1,0,1,0,0,0,0,0,0,0,0,0,0,0,0,0,0,0,1,0,0,0,Longo da via,Bom,Não existe,Perfeito estado,Seca,Perfeito estado,Faixa de pedestre,Não há placas,,Dupla,Canteiro central,,,
202226812,0,2022-11-11,,COM VÍTIMA,FINALIZADA,ILHA DO LEITE,AV GOVERNADOR AGAMENON MAGALHAES,,,EM FRENTE AO HOSPITAL PORTUGUES,ILHA DO LEITE,,,COLISÃO TRASEIRA,2,0,0,0,0,0,0,0,0,0,0,0,0,0,0,0,0,0,1,0,0,0,,,,,,,,,,,,,,,
202226827,0,2022-11-11,,COM VÍTIMA,FINALIZADA,TORRÕES,AV ENGENHEIRO ABDIAS DE CARVALHO,1325,0,RUA DELMIRO GOUVEIA,EM FRENTE A VITORIA MARMORE/ SENTIDO CIDADE,TORRÕES,375,0,CIDADE,COLISÃO LATERAL,1,0,1,0,0,0,0,0,0,0,0,0,0,0,0,0,0,0,1,0,0,0,Cruzamento,Bom,Sem defeito,Perfeito estado,Seca,Perfeito estado,,Outras,,Dupla,Não existe,,
202226832,0,2022-11-11,,COM VÍTIMA,FINALIZADA,DOIS UNIDOS,AV HILDEBRANDO DE VASCONCELOS,2692,0,,PROXIMO A QURADA DE DOIS UNIDOS,DOIS UNIDOS,,SUBURBIO,COLISÃO TRASEIRA,1,0,1,0,0,0,0,0,0,0,0,0,0,0,0,0,0,0,1,0,0,0,Longo da via,Bom,Não existe,Não existente,Seca,Perfeito estado,Não existe,Não há placas,,Dupla,Não existe,,,
202226857,0,2022-11-11,,COM VÍTIMA,FINALIZADA,IPUTINGA,RUA EMILIANO BRAGA,425,0,,ENTRADA DA INTEGRAÇÃO CDU,IPUTINGA,,,COLISÃO LATERAL,2,0,0,0,0,0,0,0,0,0,0,0,0,0,0,0,0,0,1,0,0,0,,,,,,,,,,,,,,
202226862,0,2022-11-11,,COM VÍTIMA,FINALIZADA,ESPINHEIRO,RUA DA HORA,,RUA AMELIA,EM FRENTE AO BANCO DO BRASIL,ESPINHEIRO,,,COLISÃO COM CICLISTA,0,0,1,0,0,0,1,0,0,0,0,0,0,0,0,0,0,0,2,0,0,0,Cruzamento,Bom,Sem defeito,Perfeito estado,Seca,Perfeito estado,Faixa de pedestre,Outras,40 km/h,Única,Faixa contínua,Faixa seccionada,,,
202226865,0,2022-11-11,,COM VÍTIMA,FINALIZADA,JORDÃO,AV MARIA IRENE,1038,0,,NA PARADA DE ONIBUS,JORDÃO,,SUBURBIO,CHOQUE,1,0,1,0,0,0,0,0,0,0,0,0,0,0,0,0,0,0,2,0,0,0,Longo da via,Bom,Não existe,Perfeito estado,Seca,Perfeito estado,Não existe,Não há placas,,Dupla,Faixa contínua,,,
202226884,0,2022-11-12,,COM VÍTIMA,FINALIZADA,APIPUCOS,RUA DE APIPUCOS,23,0,,CONDOMINIO HILSON MACEDO,APIPUCOS,,CIDADE,COLISÃO TRASEIRA,1,0,0,0,0,0,0,0,0,0,0,0,1,0,0,0,0,0,1,0,0,0,Longo da via,Chuvoso,Não existe,Perfeito estado,Molhada,Perfeito estado,Não existe,Não há placas,,Dupla,Faixa contínua,,,
202226885,0,2022-11-12,,SEM VÍTIMA,FINALIZADA,MADALENA,RUA JOAO IVO DA SILVA,232,0,RUA RICARDO SALAZAR,,MADALENA,,SUBURBIO,TOMBAMENTO,1,0,0,0,0,0,0,0,0,0,0,0,0,0,0,0,0,0,0,0,0,0,,,,,,,,,,,,,,
202226900,0,2022-11-12,,COM VÍTIMA,FINALIZADA,VÁRZEA,AV CAXANGA,4617,0,RUA GENERAL POLIDORO,EM FRENTE A ITALIANA, SENT. RECIFE,VÁRZEA,231,0,CIDADE,COLISÃO LATERAL,1,0,1,0,0,0,0,0,0,0,0,0,0,0,0,0,0,0,1,0,0,0,Cruzamento,Bom,Sem defeito,Perfeito estado,Seca,Perfeito estado,Faixa de pedestre,R-32,60 km/h,Dupla,Faixa contínua,Faixa seccionada
202226905,0,2022-11-12,,COM VÍTIMA,FINALIZADA,IMBIRIBEIRA,AV MARECHAL MASCARENHAS DE MORAES,4080,0,,EM FRENTE AO ATACADO DOS PRESENTES,IMBIRIBEIRA,310,0,SUBURBIO,COLISÃO LATERAL,1,0,1,0,0,0,0,0,0,0,0,0,0,0,0,0,0,0,2,0,0,0,Longo da via,Bom,Sem defeito,Perfeito estado,Seca,Perfeito estado,,,60 km/h,,Faixa seccionada,Canteiro central,
202226914,0,2022-11-12,,COM VÍTIMA,FINALIZADA,MANGUEIRA,AV DR JOSE RUFINO,,,E/F AFOGADOS ALUMINIOS  VT 21 NO LOCAL,MANGUEIRA,,,COLISÃO FRONTAL,1,0,1,0,0,0,0,0,0,0,0,0,0,0,0,0,0,0,1,0,0,0,,,,,,,,,,,,,,,
202226915,0,2022-11-12,,COM VÍTIMA,FINALIZADA,SAN MARTIN,AV GENERAL SAN MARTIN,2195,0,RUA DR GOMES PORTO,PROXIMO A PRAÇA DE SAN MARTIN,SAN MARTIN,,,COLISÃO TRANSVERSAL,1,0,1,0,0,0,0,0,0,0,0,0,0,0,0,0,0,0,1,0,0,0,Longo da via,Bom,Não existe,Incompleta,Seca,Perfeito estado,Faixa de pedestre,,,Dupla,Não existe,,,
202226928,0,2022-11-12,,SEM VÍTIMA,FINALIZADA,DERBY,AV GOVERNADOR AGAMENON MAGALHAES,,AV RUI BARBOSA,LADO OPOSTO AO COLEGIO AMERICANO BATISTA,DERBY,37,0,,COLISÃO LATERAL,1,0,0,0,0,0,0,0,0,0,0,0,0,0,1,0,0,0,0,0,0,0,Cruzamento,Chuvoso,Sem defeito,Perfeito estado,Molhada,Perfeito estado,Faixa de pedestre,Placas Pare,,Dupla,Canal,,,
202226935,0,2022-11-12,,COM VÍTIMA,FINALIZADA,CAXANGÁ,AV CAXANGA,,,EM FRENTE AO CAXANGÁ GOLF CLUBE,CAXANGÁ,,CIDADE,ATROPELAMENTO DE PESSOA,1,0,0,0,0,0,0,0,1,0,0,0,0,0,0,0,0,0,1,0,0,0,Longo da via,Chuvoso,Não existe,Perfeito estado,Molhada,Perfeito estado,Não existe,Não há placas,60 km/h,Dupla,Faixa contínua,Faixa seccionada,Canteiro central,,
202226937,0,2022-11-12,,SEM VÍTIMA,CANCELADA,BOA VIAGEM,RUA BARAO DE SOUZA LEAO,400,0,,AO LADO DO HOSPITAL MEDICAL CENTER ( HOSPITAL ALFA),BOA VIAGEM,,,,0,0,0,0,0,0,0,0,0,0,0,0,0,0,0,0,0,0,0,0,0,0,,,,,,,,,,,,,,
202226968,0,2022-11-13,,COM VÍTIMA,FINALIZADA,PARNAMIRIM,RUA DR JOAO SANTOS FILHO,,,AO LADO DO GUAIAMUM GIGANTE/ PROXIMO AO SHOPPING PLAZA,PARNAMIRIM,,,COLISÃO COM CICLISTA,1,0,0,0,0,0,1,0,0,0,0,0,0,0,0,0,0,0,1,0,0,0,Esquina,Bom,Não existe,Perfeito estado,Seca,Perfeito estado,Não existe,R-6a,,Única,Não existe,,,,
202226985,0,2022-11-13,,COM VÍTIMA,FINALIZADA,PRADO,RUA ARMANDO SORIANO,103,0,,COM  A RUA GOMES TABORDA,PRADO,558,0,SUBURBIO,COLISÃO COM CICLISTA,1,0,0,0,0,0,1,0,0,0,0,0,0,0,0,0,0,0,1,0,0,0,Longo da via,Bom,Não existe,Não existente,Seca,Perfeito estado,Não existe,Outras,,Dupla,Não existe,,
202226986,0,2022-11-13,,COM VÍTIMA,FINALIZADA,AFOGADOS,RUA SAO MIGUEL,1347,0,,RESTAURANTE BODE DO NO,AFOGADOS,,SUBURBIO,COLISÃO TRANSVERSAL,1,0,1,0,0,0,0,0,0,0,0,0,0,0,0,0,0,0,2,0,0,0,Longo da via,Bom,Sem defeito,Perfeito estado,Seca,Perfeito estado,Não existe,Não há placas,,Dupla,Faixa contínua,,,
202226998,0,2022-11-14,,COM VÍTIMA,FINALIZADA,PINA,AVENIDA CELSO FURTADO (VIA MANGUE),S/N,,EM CIMA DA PONTE, PROX AO RIO MAR,PINA,,CIDADE,COLISÃO TRASEIRA,1,0,1,0,0,0,0,0,0,0,0,0,0,0,0,0,0,0,1,0,0,0,Ponte,Chuvoso,Não existe,Perfeito estado,Molhada,Perfeito estado,Não existe,Outras,60 km/h,Única,Faixa contínua,Faixa seccionada,,
202227009,0,2022-11-14,,COM VÍTIMA,FINALIZADA,AREIAS,AV RECIFE,4316,0,,VEÍCULO CHOCOU-SE  COM UMA ÁRVORE NA FRENTE DO CONJUNTO RESIDENCIAL IGNÊZ ANDREAZZA. SENT IPSEP / ESTÂNCIA.  NO RECUO DO PONTO DE TÁXI. LADO OPOSTO DO BIG BOMPREÇO.,AREIAS,,,CHOQUE,1,0,0,0,0,0,0,0,0,0,0,0,0,0,0,0,0,0,1,0,0,0,Longo da via,Bom,Sem defeito,Perfeito estado,Seca,Perfeito estado,Não existe,Não há placas,,Dupla,Canteiro central,,,
202227013,0,2022-11-14,,SEM VÍTIMA,FINALIZADA,BOA VIAGEM,RUA BARAO DE SOUZA LEAO,1000,0,RUA BARAO DE TAMANDARE,ESCOLA SANTOS DUMONT,BOA VIAGEM,,,COLISÃO LATERAL,2,0,0,0,0,0,0,0,0,0,0,0,0,0,0,0,0,0,0,0,0,0,Longo da via,Bom,Não existe,Perfeito estado,Seca,Perfeito estado,Não existe,Outras,60KM/H,Única,Faixa seccionada,,,
202227029,0,2022-11-14,,COM VÍTIMA,FINALIZADA,JIQUIÁ,AV RECIFE,5680,0,,EM FRENTE AO ASSAI SENT. BR,JIQUIÁ,705,0,SUBURBIO,TOMBAMENTO,0,0,1,0,0,0,0,0,0,0,0,0,1,0,0,0,0,0,2,0,0,0,Cruzamento,Bom,Sem defeito,Perfeito estado,Seca,Perfeito estado,Faixa de pedestre,Não há placas,60 km/h,Dupla,Canteiro central,,
202227039,0,2022-11-14,,COM VÍTIMA,FINALIZADA,BOA VISTA,RUA AURORA,529,0,RUA PRINCESA IZABEL,,BOA VISTA,,SUBURBIO,COLISÃO LATERAL,0,0,2,0,0,0,0,0,0,0,0,0,0,0,0,0,0,0,1,0,0,0,Cruzamento,Bom,Sem defeito,Perfeito estado,Seca,Perfeito estado,Não existe,Não há placas,,Única,Faixa seccionada,,,
202227044,0,2022-11-14,,COM VÍTIMA,FINALIZADA,ESPINHEIRO,RUA DO ESPINHEIRO,,RUA SANTO ELIAS,E/F AO POSTO SHELL,ESPINHEIRO,,SUBURBIO,COLISÃO LATERAL,0,0,2,0,0,0,0,0,0,0,0,0,0,0,0,0,0,0,1,0,0,0,Longo da via,Chuvoso,Não existe,Incompleta,Molhada,Perfeito estado,,,40 km/h,Única,,,,,
202227045,0,2022-11-14,,COM VÍTIMA,FINALIZADA,AFOGADOS,EST DOS REMEDIOS,470,0,,EM FRENTE AO SUPERMERCADO DO LAR,AFOGADOS,,SUBURBIO,COLISÃO LATERAL,0,0,2,0,0,0,0,0,0,0,0,0,0,0,0,0,0,0,1,0,0,0,Longo da via,Chuvoso,Não existe,Incompleta,Molhada,Mal conservada,Faixa de pedestre,R-6b,40 km/h,Dupla,Faixa contínua,,,
202227047,0,2022-11-14,,COM VÍTIMA,FINALIZADA,PARNAMIRIM,EST DO ENCANAMENTO,216,0,RUA PROFESSOR ANDRADE BEZERRA,E/F AO CLUBE ALEMÃO,PARNAMIRIM,,CIDADE,COLISÃO LATERAL,1,0,1,0,0,0,0,0,0,0,0,0,0,0,0,0,0,0,1,0,0,0,Esquina,Bom,Não existe,Perfeito estado,Seca,Perfeito estado,Faixa de pedestre,Outras,60 km/h,Única,Faixa seccionada,,,