Protocolo,,data,hora,natureza_acidente,situacao,bairro,endereco,numero,detalhe_endereco_acidente,complemento,bairro_cruzamento,num_semaforo,sentido_via,tipo,auto,moto,ciclom,ciclista,pedestre,onibus,caminhao,viatura,outros,vitimas,vitimasfatais,acidente_verificado,tempo_clima,situacao_semaforo,sinalizacao,condicao_via,conservacao_via,ponto_controle,situacao_placa,velocidade_max_via,mao_direcao,divisao_via1,divisao_via2,divisao_via3,,,,,,,,,,,,,
202227051,0,2022-11-14,,COM VÍTIMA,FINALIZADA,IPSEP,AV RECIFE,,,EM FRENTE AO SUPERMERCADO HIPER BOMPREÇO,IPSEP,494,0,SUBURBIO,COLISÃO FRONTAL,1,0,1,0,0,0,0,0,0,0,0,0,0,0,0,0,0,0,2,0,0,0,Longo da via,Chuvoso,Sem defeito,Perfeito estado,Molhada,Perfeito estado,Faixa de pedestre,Não há placas,,Dupla,Faixa contínua,Canteiro central,,
202227059,0,2022-11-14,,COM VÍTIMA,FINALIZADA,AREIAS,AV RECIFE,,AV CAPITAO GREGORIO DE CALDAS,EM FRENTE AO SUPERMERCADO BIG BOMPREÇO,AREIAS,494,0,SUBURBIO,COLISÃO TRASEIRA,1,0,1,0,0,0,0,0,0,0,0,0,0,0,0,0,0,0,2,0,0,0,Longo da via,Bom,Sem defeito,Perfeito estado,Seca,Perfeito estado,,,,Dupla,Canteiro central,,,
202227060,0,2022-11-14,,SEM VÍTIMA,FINALIZADA,CASA FORTE,RUA DA HARMONIA,,EST DO ENCANAMENTO,AO LADO DA FARMÁCIA EXTRA FARMA,CASA FORTE,,,CHOQUE,2,0,0,0,0,0,0,0,0,0,0,0,0,0,0,0,0,0,0,0,0,0,Longo da via,Bom,Sem defeito,Perfeito estado,Seca,Perfeito estado,Faixa de pedestre,Não há placas,,Única,Faixa seccionada,,,,
202227062,0,2022-11-15,,COM VÍTIMA,FINALIZADA,CABANGA,AV ENGENHEIRO JOSE ESTELITA,,AV ANTONIO DE GOES,EM FRENTE AO CABANGA IATE CLUBE,CABANGA,,CIDADE,CHOQUE,1,0,0,0,0,0,0,0,0,0,0,0,0,0,0,0,0,0,1,0,0,0,Viaduto,Bom,Não existe,Perfeito estado,Seca,Perfeito estado,Não existe,Não há placas,,Dupla,,,,,
202227101,0,2022-11-15,,COM VÍTIMA,FINALIZADA,IMBIRIBEIRA,RUA OLIVIA MENELAU,119,0,RUA ZEFERINO PINHO,POSTO BR / BOTECO FIRMA,IMBIRIBEIRA,396,0,CIDADE,COLISÃO LATERAL,1,0,1,0,0,0,0,0,0,0,0,0,0,0,0,0,0,0,1,0,0,0,Esquina,Bom,Sem defeito,Perfeito estado,Seca,Perfeito estado,Não existe,Não há placas,,Única,Não existe,,
202227124,0,2022-11-15,,COM VÍTIMA,FINALIZADA,VÁRZEA,RUA PROFESSOR ANTONIO COELHO,157,0,RUA PROFESSOR ANTONIO COELHO,,VÁRZEA,,SUBURBIO,COLISÃO LATERAL,1,0,1,0,0,0,0,0,0,0,0,0,0,0,0,0,0,0,1,0,0,0,Cruzamento,Bom,Não existe,Perfeito estado,Seca,Perfeito estado,Faixa de pedestre,,,Única,Não existe,,,
202227135,0,2022-11-15,,COM VÍTIMA,FINALIZADA,TAMARINEIRA,RUA CONEGO BARATA,,AV NORTE MIGUEL ARRAES DE ALENCAR,PRÓXIMO A FERREIRA COSTA,TAMARINEIRA,62,0,,COLISÃO LATERAL,1,0,1,0,0,0,0,0,0,0,0,0,0,0,0,0,0,0,1,0,0,0,Cruzamento,Bom,Sem defeito,Perfeito estado,Seca,Perfeito estado,Faixa de pedestre,R-6a,,Dupla,Faixa seccionada,Blocos,,
202227143,0,2022-11-16,,COM VÍTIMA,FINALIZADA,AREIAS,AV RECIFE,,,EM FRENTE AO RESTAURANTE  GALLETUS,AREIAS,617,0,CIDADE,COLISÃO TRASEIRA,1,0,1,0,0,0,0,0,0,0,0,0,0,0,0,0,0,0,1,0,0,0,Longo da via,Bom,Intermitente,Perfeito estado,Seca,Perfeito estado,Faixa de pedestre,R-6a,,Dupla,Canteiro central,,,
202227165,0,2022-11-16,,COM VÍTIMA,FINALIZADA,BOA VISTA,RUA DOM BOSCO,1002,0,,EM FRENTE AO QUARTEL DA RP,BOA VISTA,401,0,,COLISÃO TRASEIRA,0,0,2,0,0,0,0,0,0,0,0,0,0,0,0,0,0,0,1,0,0,0,Longo da via,Bom,Sem defeito,Perfeito estado,Seca,Perfeito estado,Faixa de pedestre,Outras,,Única,Faixa seccionada,,
202227169,0,2022-11-16,,SEM VÍTIMA,FINALIZADA,SANTO AMARO,AV MARIO MELO,263,0,,PROX AO INSS,SANTO AMARO,,,COLISÃO LATERAL,2,0,0,0,0,0,0,0,0,0,0,0,0,0,0,0,0,0,0,0,0,0,Longo da via,Bom,Sem defeito,Perfeito estado,Seca,Perfeito estado,Não existe,Não há placas,,Dupla,Faixa contínua,,,
202227186,0,2022-11-16,,COM VÍTIMA,FINALIZADA,ESPINHEIRO,RUA DO ESPINHEIRO,,AV JOAO DE BARROS,EM FRENTE A PAGUE MENOS,ESPINHEIRO,89,0,CIDADE,COLISÃO LATERAL,1,0,1,0,0,0,0,0,0,0,0,0,0,0,0,0,0,0,1,0,0,0,Cruzamento,Bom,Sem defeito,Perfeito estado,Seca,Perfeito estado,Faixa de pedestre,R-6a,,Única,Faixa seccionada,,,
202227193,0,2022-11-16,,SEM VÍTIMA,FINALIZADA,TORRE,RUA REAL DA TORRE,,,PRÓX. AO CARREFOUR,TORRE,,,COLISÃO LATERAL,0,0,0,0,0,0,0,0,0,0,0,0,0,0,2,0,0,0,0,0,0,0,Esquina,Chuvoso,Não existe,,Molhada,Perfeito estado,Não existe,Não há placas,,Única,Não existe,,,,
202227210,0,2022-11-16,,COM VÍTIMA,FINALIZADA,CAXANGÁ,AV CAXANGA,,,E/F AO RESIDENCIAL MARCOS FREIRE  S/T SUB,CAXANGÁ,,,COLISÃO COM CICLISTA,1,0,0,0,0,0,1,0,0,0,0,0,0,0,0,0,0,0,2,0,0,0,,,,,,,,,,,,,,,
202227211,0,2022-11-16,,COM VÍTIMA,FINALIZADA,BOA VIAGEM,RUA DEZ DE JULHO,210,0,,PROXIMO A MAISON CRISTAL,BOA VIAGEM,,,COLISÃO FRONTAL,1,0,1,0,0,0,0,0,0,0,0,0,0,0,0,0,0,0,1,0,0,0,,,,,,,,,,,,,,
202227214,0,2022-11-16,,COM VÍTIMA,FINALIZADA,VÁRZEA,RUA GASTAO VIDIGAL,65,0,,NO TERMINAL DA VARZEA  NA UR 7,VÁRZEA,,SUBURBIO,COLISÃO LATERAL,0,0,1,0,0,0,0,0,0,0,1,0,0,0,0,0,0,0,2,0,0,0,Longo da via,Bom,Não existe,Perfeito estado,Seca,Perfeito estado,Não existe,Outras,,Dupla,Faixa seccionada,,,
202227216,0,2022-11-16,,COM VÍTIMA,FINALIZADA,ESTÂNCIA,AV RECIFE,6840,0,RUA LAURA BANDEIRA DE MELLO,EM FRENTE AO SUPERMERCADO AÇAI,ESTÂNCIA,,,COLISÃO LATERAL,1,0,1,0,0,0,0,0,0,0,0,0,0,0,0,0,0,0,1,0,0,0,Cruzamento,Bom,Sem defeito,Perfeito estado,Seca,Perfeito estado,Faixa de pedestre,R-4a,60 km/h,Dupla,Canteiro central,,,
202227232,0,2022-11-16,,COM VÍTIMA,FINALIZADA,BOA VIAGEM,RUA SETUBAL,1492,0,,PROXIMO PARQUE DONA LINDU,BOA VIAGEM,,,COLISÃO LATERAL,1,0,1,0,0,0,0,0,0,0,0,0,0,0,0,0,0,0,1,0,0,0,Longo da via,Bom,Não existe,Perfeito estado,Seca,Perfeito estado,Não existe,Não há placas,,Dupla,Não existe,,,
202227240,0,2022-11-17,,COM VÍTIMA,FINALIZADA,SANTO AMARO,AV GOVERNADOR AGAMENON MAGALHAES,,AV DR JAYME DA FONTE,,SANTO AMARO,49,0,SUBURBIO,COLISÃO FRONTAL,2,0,0,0,0,0,0,0,0,0,0,0,0,0,0,0,0,0,2,0,0,0,Cruzamento,Chuvoso,Sem defeito,Perfeito estado,Molhada,Perfeito estado,Faixa de pedestre,Outras,,Dupla,Canal,,,
202227274,0,2022-11-17,,COM VÍTIMA,DUPLICIDADE,ARRUDA,AV PROFESSOR JOSE DOS ANJOS,,,ESTRADA VELHA DE AGUA FRIA,ARRUDA,,,COLISÃO TRASEIRA,1,0,1,0,0,0,0,0,0,0,0,0,0,0,0,0,0,0,2,0,0,0,,,,,,,,,,,,,,,
202227275,0,2022-11-17,,COM VÍTIMA,FINALIZADA,ARRUDA,AV PROFESSOR JOSE DOS ANJOS,,EST VELHA DE AGUA FRIA,AO LADO DO DNOCS,ARRUDA,306,0,SUBURBIO,COLISÃO TRASEIRA,1,0,1,0,0,0,0,0,0,0,0,0,0,0,0,0,0,0,1,0,0,0,Cruzamento,Bom,Sem defeito,Perfeito estado,Seca,Perfeito estado,Faixa de retenção,Não há placas,,Única,Faixa contínua,,,
202227289,0,2022-11-17,,COM VÍTIMA,FINALIZADA,SANTO AMARO,AV GOVERNADOR AGAMENON MAGALHAES,S/N,,PROX AO POSTO PETROBRÁS, SENTIDO SHOPPING TACARUNA,SANTO AMARO,,SUBURBIO,CHOQUE,1,0,0,0,0,0,0,0,0,0,0,0,0,0,0,0,0,0,1,0,0,0,Longo da via,Bom,Não existe,Perfeito estado,Seca,Perfeito estado,Não existe,Não há placas,60 km/h,Dupla,Faixa contínua,Faixa seccionada,Canal,
202227305,0,2022-11-17,,SEM VÍTIMA,FINALIZADA,IPSEP,AV RECIFE,2706,0,,SEMÁFORO 016,IPSEP,,,COLISÃO TRASEIRA,1,0,0,0,0,0,0,0,0,0,0,0,0,0,1,0,0,0,0,0,0,0,Cruzamento,Bom,Sem defeito,Perfeito estado,Seca,Perfeito estado,Faixa de pedestre,R-6a,,Dupla,Canteiro central,,,
202227318,0,2022-11-17,,COM VÍTIMA,FINALIZADA,BOA VISTA,RUA AURORA,1295,0,,E/F AO EDF CAIS DA AURORA  PROX AO BANCO CENTRAL  DO BRASIL,BOA VISTA,,,COLISÃO LATERAL,1,0,0,0,0,0,0,0,0,0,0,0,1,0,0,0,0,0,1,0,0,0,Longo da via,Bom,,Não existente,Seca,Perfeito estado,Não existe,Não há placas,,Única,Faixa seccionada,,,
202227319,0,2022-11-17,,COM VÍTIMA,FINALIZADA,TEJIPIÓ,RUA FALCAO DE LACERDA,175,0,,E/F A IGREJA PRESBITERIANA DE TEJIPIO,TEJIPIÓ,,,COLISÃO LATERAL,1,0,2,0,0,0,0,0,0,0,0,0,0,0,0,0,0,0,1,0,0,0,,,,,,,,,,,,,,
202227325,0,2022-11-17,,COM VÍTIMA,FINALIZADA,CASA AMARELA,RUA PADRE LEMOS,723,0,,PROX AO POSTO DE GASOLINA BR,CASA AMARELA,66,0,SUBURBIO,COLISÃO LATERAL,1,0,1,0,0,0,0,0,0,0,0,0,0,0,0,0,0,0,1,0,0,0,Longo da via,Bom,Sem defeito,Incompleta,Seca,Perfeito estado,Não existe,Não há placas,,Dupla,Não existe,,
202227326,0,2022-11-17,,COM VÍTIMA,FINALIZADA,SÃO JOSÉ,PRC DAS CINCO PONTAS,104,0,RUA DO JARDIM,EM FRENTE AO FORTE CINCO PONTAS,SÃO JOSÉ,199,0,SUBURBIO,COLISÃO LATERAL,0,0,2,0,0,0,0,0,0,0,0,0,0,0,0,0,0,0,1,0,0,0,Longo da via,Bom,Sem defeito,Perfeito estado,Seca,Perfeito estado,Não existe,Não há placas,40 km/h,Única,Não existe,,
202227330,0,2022-11-17,,COM VÍTIMA,FINALIZADA,BOA VISTA,RUA DA AURORA,,,EM FRENTE AO CINE SÃO LUIS,BOA VISTA,162,0,CIDADE,ATROPELAMENTO DE PESSOA,1,0,0,0,0,0,0,0,1,0,0,0,0,0,0,0,0,0,1,0,0,0,Longo da via,Bom,Sem defeito,Perfeito estado,Seca,Perfeito estado,Faixa de pedestre,R-6a,,Única,Faixa contínua,,,
202227372,0,2022-11-18,,COM VÍTIMA,FINALIZADA,CORDEIRO,RUA DR JOAO LACERDA,S/N,,EM FRENTE AO DHPP,CORDEIRO,,,COLISÃO TRASEIRA,1,0,1,0,0,0,0,0,0,0,0,0,0,0,0,0,0,0,1,0,0,0,Longo da via,Bom,Não existe,Ilegível,Seca,Perfeito estado,Não existe,Não há placas,60 km/h,Dupla,Faixa contínua,,,,
202227440,0,2022-11-18,,SEM VÍTIMA,FINALIZADA,SÃO JOSÉ,AV MARTINS DE BARROS,,,PROXIMO A PRAÇA DA REPUBLICA,SÃO JOSÉ,,,COLISÃO LATERAL,1,0,1,0,0,0,0,0,0,0,0,0,0,0,0,0,0,0,0,0,0,0,Longo da via,Bom,Sem defeito,Perfeito estado,Seca,Perfeito estado,Faixa de pedestre,Não há placas,,Única,Faixa contínua,Faixa contínua,,,
202227446,0,2022-11-18,,COM VÍTIMA,FINALIZADA,SÃO JOSÉ,AV SUL,1374,0,RUA CARLOS COELHO LEAL VALENTE,EM FRENTE PORTELA INDUSTRIA,SÃO JOSÉ,260,0,CIDADE,COLISÃO LATERAL,1,0,1,0,0,0,0,0,0,0,0,0,0,0,0,0,0,0,1,0,0,0,Cruzamento,Bom,Sem defeito,,Seca,Perfeito estado,,Não há placas,,Única,,,
202227448,0,2022-11-18,,COM VÍTIMA,FINALIZADA,ESPINHEIRO,RUA CONS PORTELA,,RUA LAURO MONTENEGRO,PROX A IGREJA CATOLICA DO ESPINHEIRO  VT 15 NO LOCAL,ESPINHEIRO,464,0,SUBURBIO,COLISÃO LATERAL,1,0,1,0,0,0,0,0,0,0,0,0,0,0,0,0,0,0,1,0,0,0,Longo da via,Bom,Sem defeito,Perfeito estado,Seca,Perfeito estado,Não existe,R-6a,,Única,Faixa seccionada,,,
202227449,0,2022-11-18,,COM VÍTIMA,CANCELADA,MONTEIRO,AV CIDADE DE MONTEIRO,,,E/F AO ARMAZEM CORAL PROX A SUBIDA DA PONTE,MONTEIRO,,,COLISÃO FRONTAL,1,0,0,0,0,0,0,0,0,0,0,0,0,0,0,0,0,0,2,0,0,0,,,,,,,,,,,,,,,
202227458,0,2022-11-18,,COM VÍTIMA,FINALIZADA,AREIAS,AV RECIFE,3585,0,,APÓS O RESTAURANTE GALETUS,AREIAS,,,COLISÃO TRANSVERSAL,1,0,1,0,0,0,0,0,0,0,0,0,1,0,0,0,0,0,1,0,0,0,Longo da via,Bom,Não existe,Perfeito estado,Seca,Perfeito estado,Não existe,Não há placas,60 km/h,Dupla,Faixa seccionada,Canteiro central,,
202227463,0,2022-11-18,,SEM VÍTIMA,FINALIZADA,BOA VIAGEM,RUA CARLOS PEREIRA FALCAO,100,0,,EM FRENTE A PADARIA DIPLOMATA,BOA VIAGEM,,,COLISÃO FRONTAL,2,0,0,0,0,0,0,0,0,0,0,0,0,0,0,0,0,0,0,0,0,0,,,,,,,,,,,,,,
202227495,0,2022-11-19,,COM VÍTIMA,FINALIZADA,CAMPO GRANDE,RUA CATULO DA PAIXAO CEARENSE,263,0,RUA PROFESSOR FRANCISCO DA TRINDADE,PRÓX. AO BAR E RESTAURANTE CASA DE MÃE,CAMPO GRANDE,,,COLISÃO LATERAL,1,0,1,0,0,0,0,0,0,0,0,0,0,0,0,0,0,0,1,0,0,0,,,,,,,,,,,,,,
202227496,0,2022-11-19,,COM VÍTIMA,FINALIZADA,AFOGADOS,RUA SAO MIGUEL,1357,0,,PRÓX. AO BODE DO NÔ E À PANIFICADORA LISBOA,AFOGADOS,,,COLISÃO LATERAL,1,0,1,0,0,0,0,0,0,0,0,0,0,0,0,0,0,0,1,0,0,0,Longo da via,Bom,Não existe,Incompleta,Seca,Perfeito estado,Não existe,Não há placas,,Dupla,Não existe,,,
202227503,0,2022-11-19,,COM VÍTIMA,FINALIZADA,ENCRUZILHADA,EST DE BELEM,535,0,RUA LARGA DO FEITOSA,PRÓX. À CASA DE BOLOS E À HI ACADEMIA.,ENCRUZILHADA,,CIDADE,COLISÃO LATERAL,1,0,1,0,0,0,0,0,0,0,0,0,0,0,0,0,0,0,2,0,0,0,Longo da via,Bom,Não existe,Perfeito estado,Seca,Perfeito estado,Não existe,R-6a,,Dupla,Faixa contínua,,,
202227505,0,2022-11-19,,COM VÍTIMA,FINALIZADA,CORDEIRO,AV MAURICIO DE NASSAU,38,0,,EM FRENTE AO PARQUE EXPOSIÇÃO DE ANIMAIS, PROX GOE,CORDEIRO,,SUBURBIO,COLISÃO TRASEIRA,1,0,1,0,0,0,0,0,0,0,0,0,0,0,0,0,0,0,1,0,0,0,Longo da via,Bom,Não existe,Incompleta,Seca,Perfeito estado,Não existe,Outras,,Dupla,Faixa contínua,,
202227522,0,2022-11-19,,COM VÍTIMA,FINALIZADA,AFOGADOS,AV DR JOSE RUFINO,685,0,,ALTO PEÇAS E SERVIÇOS,AFOGADOS,391,0,SUBURBIO,COLISÃO LATERAL,1,0,1,0,0,0,0,0,0,0,0,0,0,0,0,0,0,0,1,0,0,0,Esquina,Bom,Sem defeito,Não existente,Seca,Perfeito estado,Faixa de pedestre,Não há placas,,Dupla,Faixa contínua,,
202227524,0,2022-11-19,,COM VÍTIMA,FINALIZADA,ESTÂNCIA,RUA HAVAI,119,0,,RUA RESIDENCIAL,ESTÂNCIA,,SUBURBIO,COLISÃO FRONTAL,1,0,1,0,0,0,0,0,0,0,0,0,0,0,0,0,0,0,1,0,0,0,Longo da via,Bom,Não existe,Não existente,Seca,Perfeito estado,Não existe,Não há placas,,Dupla,Não existe,,,
202227567,0,2022-11-20,,SEM VÍTIMA,FINALIZADA,SAN MARTIN,AV ENGENHEIRO ABDIAS DE CARVALHO,,,AO LADO DO ATACAREJO,SAN MARTIN,687,0,CIDADE,CAPOTAMENTO,0,0,0,0,0,0,0,0,0,0,0,0,0,0,0,0,0,0,0,0,0,0,,,,,,,,,,,,,,
202227631,0,2022-11-20,,COM VÍTIMA,FINALIZADA,BOA VIAGEM,AV BOA VIAGEM,,,PRAÇA DE BOA VIAGEM,BOA VIAGEM,4,0,,ATROPELAMENTO DE PESSOA,0,0,1,0,0,0,0,0,1,0,0,0,0,0,0,0,0,0,2,0,0,0,Longo da via,Bom,Sem defeito,Perfeito estado,Seca,Perfeito estado,Faixa de pedestre,Não há placas,,Única,Faixa seccionada,,,
202227650,0,2022-11-21,,COM VÍTIMA,FINALIZADA,ILHA DO LEITE,AV FREI MATIAS TEVES,,RUA SENADOR JOSE HENRIQUE,EM FRENTE O HOSPITAL ALBERT SABIN,ILHA DO LEITE,,,COLISÃO LATERAL,1,0,1,0,0,0,0,0,0,0,0,0,0,0,0,0,0,0,1,0,0,0,Cruzamento,Bom,Não existe,Ilegível,Seca,Perfeito estado,Faixa de pedestre,Outras,30 km/h,Única,Faixa seccionada,,,,
202227653,0,2022-11-21,,COM VÍTIMA,FINALIZADA,IMBIRIBEIRA,RUA CONDE PEREIRA CARNEIRO,150,0,RUA JACY,RUA AO LADO DO SANTANDER,IMBIRIBEIRA,,SUBURBIO,COLISÃO FRONTAL,1,0,1,0,0,0,0,0,0,0,0,0,0,0,0,0,0,0,2,0,0,0,Cruzamento,Bom,Não existe,Perfeito estado,Seca,Perfeito estado,Não existe,R-6a,,Dupla,Não existe,,,
202227658,0,2022-11-21,,COM VÍTIMA,FINALIZADA,VÁRZEA,AV CAXANGA,5775,0,,EM FRENTE AO POSTO SHELL, PROX AO TERMINAL INTEGRADO DA CAXANGÁ,VÁRZEA,,SUBURBIO,COLISÃO LATERAL,1,0,1,0,0,0,1,0,0,0,1,0,0,0,0,0,0,0,1,0,0,0,Longo da via,Bom,Sem defeito,Incompleta,Seca,Perfeito estado,Não existe,Não há placas,60 km/h,Única,Não existe,,
202227664,0,2022-11-21,,COM VÍTIMA,FINALIZADA,BOA VIAGEM,AV ENGENHEIRO DOMINGOS FERREIRA,,RUA DO MUNIZ,EM FRENTE AO CERPE, E PROX AO SPETTUS,BOA VIAGEM,380,0,SUBURBIO,COLISÃO LATERAL,2,0,0,0,0,0,0,0,0,0,0,0,0,0,0,0,0,0,1,0,0,0,Cruzamento,Bom,Sem defeito,Perfeito estado,Seca,Perfeito estado,Faixa de pedestre,Outras,60 km/h,Única,Faixa seccionada,,
202227680,0,2022-11-21,,COM VÍTIMA,FINALIZADA,TORRÕES,EST DO FORTE DO ARRAIAL N. DO B. JESUS,1592,0,,PROX. A CASA MODERNA HOME CENTER,TORRÕES,,SUBURBIO,ATROPELAMENTO DE PESSOA,1,0,0,0,0,0,0,0,1,0,0,0,0,0,0,0,0,0,1,0,0,0,Cruzamento,Bom,Não existe,Perfeito estado,Seca,Perfeito estado,Não existe,Não há placas,60 km/h,Dupla,Faixa contínua,,,
202227683,0,2022-11-21,,COM VÍTIMA,CANCELADA,MADALENA,RUA PESSOA DE MELO,299,0,,EM FRENTE A CAFETERIA SANTA CLARA,MADALENA,,,COLISÃO LATERAL,2,0,0,0,0,0,0,0,0,0,0,0,0,0,0,0,0,0,1,0,0,0,,,,,,,,,,,,,,
202227687,0,2022-11-21,,SEM VÍTIMA,CANCELADA,PRADO,RUA CARLOS GOMES,,AV ENGENHEIRO ABDIAS DE CARVALHO,E/F A BIG CAR,PRADO,,,COLISÃO LATERAL,0,0,0,0,0,0,0,0,0,0,0,0,1,0,1,0,0,0,0,0,0,0,,,,,,,,,,,,,,,
202227690,0,2022-11-21,,COM VÍTIMA,FINALIZADA,BOA VIAGEM,AV ENGENHEIRO DOMINGOS FERREIRA,1653,0,,EM FRENTE AO ANTIGO EXTRA,BOA VIAGEM,380,0,SUBURBIO,COLISÃO TRASEIRA,1,0,1,0,0,0,0,0,0,0,0,0,0,0,0,0,0,0,1,0,0,0,Longo da via,Bom,Sem defeito,Perfeito estado,Seca,Perfeito estado,Não existe,Não há placas,60 km/h,Única,Faixa seccionada,,
202227691,0,2022-11-21,,COM VÍTIMA,FINALIZADA,IPSEP,RUA DR RAPOSO PINTO,67,0,RUA JEAN EMILE FAVRE,E/F A PIZZARIA DOMINO´S,IPSEP,,SUBURBIO,COLISÃO LATERAL,0,0,1,0,0,0,0,0,0,0,1,0,0,0,0,0,0,0,1,0,0,0,Longo da via,Bom,Não existe,Não existente,Seca,Perfeito estado,Não existe,Não há placas,,Dupla,Não existe,,,
202227696,0,2022-11-21,,COM VÍTIMA,FINALIZADA,BAIRRO DO RECIFE,RUA IMPERIAL,,,APOS O COLEGIO JOAQUIM NABUCO,BAIRRO DO RECIFE,,SUBURBIO,COLISÃO LATERAL,0,0,2,0,0,0,0,0,0,0,0,0,0,0,0,0,0,0,3,0,0,0,Cruzamento,Bom,Não existe,Perfeito estado,Seca,Perfeito estado,Não existe,Outras,,Única,Faixa seccionada,,,,
202227701,0,2022-11-21,,COM VÍTIMA,FINALIZADA,BOA VIAGEM,RUA BARAO DE SOUZA LEAO,1093,0,,EM FRENTE AO ARMAZEM REZZOLVE,BOA VIAGEM,476,0,SUBURBIO,COLISÃO LATERAL,1,0,1,0,0,0,0,0,0,0,0,0,0,0,0,0,0,0,1,0,0,0,Longo da via,Bom,Sem defeito,Perfeito estado,Seca,Perfeito estado,Não existe,R-6a,,Única,Faixa seccionada,,
202227711,0,2022-11-21,,COM VÍTIMA,FINALIZADA,VASCO DA GAMA,RUA VASCO DA GAMA,145,0,,E/F AO SESI DO VASCO,VASCO DA GAMA,,SUBURBIO,COLISÃO LATERAL,1,0,1,0,0,0,0,0,0,0,0,0,0,0,0,0,0,0,2,0,0,0,Cruzamento,Bom,Não existe,Perfeito estado,Seca,Perfeito estado,Faixa de pedestre,Placas Pare,,Dupla,,,,
202227713,0,2022-11-21,,COM VÍTIMA,FINALIZADA,ESPINHEIRO,RUA DO ESPINHEIRO,,RUA SANTO ELIAS,RUA SANTO ELIAS,ESPINHEIRO,,SUBURBIO,COLISÃO LATERAL,1,0,1,0,0,0,0,0,0,0,0,0,0,0,0,0,0,0,1,0,0,0,Cruzamento,Bom,Não existe,Perfeito estado,Seca,Perfeito estado,Agente,R-6a,40 km/h,Única,Faixa contínua,,,,
202227724,0,2022-11-21,,COM VÍTIMA,FINALIZADA,CAXANGÁ,AV CAXANGA,,AV INACIO MONTEIRO,EM FRENTE A DROGASIL,CAXANGÁ,,SUBURBIO,COLISÃO TRASEIRA,2,0,1,0,0,0,0,0,0,0,0,0,0,0,0,0,0,0,1,0,0,0,Longo da via,Bom,Sem defeito,Perfeito estado,Seca,Perfeito estado,Faixa de pedestre,,60 km/h,Única,Faixa seccionada,,,,
202227725,0,2022-11-21,,SEM VÍTIMA,FINALIZADA,ÁGUA FRIA,AV BEBERIBE,,,EM FRENTE A O MERCADO DE AGUA FRIA,ÁGUA FRIA,,,CHOQUE,1,0,1,0,0,0,0,0,0,0,0,0,0,0,0,0,0,0,0,0,0,0,Cruzamento,Bom,Sem defeito,Perfeito estado,Seca,Perfeito estado,Faixa de pedestre,Não há placas,,Dupla,Faixa seccionada,,,,
202227727,0,2022-11-21,,COM VÍTIMA,FINALIZADA,ARRUDA,AV PROFESSOR JOSE DOS ANJOS,,RUA FARIAS NEVES,RUA  DESENHISTA EULINO SANTOS,ARRUDA,,SUBURBIO,CHOQUE,1,0,0,0,0,0,0,0,0,0,0,0,0,0,0,0,0,0,1,0,0,0,Cruzamento,Bom,Não existe,Perfeito estado,Seca,Perfeito estado,Faixa de pedestre,Outras,,Única,Não existe,,,,
202227733,0,2022-11-22,,COM VÍTIMA,FINALIZADA,TAMARINEIRA,RUA CONEGO BARATA,,AV CONS ROSA E SILVA,PROX. DA FERREIRA COSTA,TAMARINEIRA,61,0,SUBURBIO,CHOQUE,1,0,0,0,0,0,0,0,0,0,0,0,0,0,0,0,0,0,2,0,0,0,Cruzamento,Bom,Sem defeito,Perfeito estado,Seca,Perfeito estado,Faixa de pedestre,R-6a,,Dupla,Canteiro central,,,
202227762,0,2022-11-22,,COM VÍTIMA,FINALIZADA,BOMBA DO HEMETÉRIO,RUA BOMBA DO HEMETERIO,400,0,RUA GUANAMBI,EM FRENTE A FUNERARIA CANAÃ,BOMBA DO HEMETÉRIO,,CIDADE,COLISÃO FRONTAL,1,0,1,0,0,0,0,0,0,0,0,0,0,0,0,0,0,0,1,0,0,0,Esquina,Chuvoso,Não existe,Incompleta,Molhada,Perfeito estado,Não existe,Outras,,Dupla,Não existe,,,
202227766,0,2022-11-22,,COM VÍTIMA,FINALIZADA,PINA,AV ANTONIO DE GOES,500,0,,EM FRENTE AO DETROIT CAR,PINA,,,ATROPELAMENTO DE PESSOA,1,0,1,0,0,0,0,0,1,0,0,0,0,0,0,0,0,0,1,0,0,0,Longo da via,Chuvoso,Não existe,Perfeito estado,Molhada,Perfeito estado,Não existe,Não há placas,60 km/h,Única,Canteiro central,,,
202227767,0,2022-11-22,,COM VÍTIMA,FINALIZADA,IMBIRIBEIRA,AV MARECHAL MASCARENHAS DE MORAES,1482,0,RUA MURICILANDIA,EM FRENTE A GOOD YEAR,IMBIRIBEIRA,287,0,CIDADE,QUEDA,0,0,1,0,0,0,0,0,0,0,0,0,0,0,0,0,0,0,2,0,0,0,Longo da via,Chuvoso,Sem defeito,Perfeito estado,Molhada,Perfeito estado,Faixa de retenção,Placas Pare,60 km/h,Dupla,Canteiro central,,
202227773,0,2022-11-22,,COM VÍTIMA,FINALIZADA,AFOGADOS,RUA SAO MIGUEL,865,0,,EM FRENTE AO 14º BATALHÃO LOGÍSTICO,AFOGADOS,423,0,SUBURBIO,COLISÃO TRASEIRA,1,0,1,0,0,0,0,0,0,0,0,0,0,0,0,0,0,0,1,0,0,0,Longo da via,Chuvoso,Sem defeito,Perfeito estado,Molhada,Perfeito estado,Faixa de pedestre,Não há placas,60 km/h,Dupla,Faixa contínua,,