Protocolo,,data,hora,natureza_acidente,situacao,bairro,endereco,numero,detalhe_endereco_acidente,complemento,bairro_cruzamento,num_semaforo,sentido_via,tipo,auto,moto,ciclom,ciclista,pedestre,onibus,caminhao,viatura,outros,vitimas,vitimasfatais,acidente_verificado,tempo_clima,situacao_semaforo,sinalizacao,condicao_via,conservacao_via,ponto_controle,situacao_placa,velocidade_max_via,mao_direcao,divisao_via1,divisao_via2,divisao_via3,,,,,,,,,,,,,
202228450,0,2022-11-30,,COM VÍTIMA,FINALIZADA,BRASÍLIA TEIMOSA,RUA ATUM,118,0,,DESCIDA DO VIADUTO, SENTIDO CIDADE,BRASÍLIA TEIMOSA,,,QUEDA,0,0,1,0,0,0,0,0,0,0,0,0,0,0,0,0,0,0,1,0,0,0,,,,,,,,,,,,,
202228475,0,2022-11-30,,COM VÍTIMA,FINALIZADA,IBURA,AV CHAPADA DO ARARIPE,,,ESCOLA MUNICIPAL MONTE VERDE,IBURA,,,COLISÃO FRONTAL,0,0,2,0,0,0,0,0,0,0,0,0,0,0,0,0,0,0,1,0,0,0,,,,,,,,,,,,,,,
202228535,0,2022-12-01,,COM VÍTIMA,FINALIZADA,AREIAS,AV RECIFE,3415,0,,PRÓXIMO AO SUPERMECADO MAX,AREIAS,,,COLISÃO LATERAL,0,0,1,0,0,0,0,0,0,0,0,0,1,0,0,0,0,0,1,0,0,0,Longo da via,Bom,Não existe,Perfeito estado,Seca,Perfeito estado,Não existe,Não há placas,,Dupla,Não existe,,,
202228549,0,2022-12-01,,COM VÍTIMA,FINALIZADA,AFOGADOS,RUA SAO MIGUEL,,,EM FRENTE AO BODE DO NO,AFOGADOS,392,0,,ATROPELAMENTO DE PESSOA,0,0,0,0,0,0,0,0,1,0,1,0,0,0,0,0,0,0,1,0,0,0,Longo da via,Bom,Sem defeito,Incompleta,Seca,Perfeito estado,Não existe,Não há placas,,Dupla,Não existe,,,
202228572,0,2022-12-01,,COM VÍTIMA,FINALIZADA,APIPUCOS,RUA DOIS IRMAOS,92,0,,EM FRENTE A FUNDAÇÃO JOAQUM NABUCO,APIPUCOS,,SUBURBIO,COLISÃO LATERAL,1,0,1,0,0,0,0,0,0,0,0,0,0,0,0,0,0,0,1,0,0,0,Longo da via,Bom,Não existe,Perfeito estado,Seca,Perfeito estado,Não existe,Não há placas,,Dupla,Faixa contínua,,,
202228573,0,2022-12-01,,SEM VÍTIMA,FINALIZADA,SANTO AMARO,AV GOVERNADOR AGAMENON MAGALHAES,2615,0,AV JOAO DE BARROS,AO LADO DO EMPRESARIAL BURLE MARX,SANTO AMARO,,CIDADE,CHOQUE,0,0,0,0,0,0,0,0,0,0,0,0,1,0,0,0,1,0,0,0,0,0,Cruzamento,Bom,Não existe,Perfeito estado,Seca,Perfeito estado,Não existe,Placas Dê a preferência,,Única,Canteiro central,,,
202228582,0,2022-12-02,,COM VÍTIMA,FINALIZADA,BOA VIAGEM,AV ENGENHEIRO DOMINGOS FERREIRA,3436,0,RUA PADRE CARAPUCEIRO,IGREJA UNIVERSAL,BOA VIAGEM,216,0,SUBURBIO,COLISÃO TRANSVERSAL,1,0,1,0,0,0,0,0,0,0,0,0,0,0,0,0,0,0,2,0,0,0,Cruzamento,Bom,Sem defeito,Perfeito estado,Seca,Perfeito estado,,Outras,40 km/h,Única,Canteiro central,,
202228600,0,2022-12-02,,COM VÍTIMA,FINALIZADA,BEBERIBE,PRC DA CONVENCAO,,RUA COMPOSITOR VINICIUS DE MORAIS,SUPERMERCADO TEM,BEBERIBE,,,COLISÃO LATERAL,1,0,1,0,0,0,0,0,0,0,0,0,0,0,0,0,0,0,1,0,0,0,Cruzamento,Bom,Não existe,Incompleta,Seca,Mal conservada,Não existe,Outras,,Dupla,Canteiro central,,,,
202228602,0,2022-12-02,,COM VÍTIMA,FINALIZADA,SAN MARTIN,RUA VINTE E UM DE ABRIL,1877,0,RUA BOM JARDIM,PROX A IGREJA ASSEMBLEIA DE DEUS,SAN MARTIN,,SUBURBIO,COLISÃO LATERAL,1,0,1,0,0,0,0,0,0,0,0,0,0,0,0,0,0,0,2,0,0,0,Longo da via,Bom,Não existe,,Seca,,Não existe,Placas Pare,40 km/h,Dupla,Faixa seccionada,,,
202228637,0,2022-12-02,,SEM VÍTIMA,FINALIZADA,BOA VIAGEM,AV CONSELHEIRO AGUIAR,,RUA RIBEIRO DE BRITO,ED. ROLIDAY,BOA VIAGEM,147,0,CIDADE,,1,0,0,0,0,0,0,0,0,0,1,0,0,0,0,0,0,0,0,0,0,0,Cruzamento,Bom,Sem defeito,Perfeito estado,Seca,Perfeito estado,Faixa de pedestre,Outras,60 km/h,Única,Não existe,,,
202228655,0,2022-12-02,,COM VÍTIMA,FINALIZADA,TORRE,RUA JOSE BONIFACIO,1315,0,,NO ESTAC. DO CARREFOUR,TORRE,,,COLISÃO LATERAL,1,0,1,0,0,0,0,0,0,0,0,0,0,0,0,0,0,0,1,0,0,0,Cruzamento,Bom,Não existe,Incompleta,Seca,Perfeito estado,Não existe,,,Única,Não existe,,,
202228675,0,2022-12-02,,COM VÍTIMA,FINALIZADA,JOANA BEZERRA,VIADUTO CAPITAO TEMUDO,,,AO LADO DO FÓRUM JOANA BEZERRA,JOANA BEZERRA,,CIDADE,COLISÃO TRASEIRA,1,0,1,0,0,0,0,0,0,0,0,0,0,0,0,0,0,0,1,0,0,0,Longo da via,Bom,Não existe,,Seca,Perfeito estado,Não existe,Não há placas,,Única,Não existe,,,,
202228689,0,2022-12-02,,COM VÍTIMA,FINALIZADA,CASA AMARELA,RUA DOIS DE FEVEREIRO,459,0,,PROX A MERCEARIA DOIS IRMÃOS,CASA AMARELA,,CIDADE,COLISÃO COM CICLISTA,1,0,0,0,0,0,1,0,0,0,0,0,0,0,0,0,0,0,2,0,0,0,Longo da via,Bom,Não existe,Incompleta,Seca,Mal conservada,Não existe,Não há placas,,Dupla,Não existe,,,
202228703,0,2022-12-02,,COM VÍTIMA,FINALIZADA,VÁRZEA,RUA PROFESSOR ANTONIO COELHO,447,0,RUA MARECHAL MANOEL LUIS OSORIO,PROX AO COLEGIO PONTUAL,VÁRZEA,,CIDADE,COLISÃO FRONTAL,0,0,1,0,0,0,0,0,0,0,1,0,0,0,0,0,0,0,1,0,0,0,Cruzamento,Bom,Não existe,Perfeito estado,Seca,Perfeito estado,Faixa de pedestre,Placas Pare,30 km/h,Dupla,Não existe,,,
202228710,0,2022-12-02,,COM VÍTIMA,FINALIZADA,IBURA,AV DOIS RIOS,1289,0,,CONSELHO TUTELAR,IBURA,,SUBURBIO,COLISÃO FRONTAL,1,0,1,0,0,0,0,0,0,0,0,0,0,0,0,0,0,0,1,0,0,0,Longo da via,Bom,Não existe,Perfeito estado,Seca,Perfeito estado,Não existe,Não há placas,,Dupla,Faixa contínua,,,
202228718,0,2022-12-02,,COM VÍTIMA,FINALIZADA,SAN MARTIN,AV GENERAL SAN MARTIN,706,0,,MERCADO IDEAL MIX,SAN MARTIN,,SUBURBIO,COLISÃO FRONTAL,1,0,1,0,0,0,0,0,0,0,0,0,0,0,0,0,0,0,2,0,0,0,Longo da via,Bom,Não existe,Ilegível,Seca,Perfeito estado,Não existe,Não há placas,60 km/h,Dupla,Não existe,,,
202228722,0,2022-12-02,,COM VÍTIMA,FINALIZADA,ÁGUA FRIA,RUA CORONEL URBANO RIBEIRO DE SENA,,AV BEBERIBE,,ÁGUA FRIA,307,0,SUBURBIO,COLISÃO FRONTAL,1,0,1,0,0,0,0,0,0,0,0,0,0,0,0,0,0,0,1,0,0,0,Cruzamento,Bom,Sem defeito,Perfeito estado,Seca,Perfeito estado,Não existe,Não há placas,60 km/h,Dupla,Não existe,,,
202228729,0,2022-12-03,,COM VÍTIMA,FINALIZADA,CASA FORTE,AV DEZESSETE DE AGOSTO,,AV FLOR DE SANTANA,EM FRENTE A BURGKING,CASA FORTE,614,0,SUBURBIO,CHOQUE,0,0,0,0,0,0,0,0,0,0,0,0,0,0,1,0,0,0,1,0,0,0,Esquina,Bom,Intermitente,Perfeito estado,Seca,Perfeito estado,Faixa de pedestre,R-6a,,Dupla,Faixa contínua,,,
202228747,0,2022-12-03,,COM VÍTIMA,FINALIZADA,GUABIRABA,AV DA RECUPERACAO,600,0,,AO LADO DO MOTEL SENZALA,GUABIRABA,,,COLISÃO LATERAL,1,0,1,0,0,0,0,0,0,0,0,0,0,0,0,0,0,0,1,0,0,0,Longo da via,Bom,Não existe,Ilegível,Seca,Perfeito estado,Não existe,Não há placas,,Única,Faixa seccionada,,,
202228756,0,2022-12-03,,COM VÍTIMA,FINALIZADA,MADALENA,AV VISCONDE DE ALBUQUERQUE,668,0,,EM FRENTE AO HOSPITAL D'ÁVILA,MADALENA,413,0,CIDADE,COLISÃO TRANSVERSAL,1,0,1,0,0,0,0,0,0,0,0,0,0,0,0,0,0,0,1,0,0,0,Longo da via,Bom,Não existe,Perfeito estado,Seca,Perfeito estado,Não existe,Outras,,Única,Faixa seccionada,,
202228758,0,2022-12-03,,COM VÍTIMA,FINALIZADA,AFOGADOS,RUA SANTOS ARAUJO,,RUA SAO MIGUEL,COLISÃO TRANSVERSAL UM VEICULO EVADIU+SE,AFOGADOS,,,COLISÃO TRANSVERSAL,1,0,1,0,0,0,0,0,0,0,0,0,0,0,0,0,0,0,1,0,0,0,,,,,,,,,,,,,,,
202228769,0,2022-12-03,,SEM VÍTIMA,FINALIZADA,COHAB,RUA RIO SANHAUA,50,0,RUA PARANACITI,EM FRENTE AO Nº 50,COHAB,,SUBURBIO,,1,0,0,0,0,0,0,0,0,0,0,0,0,0,1,0,0,0,0,0,0,0,Outros,Chuvoso,Não existe,Não existente,Molhada,Perfeito estado,Não existe,Não há placas,,Dupla,Não existe,,,
202228781,0,2022-12-03,,SEM VÍTIMA,CANCELADA,BOA VIAGEM,RUA VISCONDE DE JEQUITINHONHA,860A,,PROX AO PARQUE DONA LINDU,BOA VIAGEM,,,COLISÃO LATERAL,2,0,0,0,0,0,0,0,0,0,0,0,0,0,0,0,0,0,0,0,0,0,,,,,,,,,,,,,,,
202228787,0,2022-12-03,,SEM VÍTIMA,FINALIZADA,BOA VISTA,RUA DO HOSPICIO,,,NO SEMÁFORO 032,BOA VISTA,32,0,,ATROPELAMENTO DE PESSOA,1,0,0,0,0,0,0,0,1,0,0,0,0,0,0,0,0,0,0,0,0,0,Cruzamento,Bom,Sem defeito,Perfeito estado,Seca,Perfeito estado,Faixa de pedestre,R-6a,,Dupla,Faixa seccionada,,,
202228807,0,2022-12-03,,COM VÍTIMA,FINALIZADA,CAXANGÁ,AV CAXANGA,,,EM FRENTE AO GOLF CLUBE,CAXANGÁ,,SUBURBIO,COLISÃO LATERAL,1,0,1,0,0,0,0,0,0,0,0,0,0,0,0,0,0,0,2,0,0,0,Longo da via,Bom,Sem defeito,Perfeito estado,Seca,Perfeito estado,Não existe,Não há placas,60 km/h,Única,Faixa seccionada,,,,
202228813,0,2022-12-03,,COM VÍTIMA,FINALIZADA,MUSTARDINHA,AV MANOEL GONCALVES DA LUZ,396,0,,LANCHONETE BOCA LOCA,MUSTARDINHA,,,COLISÃO COM CICLISTA,0,0,0,0,0,0,1,0,0,0,1,0,0,0,0,0,0,0,1,0,0,0,Cruzamento,Bom,Não existe,Incompleta,Seca,Perfeito estado,Não existe,Placas Pare,30 km/h,Dupla,Faixa seccionada,,,
202228814,0,2022-12-03,,COM VÍTIMA,CANCELADA,CASA FORTE,RUA JAYME LOYO,,,AO LADO DA DROGARIA BRASIL,CASA FORTE,,,COLISÃO LATERAL,2,0,0,0,0,0,1,0,0,0,0,0,0,0,0,0,0,0,1,0,0,0,,,,,,,,,,,,,,,
202228822,0,2022-12-04,,COM VÍTIMA,FINALIZADA,BOA VIAGEM,AV CONSELHEIRO AGUIAR,,RUA PADRE CARAPUCEIRO,PROX.  VERDE FRUT,BOA VIAGEM,,,COLISÃO LATERAL,1,0,1,0,0,0,0,0,0,0,0,0,0,0,0,0,0,0,1,0,0,0,Cruzamento,Chuvoso,Sem defeito,Perfeito estado,Molhada,Perfeito estado,Faixa de pedestre,,,Única,Faixa seccionada,,,,
202228866,0,2022-12-04,,COM VÍTIMA,FINALIZADA,TOTÓ,AV LIBERDADE,811,0,,E/F  ANTIGA CASA DO BREGA,TOTÓ,,,COLISÃO LATERAL,1,0,1,0,0,0,0,0,0,0,0,0,0,0,0,0,0,0,1,0,0,0,Longo da via,Bom,Não existe,Não existente,Seca,Perfeito estado,Não existe,Placas Dê a preferência,40 km/h,Dupla,Não existe,,,
202228895,0,2022-12-04,,COM VÍTIMA,FINALIZADA,MADALENA,EST DOS REMEDIOS,,,POLICLÍNICA LESSA DE ANDRADE,MADALENA,,,COLISÃO LATERAL,0,0,0,0,0,0,0,0,0,0,0,0,0,0,0,0,0,0,1,0,0,0,Cruzamento,Bom,Sem defeito,Perfeito estado,Seca,Perfeito estado,Outros,R-24a,,Única,Faixa seccionada,,,,
202228896,0,2022-12-04,,COM VÍTIMA,FINALIZADA,VÁRZEA,RUA ESCRITOR JOAQUIM NOBERTO,,,NO COSME DAMIAO  UR7  PROX A  PONTE  DA ARENA,VÁRZEA,,,ATROPELAMENTO DE PESSOA,1,0,0,0,0,0,0,0,1,0,0,0,0,0,0,0,0,0,1,0,0,0,Cruzamento,Bom,Não existe,Não existente,Seca,Mal conservada,Não existe,Não há placas,30 km/h,Única,Não existe,,,,
202228903,0,2022-12-04,,VÍTIMA FATAL,FINALIZADA,IMBIRIBEIRA,AV MARECHAL MASCARENHAS DE MORAES,6997,0,,ANTES DO TÚNEL FELIPE CAMARÃO,IMBIRIBEIRA,,CIDADE,COLISÃO TRASEIRA,0,0,2,0,0,0,0,0,0,0,0,0,0,0,0,0,0,0,1,0,1,0,Longo da via,Bom,Não existe,Perfeito estado,Seca,Perfeito estado,Não existe,Outras,,Dupla,Faixa seccionada,Canteiro central,,
202228905,0,2022-12-04,,SEM VÍTIMA,FINALIZADA,BOA VIAGEM,RUA VISCONDE DE JEQUITINHONHA,,RUA BALTAZAR PASSOS,SOB O SEMÁFORO Nº 154,BOA VIAGEM,154,0,SUBURBIO,COLISÃO TRANSVERSAL,2,0,0,0,0,0,0,0,0,0,0,0,0,0,0,0,0,0,0,0,0,0,Cruzamento,Bom,Sem defeito,Perfeito estado,Seca,Perfeito estado,Faixa de pedestre,Outras,,Única,Canal,,,
202228913,0,2022-12-04,,SEM VÍTIMA,FINALIZADA,BOA VIAGEM,RUA PADRE CARAPUCEIRO,,AV FERNANDO SIMOES BARBOSA,SOB O SEMÁFORO Nº 321,BOA VIAGEM,321,0,SUBURBIO,COLISÃO TRANSVERSAL,2,0,0,0,0,0,0,0,0,0,0,0,0,0,0,0,0,0,0,0,0,0,Cruzamento,Chuvoso,Sem defeito,Perfeito estado,Molhada,Perfeito estado,Faixa de pedestre,Outras,,Dupla,Canal,,,
202228944,0,2022-12-05,,COM VÍTIMA,FINALIZADA,JARDIM SÃO PAULO,AV RECIFE,5704,0,,BARATÃO DAS EMBALAGENS,JARDIM SÃO PAULO,,,COLISÃO TRASEIRA,1,0,1,0,0,0,0,0,0,0,0,0,0,0,0,0,0,0,2,0,0,0,Longo da via,Chuvoso,Sem defeito,Perfeito estado,Molhada,Perfeito estado,Não existe,Não há placas,,Única,Faixa seccionada,,,
202228950,0,2022-12-05,,SEM VÍTIMA,FINALIZADA,TORRE,RUA JOSE BONIFACIO,,,AO LADO DO CARREFOUR,TORRE,,CIDADE,COLISÃO TRASEIRA,1,0,1,0,0,0,0,0,0,0,0,0,0,0,0,0,0,0,0,0,0,0,Ponte,Chuvoso,Não existe,Perfeito estado,Molhada,Perfeito estado,Não existe,,,Dupla,Canteiro central,,,,
202228961,0,2022-12-05,,COM VÍTIMA,FINALIZADA,SAN MARTIN,RUA APULCRO DE ASSUNCAO,17,0,RUA DELMIRO GOUVEIA,CAVALARIA,SAN MARTIN,,CIDADE,COLISÃO LATERAL,1,0,1,0,0,0,0,0,0,0,0,0,0,0,0,0,0,0,1,0,0,0,Esquina,Bom,Não existe,Incompleta,Seca,Perfeito estado,Não existe,Não há placas,,Dupla,Não existe,,,
202228989,0,2022-12-05,,COM VÍTIMA,FINALIZADA,JARDIM SÃO PAULO,AV RECIFE,3943,0,RUA LAURA BANDEIRA DE MELLO,SEMÁFORO 705,JARDIM SÃO PAULO,705,0,,COLISÃO TRASEIRA,1,0,1,0,0,0,0,0,0,0,0,0,0,0,0,0,0,0,2,0,0,0,Esquina,Chuvoso,Sem defeito,Perfeito estado,Molhada,Perfeito estado,Faixa de pedestre,Outras,,Dupla,Canteiro central,,
202228991,0,2022-12-05,,COM VÍTIMA,CANCELADA,SANTO AMARO,AV GOVERNADOR AGAMENON MAGALHAES,,,GEEP / UPE,SANTO AMARO,,,COLISÃO TRASEIRA,1,0,1,0,0,0,0,0,0,0,0,0,0,0,0,0,0,0,1,0,0,0,,,,,,,,,,,,,,,
202228996,0,2022-12-05,,SEM VÍTIMA,FINALIZADA,BARRO,AV DR JOSE RUFINO,2442,0,,APOS A IGREJA DO BARRO,BARRO,,,COLISÃO LATERAL,1,0,0,0,0,0,0,0,0,0,0,0,1,0,0,0,0,0,0,0,0,0,,,,,,,,,,,,,,
202228997,0,2022-12-05,,SEM VÍTIMA,FINALIZADA,CABANGA,AV SUL,,,SEMÁFORO 260,CABANGA,,CIDADE,COLISÃO TRASEIRA,2,0,0,0,0,0,0,0,0,0,0,0,0,0,0,0,0,0,0,0,0,0,Longo da via,Chuvoso,Sem defeito,Perfeito estado,Molhada,Perfeito estado,Não existe,Outras,,Dupla,Canteiro central,,,,
202229010,0,2022-12-05,,COM VÍTIMA,FINALIZADA,CAXANGÁ,AV CAXANGA,1657,0,AV GENERAL SAN MARTIN,PROXIMO TERMINAL INTEGRADO DA CAXANGÁ 3,CAXANGÁ,80,0,CIDADE,COLISÃO LATERAL,1,0,1,0,0,0,0,0,0,0,0,0,0,0,0,0,0,0,1,0,0,0,Cruzamento,Chuvoso,Sem defeito,Perfeito estado,Molhada,Perfeito estado,Não existe,Não há placas,,Única,Faixa seccionada,,
202229016,0,2022-12-05,,SEM VÍTIMA,FINALIZADA,IPUTINGA,AV CAXANGA,,,NO SEMÁFORO 229,IPUTINGA,229,0,SUBURBIO,COLISÃO LATERAL,1,0,0,0,0,0,0,0,0,0,0,0,0,0,1,0,0,0,0,0,0,0,,,,,,,,,,,,,,
202229050,0,2022-12-06,,COM VÍTIMA,FINALIZADA,ÁGUA FRIA,AV BEBERIBE,2018,0,,EM FRENTE A MILENA MÓVEIS,ÁGUA FRIA,405,0,,COLISÃO LATERAL,1,0,1,0,0,0,0,0,0,0,0,0,0,0,0,0,0,0,1,0,0,0,Longo da via,Bom,,Perfeito estado,Seca,Perfeito estado,Faixa de pedestre,R-6a,,Única,Não existe,,
202229110,0,2022-12-06,,COM VÍTIMA,FINALIZADA,ESTÂNCIA,AV DR JOSE RUFINO,535,0,,PROXIMO COLEGIO INDEPENDENCIA,ESTÂNCIA,,,COLISÃO LATERAL,1,0,1,0,0,0,0,0,0,0,0,0,0,0,0,0,0,0,1,0,0,0,Cruzamento,Bom,Não existe,Incompleta,Seca,Perfeito estado,Não existe,R-6a,60 km/h,Dupla,Não existe,,,
202229118,0,2022-12-06,,COM VÍTIMA,CANCELADA,JOANA BEZERRA,VIADUTO CAPITAO TEMUDO,,,EM CIMA DA VIADUTO/ SENTIDO BOA VIAGEM,JOANA BEZERRA,,,COLISÃO TRASEIRA,2,0,0,0,0,0,0,0,0,0,0,0,0,0,0,0,0,0,1,0,0,0,,,,,,,,,,,,,,,
202229139,0,2022-12-06,,COM VÍTIMA,FINALIZADA,IMBIRIBEIRA,RUA ARQUITETO LUIZ NUNES,500,0,,APOS O ASSAI   NA SEGUNDA LOMBADA ELETRONICA,IMBIRIBEIRA,,,COLISÃO TRASEIRA,1,0,1,0,0,0,0,0,0,0,0,0,0,0,0,0,0,0,1,0,0,0,Longo da via,Bom,Sem defeito,Perfeito estado,Seca,Perfeito estado,Faixa de pedestre,Não há placas,40 km/h,Dupla,Faixa contínua,,,
202229145,0,2022-12-06,,COM VÍTIMA,FINALIZADA,BOA VIAGEM,RUA CAMBOIM,293,0,RUA DEZ DE JULHO,MAIZON CRISTAL,BOA VIAGEM,,,COLISÃO FRONTAL,1,0,1,0,0,0,0,0,0,0,0,0,0,0,0,0,0,0,1,0,0,0,Cruzamento,Bom,Não existe,Perfeito estado,Seca,Perfeito estado,Faixa de pedestre,Placas Pare,,Única,,,,
202229147,0,2022-12-06,,COM VÍTIMA,FINALIZADA,BOA VIAGEM,RUA RIBEIRO DE BRITO,,,PRÓXIMO A FACULDADE UNINASSAU SENTIDO AVENIDA RECIFE,BOA VIAGEM,,,QUEDA,0,0,1,0,0,0,0,0,0,0,0,0,0,0,0,0,0,0,1,0,0,0,Longo da via,Bom,Sem defeito,Perfeito estado,Seca,Perfeito estado,Faixa de pedestre,R-6a,,Única,Faixa seccionada,,,,
202229179,0,2022-12-07,,COM VÍTIMA,FINALIZADA,AREIAS,AV RECIFE,5606,0,,AO LADO DO CERPE, SENT. BR,AREIAS,,,COLISÃO TRASEIRA,2,0,1,0,0,0,0,0,0,0,0,0,0,0,0,0,0,0,1,0,0,0,Longo da via,Bom,Não existe,Perfeito estado,Seca,Perfeito estado,Não existe,Não há placas,,Única,Faixa contínua,,
202229186,0,2022-12-07,,COM VÍTIMA,FINALIZADA,PARNAMIRIM,RUA FERREIRA LOPES,200,0,,RUA DO BANCO DO BRASIL,PARNAMIRIM,,,COLISÃO FRONTAL,1,0,1,0,0,0,0,0,0,0,0,0,0,0,0,0,0,0,1,0,0,0,Esquina,Bom,Não existe,Perfeito estado,Seca,Perfeito estado,Faixa de retenção,Outras,,Dupla,Faixa seccionada,,,
202229188,0,2022-12-07,,COM VÍTIMA,FINALIZADA,BOA VIAGEM,RUA CAMBOIM,,RUA COPACABANA,PRÓX. AO SINDICATO DOS AEROVIÁRIOS,BOA VIAGEM,,,COLISÃO LATERAL,1,0,1,0,0,0,0,0,0,0,0,0,0,0,0,0,0,0,1,0,0,0,Cruzamento,Bom,Não existe,Perfeito estado,Seca,Perfeito estado,Não existe,Placas Pare,30 km/h,Dupla,Faixa seccionada,,,,
202229200,0,2022-12-07,,SEM VÍTIMA,FINALIZADA,BOA VIAGEM,RUA JOSE MARIA DE MIRANDA,318,0,,BAR DO PAULINHO,BOA VIAGEM,,CIDADE,COLISÃO LATERAL,1,0,0,0,0,0,0,0,0,0,0,0,0,0,1,0,0,0,0,0,0,0,Longo da via,Bom,Sem defeito,Perfeito estado,Seca,Perfeito estado,Faixa de pedestre,Não há placas,,Única,Não existe,,,
202229223,0,2022-12-07,,COM VÍTIMA,FINALIZADA,TEJIPIÓ,AV DR JOSE RUFINO,2930,0,,PROX AO COND MIRANTE DO RECIFE,TEJIPIÓ,,,COLISÃO COM CICLISTA,1,0,0,0,0,0,1,0,0,0,0,0,0,0,0,0,0,0,1,0,0,0,Cruzamento,Bom,Não existe,Não existente,Seca,Perfeito estado,Não existe,Não há placas,,Dupla,Não existe,,,
202229232,0,2022-12-07,,COM VÍTIMA,FINALIZADA,BOA VIAGEM,AV CONSELHEIRO AGUIAR,4264,0,,EM FRENTE AO HABIBES,BOA VIAGEM,,,COLISÃO LATERAL,0,0,1,0,0,0,0,0,0,0,1,0,0,0,0,0,0,0,1,0,0,0,Cruzamento,Bom,Sem defeito,Perfeito estado,Seca,Perfeito estado,Faixa de pedestre,R-6a,,Única,Faixa seccionada,,,
202229242,0,2022-12-07,,COM VÍTIMA,FINALIZADA,CASA AMARELA,AV PEDRO ALLAIN,,,NA RUA DA RETIFICA PADRAO   S/T  SUB,CASA AMARELA,,,COLISÃO COM CICLISTA,1,0,0,0,0,0,1,0,0,0,0,0,0,0,0,0,0,0,1,0,0,0,Longo da via,Bom,Não existe,Incompleta,Seca,Perfeito estado,Não existe,Outras,30 km/h,Única,Não existe,,,,
202229244,0,2022-12-07,,COM VÍTIMA,CANCELADA,SANTO ANTÔNIO,AV DANTAS BARRETO,,PRC DA REPUBLICA,,SANTO ANTÔNIO,,,COLISÃO LATERAL,0,0,0,0,0,0,0,0,0,0,0,0,0,0,0,0,0,0,1,0,0,0,,,,,,,,,,,,,,,
202229247,0,2022-12-07,,COM VÍTIMA,FINALIZADA,CAMPO GRANDE,EST DE BELEM,425,0,,AO LADO DA SECRETARIA DA FAZENDA,CAMPO GRANDE,,,COLISÃO LATERAL,0,0,1,0,0,0,0,0,0,0,1,0,0,0,0,0,0,0,1,0,0,0,Longo da via,Bom,Não existe,Perfeito estado,Seca,Perfeito estado,Não existe,Não há placas,,Dupla,Faixa contínua,Faixa seccionada,,
202229253,0,2022-12-07,,COM VÍTIMA,FINALIZADA,IBURA,RUA RIO XINGU,115,0,AV DOIS RIOS,,IBURA,,,ATROPELAMENTO DE PESSOA,0,0,1,0,0,0,0,0,1,0,0,0,0,0,0,0,0,0,1,0,0,0,Longo da via,Bom,Não existe,Não existente,Seca,Mal conservada,Não existe,Não há placas,,Dupla,Não existe,,,
202229254,0,2022-12-07,,COM VÍTIMA,FINALIZADA,CAXANGÁ,AV CAXANGA,2271,0,,EM FRENTE A LOJA AMERICANAS,CAXANGÁ,,CIDADE,COLISÃO FRONTAL,0,0,2,0,0,0,0,0,0,0,0,0,0,0,0,0,0,0,1,0,0,0,Cruzamento,Bom,Sem defeito,Perfeito estado,Seca,Perfeito estado,Faixa de pedestre,Outras,,Dupla,,,,
202229255,0,2022-12-07,,COM VÍTIMA,FINALIZADA,IMBIRIBEIRA,AV MARECHAL MASCARENHAS DE MORAES,,,EM FRENTE A CAIXA ECONOMICA / AO LADO DO AEROPORTO,IMBIRIBEIRA,,CIDADE,ATROPELAMENTO DE PESSOA,0,0,1,0,0,0,0,0,0,0,0,0,0,0,0,0,0,0,2,0,0,0,Longo da via,Bom,,Perfeito estado,Seca,Perfeito estado,Não existe,R-19,60 km/h,Dupla,Canteiro central,,,,
202229294,0,2022-12-08,,SEM VÍTIMA,FINALIZADA,SÃO JOSÉ,AV SUL,,RUA LOURENCO DA SILVA,NO SENTIDO SUBÚRBIO / CIDADE .  LOGO APÓS O VIADUTO PAPA JOÃO  PAULO II.   INFORMAÇÃO REPASSADA PELO MUINÍCIPE,SÃO JOSÉ,,CIDADE,ATROPELAMENTO DE ANIMAL,0,0,0,0,0,0,0,0,0,0,0,0,0,0,0,0,0,0,0,0,0,0,,,,,,,,,,,,,,,
202229301,0,2022-12-08,,COM VÍTIMA,FINALIZADA,SANCHO,AV LIBERDADE,135,0,,EM FRENTE À VIDRAÇARIA SÃO PAULO,SANCHO,,,COLISÃO FRONTAL,1,0,1,0,0,0,0,0,0,0,0,0,0,0,0,0,0,0,1,0,0,0,Cruzamento,Bom,Não existe,Incompleta,Seca,Mal conservada,Não existe,R-6a,40 km/h,Dupla,Não existe,,,
202229306,0,2022-12-08,,COM VÍTIMA,FINALIZADA,SÃO JOSÉ,RUA IMPERIAL,1898,0,,,SÃO JOSÉ,,,COLISÃO LATERAL,1,0,1,0,0,0,0,0,0,0,0,0,0,0,0,0,0,0,1,0,0,0,Longo da via,Bom,Não existe,Não existente,Seca,Perfeito estado,Não existe,Não há placas,,Única,Não existe,,,
202229319,0,2022-12-08,,COM VÍTIMA,FINALIZADA,SÃO JOSÉ,AV MARTINS DE BARROS,593,0,,PROXIMO TOMAIS DE AQUINO,SÃO JOSÉ,,,COLISÃO TRASEIRA,0,0,0,0,0,0,0,0,0,0,2,0,0,0,0,0,0,0,3,0,0,0,Outros,Bom,Sem defeito,Perfeito estado,Seca,Perfeito estado,Outros,R-6c,,Única,Faixa seccionada,,,