Protocolo,,data,hora,natureza_acidente,situacao,bairro,endereco,numero,detalhe_endereco_acidente,complemento,bairro_cruzamento,num_semaforo,sentido_via,tipo,auto,moto,ciclom,ciclista,pedestre,onibus,caminhao,viatura,outros,vitimas,vitimasfatais,acidente_verificado,tempo_clima,situacao_semaforo,sinalizacao,condicao_via,conservacao_via,ponto_controle,situacao_placa,velocidade_max_via,mao_direcao,divisao_via1,divisao_via2,divisao_via3,,,,,,,,,,,,,
202230900,0,2022-12-23,,COM VÍTIMA,CANCELADA,AREIAS,RUA CAMBUCA,142,0,,BOI QUENTE,AREIAS,,,ATROPELAMENTO DE PESSOA,0,0,0,0,0,0,0,0,1,0,1,0,0,0,0,0,0,0,1,0,0,0,,,,,,,,,,,,,,
202230925,0,2022-12-23,,COM VÍTIMA,FINALIZADA,AFOGADOS,RUA COSME VIANA,,,POR TRÁS DO NOVO ATACAREJO- SENTIDO IMBIRIBEIRA,AFOGADOS,,,COLISÃO LATERAL,1,0,1,0,0,0,0,0,0,0,0,0,0,0,0,0,0,0,1,0,0,0,Longo da via,Bom,Não existe,Perfeito estado,Seca,Perfeito estado,Não existe,Outras,,Única,Não existe,,,,
202230926,0,2022-12-23,,COM VÍTIMA,FINALIZADA,IPSEP,AV RECIFE,,,NA ENTRADA DO IBURA DE BAIXO,IPSEP,,,COLISÃO LATERAL,1,0,1,0,0,0,0,0,0,0,0,0,0,0,0,0,0,0,1,0,0,0,Cruzamento,Bom,Sem defeito,Perfeito estado,Seca,Perfeito estado,Outros,Não há placas,60 km/h,Dupla,Canteiro central,,,,
202230928,0,2022-12-23,,COM VÍTIMA,FINALIZADA,BONGI,EST DO BONGI,955,0,,AV. MANOEL GONÇALVES DA LIZ,BONGI,,,QUEDA,0,0,1,0,0,0,0,0,0,0,0,0,0,0,0,0,0,0,1,0,0,0,Esquina,Bom,Não existe,Perfeito estado,Seca,Perfeito estado,Faixa de pedestre,Outras,,Dupla,Faixa contínua,,,
202230957,0,2022-12-23,,COM VÍTIMA,FINALIZADA,SÃO JOSÉ,RUA IMPERIAL,,RUA BOM SUCESSO,PROXIMO AO COLEGIO JOAQUIM NABUCO,SÃO JOSÉ,,SUBURBIO,COLISÃO TRANSVERSAL,1,0,1,0,0,0,0,0,0,0,0,0,0,0,0,0,0,0,1,0,0,0,Cruzamento,Bom,Não existe,Não existente,Seca,Perfeito estado,Não existe,Não há placas,,Única,Faixa seccionada,,,,
202230964,0,2022-12-24,,COM VÍTIMA,FINALIZADA,VÁRZEA,AV AFONSO OLINDENSE,,RUA DONA MARIA LACERDA,ESQUINA C/A RUA DONA MARIA LACERDA - ENTRADA PARA O 12º BATALHÃO DA PMPE,VÁRZEA,,,COLISÃO LATERAL,1,0,1,0,0,0,0,0,0,0,0,0,0,0,0,0,0,0,1,0,0,0,Longo da via,Bom,Não existe,Perfeito estado,Seca,Perfeito estado,Não existe,Não há placas,,Dupla,Faixa contínua,,,,
202230965,0,2022-12-24,,SEM VÍTIMA,FINALIZADA,SANTO AMARO,AV GOVERNADOR AGAMENON MAGALHAES,,AV DR JAYME DA FONTE,AV JAYME DA FONTE - PRÓXMO AO CAMPO DO 11 - SENTIDO OLINDA,SANTO AMARO,,,COLISÃO TRASEIRA,2,0,0,0,0,0,0,0,0,0,0,0,0,0,0,0,0,0,0,0,0,0,,,,,,,,,,,,,,,
202230970,0,2022-12-24,,SEM VÍTIMA,FINALIZADA,BOA VIAGEM,AV FERNANDO SIMOES BARBOSA,558,0,RUA JORGE COUCEIRO DA COSTA EIRAS,,BOA VIAGEM,,SUBURBIO,CHOQUE,1,0,0,0,0,0,0,0,0,0,0,0,0,0,0,0,0,0,0,0,0,0,,Chuvoso,Não existe,Perfeito estado,Molhada,Perfeito estado,Não existe,Não há placas,,Única,Faixa seccionada,,,
202230971,0,2022-12-24,,COM VÍTIMA,FINALIZADA,BOA VIAGEM,AV ENGENHEIRO DOMINGOS FERREIRA,,,COM A RUA ANTONIO FALCÃO,BOA VIAGEM,,,COLISÃO LATERAL,2,0,0,0,0,0,0,0,0,0,0,0,0,0,0,0,0,0,1,0,0,0,Cruzamento,Bom,Sem defeito,Perfeito estado,Seca,Perfeito estado,Faixa de pedestre,R-6a,,Única,Faixa seccionada,,,,
202230978,0,2022-12-24,,COM VÍTIMA,FINALIZADA,BEBERIBE,AV BEBERIBE,1772,0,,OFICINA SÃO MARCOS,BEBERIBE,,,COLISÃO LATERAL,1,0,1,0,0,0,0,0,0,0,0,0,0,0,0,0,0,0,1,0,0,0,Esquina,Bom,Não existe,Perfeito estado,Seca,Perfeito estado,Faixa de pedestre,Outras,,Dupla,Faixa contínua,,,
202230987,0,2022-12-24,,COM VÍTIMA,FINALIZADA,ILHA JOANA BEZERRA,VDO PAPA JOAO PAULO II,,,NA DESCIDA DO VIADUTO APOS A PASSARELA, SENT. BOA VIAGEM,ILHA JOANA BEZERRA,,,COLISÃO TRASEIRA,1,0,1,0,0,0,0,0,0,0,0,0,0,0,0,0,0,0,1,0,0,0,Longo da via,Bom,Não existe,Ilegível,Seca,Mal conservada,Não existe,Não há placas,60 km/h,Dupla,Faixa contínua,,,
202230990,0,2022-12-24,,COM VÍTIMA,FINALIZADA,SANTO AMARO,AV JOAO DE BARROS,,,PG ALTO POSTO,SANTO AMARO,,,COLISÃO LATERAL,1,0,1,0,0,0,0,0,0,0,0,0,0,0,0,0,0,0,2,0,0,0,Cruzamento,Nublado,Sem defeito,Perfeito estado,Seca,Perfeito estado,Faixa de pedestre,Outras,,Única,Faixa seccionada,,,,
202230996,0,2022-12-24,,COM VÍTIMA,FINALIZADA,BOA VIAGEM,RUA RIBEIRO DE BRITO,1084,0,,E/F AO POSTO BR,BOA VIAGEM,,,COLISÃO FRONTAL,1,0,1,0,0,0,0,0,0,0,0,0,0,0,0,0,0,0,1,0,0,0,Cruzamento,Bom,Não existe,Perfeito estado,Seca,Perfeito estado,Faixa de pedestre,Placas Pare,60 km/h,Dupla,Faixa contínua,,,
202231000,0,2022-12-24,,COM VÍTIMA,FINALIZADA,MACAXEIRA,AV NORTE MIGUEL ARRAES DE ALENCAR,,,PATIO URBANO DA MACAXEIRA,MACAXEIRA,,,COLISÃO LATERAL,0,0,2,0,0,0,0,0,0,0,0,0,0,0,0,0,0,0,2,0,0,0,Esquina,Bom,Sem defeito,Perfeito estado,Seca,Perfeito estado,Faixa de pedestre,R-6a,60 km/h,Dupla,Faixa seccionada,Canteiro central,,,
202231017,0,2022-12-24,,COM VÍTIMA,FINALIZADA,BOA VIAGEM,AV CONSELHEIRO AGUIAR,,,E/F AO MERCADO DE BOA VIAGEM SUPER BONPREÇO,BOA VIAGEM,,,QUEDA,0,0,1,0,0,0,0,0,0,0,0,0,0,0,0,0,0,0,1,0,0,0,Longo da via,Bom,Não existe,Perfeito estado,Seca,Perfeito estado,Não existe,R-6a,60 km/h,Única,Faixa seccionada,,,,
202231062,0,2022-12-25,,SEM VÍTIMA,FINALIZADA,IBURA,RUA RIO XINGU,115,0,,EM FRENTE AO Nº 115,IBURA,,SUBURBIO,COLISÃO FRONTAL,0,0,1,0,0,0,0,0,0,0,0,0,0,0,1,0,0,0,0,0,0,0,Longo da via,Bom,Não existe,Não existente,Seca,Mal conservada,Não existe,Não há placas,,Dupla,Não existe,,,
202231063,0,2022-12-25,,COM VÍTIMA,FINALIZADA,AREIAS,AV RECIFE,618,0,,EM FRENTE AO BOMPREÇO,AREIAS,,CAXANGA,COLISÃO TRASEIRA,1,0,1,0,0,0,0,0,0,0,0,0,0,0,0,0,0,0,1,0,0,0,Longo da via,Bom,Sem defeito,Perfeito estado,Seca,Perfeito estado,Faixa de pedestre,Não há placas,60 km/h,Dupla,Faixa contínua,,,
202231088,0,2022-12-25,,COM VÍTIMA,FINALIZADA,IBURA,RUA VALE DO ITAJAI,,,EM FRENTE A PRAÇA DA UR-5,IBURA,,,COLISÃO TRANSVERSAL,1,0,1,0,0,0,0,0,0,0,0,0,0,0,0,0,0,0,2,0,0,0,Longo da via,Bom,Não existe,Incompleta,Seca,Perfeito estado,Não existe,Não há placas,,Inglesa,Não existe,,,,
202231089,0,2022-12-25,,SEM VÍTIMA,FINALIZADA,,RUA LOURDES MARIA WANDERLEY PONTES,35,0,,APÓS A IGREJA ASSEMBLEIA DE DEUS,,,,,0,0,1,0,0,0,0,0,0,0,0,0,0,0,1,0,0,0,0,0,0,0,Longo da via,Bom,Não existe,Não existente,Seca,Mal conservada,Não existe,Não há placas,,Dupla,Não existe,,,
202231103,0,2022-12-26,,SEM VÍTIMA,FINALIZADA,IMBIRIBEIRA,AV MARECHAL MASCARENHAS DE MORAES,,,LADO OPOSTO AO DER,IMBIRIBEIRA,,SUBURBIO,CHOQUE,1,0,0,0,0,0,0,0,0,0,0,0,0,0,0,0,0,0,0,0,0,0,Longo da via,Bom,Não existe,Perfeito estado,Seca,Perfeito estado,Não existe,Outras,60 km/h,Única,Faixa seccionada,,,,
202231104,0,2022-12-26,,COM VÍTIMA,FINALIZADA,SÃO JOSÉ,AV SUL,S/N,,PROX A EMPRESA DE ONIBUS MIL E DOIS, AO LADO DA PRAÇA SÉRGIO LORETO,SÃO JOSÉ,,,COLISÃO LATERAL,1,0,1,0,0,0,0,0,0,0,0,0,0,0,0,0,0,0,1,0,0,0,Longo da via,Bom,Sem defeito,Perfeito estado,Seca,Perfeito estado,Outros,Não há placas,,Única,Faixa contínua,Canteiro central,,
202231108,0,2022-12-26,,COM VÍTIMA,FINALIZADA,CASA AMARELA,AV NORTE MIGUEL ARRAES DE ALENCAR,5121,0,RUA BELA VISTA,EM FRENTE AO RESTAURANTE O REI DA PICANHA,CASA AMARELA,677,0,CIDADE,COLISÃO LATERAL,1,0,1,0,0,0,0,0,0,0,0,0,0,0,0,0,0,0,1,0,0,0,Cruzamento,Bom,Sem defeito,Perfeito estado,Seca,Mal conservada,Faixa de pedestre,Outras,,Dupla,Canteiro central,,
202231123,0,2022-12-26,,COM VÍTIMA,FINALIZADA,TAMARINEIRA,AV CONS ROSA E SILVA,,RUA CONEGO BARATA,PROX. A CASA JOSE ARAUJO,TAMARINEIRA,,,COLISÃO TRASEIRA,1,0,0,0,0,0,0,0,0,0,1,0,0,0,0,0,0,0,2,0,0,0,Cruzamento,Bom,Sem defeito,Perfeito estado,Seca,Perfeito estado,Outros,R-4a,,Única,Canteiro central,,,,
202231158,0,2022-12-26,,COM VÍTIMA,FINALIZADA,BEBERIBE,AV BEBERIBE,,,EM FRENTE A PIZZARIA DO CHICÃO,BEBERIBE,,SUBURBIO,COLISÃO FRONTAL,1,0,1,0,0,0,0,0,0,0,0,0,0,0,0,0,0,0,1,0,0,0,Longo da via,Bom,Não existe,Perfeito estado,Seca,Perfeito estado,Não existe,Não há placas,60 km/h,Dupla,Faixa contínua,,,,
202231159,0,2022-12-26,,COM VÍTIMA,FINALIZADA,TOTÓ,AV LIBERDADE,,,EM FRENTE AO PARQUE DAS FLORES,TOTÓ,,,ATROPELAMENTO DE PESSOA,0,0,0,0,0,0,0,0,1,0,1,0,0,0,0,0,0,0,1,0,0,0,Longo da via,Bom,Não existe,Perfeito estado,Seca,Perfeito estado,Não existe,R-6a,,Dupla,Não existe,,,,
202231183,0,2022-12-27,,COM VÍTIMA,CANCELADA,BOA VIAGEM,AV HERCULANO BANDEIRA,,,AV. DOMINGOS FERREIRA,BOA VIAGEM,,,COLISÃO TRASEIRA,0,0,2,0,0,0,0,0,0,0,0,0,0,0,0,0,0,0,1,0,0,0,,,,,,,,,,,,,,,
202231185,0,2022-12-27,,COM VÍTIMA,CANCELADA,IMBIRIBEIRA,RUA ARQUITETO LUIZ NUNES,1343,0,RUA PROCURADOR GALBA DE ALMEIDA MATOS,EM FRENTE À GURI CONSTRUÇÃO / PRÓX. AO ARMAZÉM DA PIZZA,IMBIRIBEIRA,,,COLISÃO FRONTAL,1,0,1,0,0,0,0,0,0,0,0,0,0,0,0,0,0,0,1,0,0,0,,,,,,,,,,,,,,
202231204,0,2022-12-27,,SEM VÍTIMA,FINALIZADA,BOA VIAGEM,AV ENGENHEIRO DOMINGOS FERREIRA,,,POSTO BR,BOA VIAGEM,484,0,SUBURBIO,COLISÃO TRASEIRA,1,0,0,0,0,0,0,0,0,0,0,0,0,0,1,0,0,0,0,0,0,0,,Bom,Sem defeito,Perfeito estado,Seca,Perfeito estado,Não existe,Não há placas,,Única,Canteiro central,,,
202231206,0,2022-12-27,,COM VÍTIMA,FINALIZADA,MADALENA,AV VISCONDE DE ALBUQUERQUE,,RUA LOPES DE CARVALHO,BAR MADALENA,MADALENA,,,COLISÃO LATERAL,1,0,1,0,0,0,0,0,0,0,0,0,0,0,0,0,0,0,1,0,0,0,Cruzamento,Bom,Não existe,Perfeito estado,Seca,Perfeito estado,Não existe,Placas Pare,,Única,Não existe,,,,
202231207,0,2022-12-27,,COM VÍTIMA,FINALIZADA,TORRE,RUA JOSE BONIFACIO,70,0,,CARREFOUR,TORRE,,,COLISÃO LATERAL,1,0,0,0,0,0,0,0,0,0,0,0,0,0,1,0,0,0,1,0,0,0,Longo da via,Bom,Sem defeito,Perfeito estado,Seca,Perfeito estado,Faixa de pedestre,Outras,,Única,Canteiro central,,,
202231210,0,2022-12-27,,SEM VÍTIMA,FINALIZADA,LINHA DO TIRO,RUA URIEL DE HOLANDA,245,0,,PRÓXIMO A UPINHA LINHA DO TIRO,LINHA DO TIRO,,,,1,0,0,0,0,0,0,0,0,0,0,0,1,0,0,0,0,0,0,0,0,0,Longo da via,Bom,,Perfeito estado,Seca,Perfeito estado,Não existe,Não há placas,,Dupla,,,,
202231222,0,2022-12-27,,COM VÍTIMA,FINALIZADA,CASA AMARELA,RUA PAULA BATISTA,188,0,,PROX A PRAÇA DO TRABALHO  E AO CENTRO ESPIRITA MOACIR,CASA AMARELA,,,COLISÃO LATERAL,2,0,0,0,0,0,0,0,0,0,0,0,0,0,0,0,0,0,1,0,0,0,Cruzamento,Bom,Não existe,Não existente,Seca,Perfeito estado,Não existe,Não há placas,,Dupla,Não existe,,,
202231225,0,2022-12-27,,COM VÍTIMA,CANCELADA,CAMPO GRANDE,RUA ODORICO MENDES,,,NA FRENTE DO CLUBE DAS PAES,CAMPO GRANDE,,,COLISÃO FRONTAL,1,0,1,0,0,0,0,0,0,0,0,0,0,0,0,0,0,0,1,0,0,0,,,,,,,,,,,,,,,
202231233,0,2022-12-27,,COM VÍTIMA,FINALIZADA,CASA FORTE,AV FLOR DE SANTANA,190,0,,EM FRENTE AO EDIFICIO MARIO SOPHIA,CASA FORTE,,,COLISÃO LATERAL,1,0,1,0,0,0,0,0,0,0,0,0,0,0,0,0,0,0,1,0,0,0,Longo da via,Bom,Não existe,Incompleta,Seca,Perfeito estado,Não existe,Não há placas,,Dupla,Não existe,,,
202231234,0,2022-12-27,,SEM VÍTIMA,FINALIZADA,ALTO JOSÉ BONIFÁCIO,RUA CORREGO DO EUCLIDES,641,0,,PRÓXIMO A ESCOLA MUN. CORREGO DO EUCLIDES,ALTO JOSÉ BONIFÁCIO,,CIDADE,CHOQUE,2,0,0,0,0,0,0,0,0,0,0,0,0,0,0,0,0,0,0,0,0,0,Longo da via,Chuvoso,Não existe,Não existente,Molhada,Mal conservada,Não existe,Não há placas,,Dupla,Não existe,,,
202231246,0,2022-12-27,,SEM VÍTIMA,FINALIZADA,JORDÃO,RUA DR ALVARO FERRAZ,,RUA JOSE MARTORANO,PROX AO TERMINAL DE JORDÃO DE BAIXO,JORDÃO,,,COLISÃO FRONTAL,1,0,1,0,0,0,0,0,0,0,0,0,0,0,0,0,0,0,0,0,0,0,,,,,,,,,,,,,,,
202231247,0,2022-12-27,,COM VÍTIMA,FINALIZADA,IMBIRIBEIRA,VIADUTO TANCREDO NEVES,,,DESCIDA DO VIATUTO - SENTIDO RUA ERNESTO DE PAULA SANTOS - PRÓXIMO A ENTRADA DO ATACADÃO,IMBIRIBEIRA,,,COLISÃO TRASEIRA,1,0,1,0,0,0,0,0,0,0,0,0,0,0,0,0,0,0,1,0,0,0,Longo da via,Bom,Não existe,Perfeito estado,Seca,Perfeito estado,Não existe,Não há placas,,Única,Faixa seccionada,Canteiro central,,,
202231287,0,2022-12-28,,SEM VÍTIMA,FINALIZADA,,RUA SANTA RITA,190,0,,EM FRENTE A SANTA RITA PESCADOS,,,CIDADE,COLISÃO TRASEIRA,2,0,0,0,0,0,0,0,0,0,0,0,0,0,0,0,0,0,0,0,0,0,Longo da via,Bom,Não existe,Perfeito estado,Seca,Perfeito estado,Não existe,Não há placas,,Única,Não existe,,,
202231323,0,2022-12-28,,COM VÍTIMA,FINALIZADA,BOMBA DO HEMETÉRIO,RUA CHA DE ALEGRIA,107,0,,E/F AO ARMAZEM CARVALHO,BOMBA DO HEMETÉRIO,,,COLISÃO COM CICLISTA,0,0,0,0,0,0,1,0,0,0,1,0,0,0,0,0,0,0,1,0,0,0,Esquina,Bom,Não existe,Perfeito estado,Seca,Perfeito estado,Não existe,Placas Pare,,Dupla,Não existe,,,
202231336,0,2022-12-29,,COM VÍTIMA,FINALIZADA,BOA VIAGEM,RUA CORONEL ANIZIO RODRIGUES COELHO,,RUA RIBEIRO DE BRITO,PRÓXIMO AO VIADUTO,BOA VIAGEM,,,COLISÃO FRONTAL,0,0,0,0,0,0,0,0,0,0,0,0,0,0,0,0,0,0,1,0,0,0,Cruzamento,Chuvoso,Sem defeito,Perfeito estado,Molhada,Perfeito estado,Faixa de pedestre,,,Única,Faixa seccionada,,,,
202231354,0,2022-12-29,,SEM VÍTIMA,FINALIZADA,LINHA DO TIRO,RUA URIEL DE HOLANDA,1252,0,,SEMÁFORO 641,LINHA DO TIRO,641,0,,,1,0,0,0,0,0,0,0,0,0,0,0,1,0,0,0,0,0,0,0,0,0,Longo da via,Bom,Sem defeito,Ilegível,Seca,Mal conservada,Não existe,,30 km/h,Dupla,Não existe,,
202231374,0,2022-12-29,,COM VÍTIMA,CANCELADA,BOA VIAGEM,AV CONSELHEIRO AGUIAR,456,0,,EM FRENTE AO EMPRESARIAL ALACOQUE BEZERRA,BOA VIAGEM,,,COLISÃO LATERAL,1,0,1,0,0,0,0,0,0,0,0,0,0,0,0,0,0,0,1,0,0,0,,,,,,,,,,,,,,
202231376,0,2022-12-29,,COM VÍTIMA,FINALIZADA,ENGENHO DO MEIO,RUA JOSE DOS SANTOS,27,0,,EM FRENTE AO TERMINAL DO ENGENHO DO MEIO,ENGENHO DO MEIO,,,COLISÃO LATERAL,2,0,0,0,0,0,0,0,0,0,0,0,0,0,0,0,0,0,1,0,0,0,,,,,,,,,,,,,,
202231387,0,2022-12-29,,COM VÍTIMA,FINALIZADA,SANTO AMARO,RUA DOS PALMARES,,,EM FRENTE AO PROCAPE,SANTO AMARO,526,0,,COLISÃO LATERAL,1,0,1,0,0,0,0,0,0,0,0,0,0,0,0,0,0,0,2,0,0,0,Cruzamento,Bom,Sem defeito,Perfeito estado,Seca,Perfeito estado,Faixa de pedestre,,,Única,Faixa seccionada,,,
202231391,0,2022-12-29,,COM VÍTIMA,FINALIZADA,MACAXEIRA,AV NORTE MIGUEL ARRAES DE ALENCAR,,,EM FRENTE A FABRICA DA MACAXEIRA,MACAXEIRA,451,0,,COLISÃO FRONTAL,1,0,1,0,0,0,0,0,0,0,0,0,0,0,0,0,0,0,1,0,0,0,Longo da via,Bom,Sem defeito,Perfeito estado,Seca,Perfeito estado,,,20 km/h,Dupla,Faixa contínua,Canteiro central,,
202231397,0,2022-12-29,,COM VÍTIMA,FINALIZADA,VÁRZEA,AV PROFESSOR ARTUR DE SA,240,0,,PROXIMO AO HOSPITAL DAS CLINICAS,VÁRZEA,,,COLISÃO LATERAL,1,0,1,0,0,0,0,0,0,0,0,0,0,0,0,0,0,0,1,0,0,0,Longo da via,Bom,Não existe,Perfeito estado,Seca,Perfeito estado,Não existe,Não há placas,,Dupla,Faixa contínua,,,
202231400,0,2022-12-29,,COM VÍTIMA,FINALIZADA,MADALENA,AV CAXANGA,1018,0,,EM FRENTE À FACULDADE SANTA HELENA,MADALENA,,SUBURBIO,COLISÃO TRASEIRA,1,0,1,0,0,0,0,0,0,0,0,0,0,0,0,0,0,0,1,0,0,0,Longo da via,Bom,Não existe,Perfeito estado,Seca,Perfeito estado,Não existe,Outras,,Dupla,Canteiro central,,,
202231411,0,2022-12-29,,COM VÍTIMA,CANCELADA,AREIAS,AV RECIFE,712,0,,CLINICA OK DOUTOR,AREIAS,,,QUEDA,0,0,1,0,0,0,0,0,0,0,0,0,0,0,0,0,0,0,1,0,0,0,,,,,,,,,,,,,,
202231414,0,2022-12-29,,COM VÍTIMA,FINALIZADA,CORDEIRO,AV CAXANGA,,,EM FRENTE  A EXPOSIÇÃO DE ANIMAIS (LADO OPOSTO),CORDEIRO,,CIDADE,COLISÃO TRASEIRA,1,0,1,0,0,0,0,0,0,0,0,0,0,0,0,0,0,0,1,0,0,0,,,,,,,,,,,,,,,
202231415,0,2022-12-29,,SEM VÍTIMA,FINALIZADA,IBURA,AV DOM HELDER CAMARA,,,APÓS O SEMÁFORO Nº 016,IBURA,,SUBURBIO,COLISÃO TRASEIRA,2,0,0,0,0,0,0,0,0,0,0,0,0,0,0,0,0,0,0,0,0,0,Longo da via,Bom,Não existe,Perfeito estado,Seca,Perfeito estado,Outros,,,Única,Faixa contínua,,,,
202231428,0,2022-12-30,,COM VÍTIMA,FINALIZADA,BEBERIBE,AV BEBERIBE,565,0,RUA DR EDUARDO WANDERLEY,PROX. A CASA DE FESTA ESTRELINHA KIDS,BEBERIBE,480,0,CIDADE,COLISÃO LATERAL,1,0,1,0,0,0,0,0,0,0,0,0,0,0,0,0,0,0,2,0,0,0,Esquina,Bom,Sem defeito,Perfeito estado,Seca,Perfeito estado,Faixa de pedestre,R-19,60 km/h,Dupla,Faixa contínua,Faixa seccionada,
202231451,0,2022-12-30,,SEM VÍTIMA,FINALIZADA,SÃO JOSÉ,AV DANTAS BARRETO,1296,0,RUA DO PEIXOTO,,SÃO JOSÉ,,SUBURBIO,CHOQUE,1,0,0,0,0,0,0,0,0,0,0,0,0,0,0,0,0,0,0,0,0,0,Longo da via,Bom,Sem defeito,Perfeito estado,Seca,Perfeito estado,Não existe,Não há placas,,Dupla,Canteiro central,,,
202231475,0,2022-12-30,,COM VÍTIMA,CANCELADA,ILHA DO RETIRO,RUA SPORT CLUBE DO RECIFE,,,DE FRENTE AO CLUBE DO SPORT,ILHA DO RETIRO,,,COLISÃO TRASEIRA,1,0,1,0,0,0,0,0,0,0,0,0,0,0,0,0,0,0,1,0,0,0,,,,,,,,,,,,,,,
202231478,0,2022-12-30,,COM VÍTIMA,FINALIZADA,CASA AMARELA,RUA PADRE LEMOS,,,EM FRENTE AS CASAS BAHIA,CASA AMARELA,,SUBURBIO,ATROPELAMENTO DE PESSOA,1,0,0,0,0,0,0,0,1,0,0,0,0,0,0,0,0,0,1,0,0,0,Longo da via,Bom,Não existe,Perfeito estado,Seca,Mal conservada,Não existe,Outras,,Dupla,Não existe,,,,
202231486,0,2022-12-30,,SEM VÍTIMA,FINALIZADA,DERBY,RUA JORNALISTA PAULO BITTENCOURT,241,0,,MEDCENTER,DERBY,,SUBURBIO,COLISÃO TRASEIRA,1,0,0,0,0,0,0,0,0,0,0,0,0,0,1,0,0,0,0,0,0,0,Longo da via,Bom,Não existe,Perfeito estado,Seca,Perfeito estado,,,,,,,,
202231499,0,2022-12-30,,SEM VÍTIMA,CANCELADA,CAMPO GRANDE,AV GOVERNADOR AGAMENON MAGALHAES,,,EM FRENTE AO POSTO DE GASOLINA BR,CAMPO GRANDE,,CIDADE,COLISÃO LATERAL,0,0,1,0,0,0,0,0,0,0,0,0,0,0,1,0,0,0,0,0,0,0,,,,,,,,,,,,,,,
202231500,0,2022-12-30,,SEM VÍTIMA,FINALIZADA,PAISSANDU,PTE JOSE DE BARROS LIMA,,,SINISTRO COM UM CAMINHÃO  PLACA RHT5182 /NISSAN MRCH PLACA ISY1015, HOUVE ACORDO ENTRE AS PARTES , E SE COMPROMETERAM A FAZER  BATE PRONTO INFORMADO PO VINICIUS,PAISSANDU,,SUBURBIO,COLISÃO LATERAL,1,0,0,0,0,0,0,0,0,0,0,0,1,0,0,0,0,0,0,0,0,0,,,,,,,,,,,,,
202231501,0,2022-12-30,,COM VÍTIMA,FINALIZADA,IBURA,AV DOIS RIOS,1059,0,,PROX A FARMACIA PAGUE MENOS,IBURA,323,0,SUBURBIO,COLISÃO LATERAL,1,0,1,0,0,0,0,0,0,0,0,0,0,0,0,0,0,0,1,0,0,0,Longo da via,Bom,Sem defeito,Ilegível,Seca,Perfeito estado,Faixa de pedestre,Não há placas,40 km/h,Dupla,Faixa contínua,,
202231504,0,2022-12-30,,COM VÍTIMA,CANCELADA,IBURA,AV DOIS RIOS,1289,0,,PRÓXIMO AO POSTO BR,IBURA,,,COLISÃO FRONTAL,1,0,1,0,0,0,0,0,0,0,0,0,0,0,0,0,0,0,1,0,0,0,,,,,,,,,,,,,,
202231512,0,2022-12-31,,COM VÍTIMA,FINALIZADA,IMBIRIBEIRA,AV MARECHAL MASCARENHAS DE MORAES,,,EM FRENTE AO AEROPORTO, PARTE DESATIVADA,IMBIRIBEIRA,,SUBURBIO,COLISÃO FRONTAL,1,0,1,0,0,0,0,0,0,0,0,0,0,0,0,0,0,0,1,0,0,0,Longo da via,Bom,Não existe,Perfeito estado,Seca,Perfeito estado,Não existe,,,Única,Faixa seccionada,,,
202231513,0,2022-12-31,,COM VÍTIMA,FINALIZADA,DERBY,PRC PROFESSOR AGEU MAGALHAES,,,EM FRENTE AO  QUARTEL DO DERBY,DERBY,,,COLISÃO FRONTAL,0,0,1,0,0,0,0,0,0,0,1,0,0,0,0,0,0,0,2,0,0,0,Longo da via,Bom,Sem defeito,Perfeito estado,Seca,Perfeito estado,Faixa de pedestre,Não há placas,,Única,,,,,
202231531,0,2022-12-31,,SEM VÍTIMA,FINALIZADA,BOA VISTA,AV GOVERNADOR AGAMENON MAGALHAES,2997,0,RUA DR LEOPOLDO LINS,EM FRENTE A CAIXA ENONOMICA FEDERAL,BOA VISTA,78,0,SUBURBIO,,1,0,0,0,0,0,0,0,0,0,0,0,0,0,1,0,0,0,0,0,0,0,Cruzamento,Bom,Sem defeito,Perfeito estado,Seca,Perfeito estado,Não existe,Não há placas,,Única,Canteiro central,,
202231535,0,2022-12-31,,COM VÍTIMA,FINALIZADA,CABANGA,AV SATURNINO DE BRITO,401,0,,EM FRENTE A COMPESA/ SENTIDO BOA VIAGEM,CABANGA,661,0,SUBURBIO,COLISÃO LATERAL,1,0,1,0,0,0,0,0,0,0,0,0,0,0,0,0,0,0,1,0,0,0,Longo da via,Bom,Sem defeito,Perfeito estado,Seca,Perfeito estado,Faixa de pedestre,R-19,60 km/h,Única,Faixa seccionada,,
202231553,0,2022-12-31,,COM VÍTIMA,FINALIZADA,CABANGA,VIADUTO CAPITAO TEMUDO,,,PROX AO CABAGA IATE CLUB,CABANGA,,SUBURBIO,COLISÃO TRANSVERSAL,0,0,2,0,0,0,0,0,0,0,0,0,0,0,0,0,0,0,3,0,0,0,Longo da via,Chuvoso,Não existe,Perfeito estado,Molhada,Perfeito estado,Não existe,Não há placas,,Dupla,Faixa seccionada,,,,
202231555,0,2022-12-31,,SEM VÍTIMA,CANCELADA,LINHA DO TIRO,RUA ALTO DO TIRO,,,AO DO CAMPO DO CAFÉ ,,LINHA DO TIRO,,,COLISÃO LATERAL,1,0,1,0,0,0,0,0,0,0,0,0,0,0,0,0,0,0,0,0,0,0,,,,,,,,,,,,,,